original	chain_o	template	chain_t	variation	ddG	wt_aa	mut_aa	res_o	res_t	res_m	T	pH	ddg_o	ddg_t	ddg_af	ddg_tasser
1aky	A	2c9y	A	V8I	1.195	V	I	8	19	8	25	7.5	4.3263	3.3955	6.8246	6.1651
1aky	A	2c9y	A	N169D	2.1511	N	D	169	179	169	25	7.5	1.0317	0.4452	1.3384	1.8257
1ank	A	3x2s	A	D84H	1.4101	D	H	84	84	84	52	7.2	1.9471	1.5555	0.8533	2.052
1ank	A	3x2s	A	R88G	0.1912	R	G	88	88	88	52	7.4	4.2294	3.7911	3.0221	2.5701
1ayf	A	7m8i	A	T54A	1.4818	T	A	54	114	51	25	8.5	0.8573	2.5941	0.1271	-0.4132
1ayf	A	7m8i	A	T54S	0.1195	T	S	54	114	51	25	8.5	0.4389	1.1685	0.3409	0.2502
1ayf	A	7m8i	A	H56Q	2.175	H	Q	56	116	53	25	8.5	3.6799	2.488	3.7318	4.5771
1ayf	A	7m8i	A	H56T	1.4101	H	T	56	116	53	25	8.5	0.3523	-3.4895	-1.3475	-1.1178
1ayf	A	7m8i	A	D76E	0.478	D	E	76	136	73	25	8.5	-0.415	3.9632	-0.5529	-1.3555
1ayf	A	7m8i	A	Y82L	0.6931	Y	L	82	142	79	25	8.5	-0.4224	6.4159	0.3517	-0.4326
1ayf	A	7m8i	A	Y82S	0.6453	Y	S	82	142	79	25	8.5	-0.0502	4.4551	0.3505	-0.167
1ayf	A	7m8i	A	C95S	-0.9321	C	S	95	155	92	25	8.5	0.322	0.3728	0.1904	-0.4349
1bni	A	2rbi	A	D8A	0.5975	D	A	8	7	8	25	6.3	1.5709	2.2675	2.7041	0.5084
1bni	A	2rbi	A	D8G	1.0038	D	G	8	7	8	25	6.3	3.2974	3.4291	3.8378	1.5538
1bni	A	2rbi	A	D12G	0.5975	D	G	12	11	12	25	4.4	2.4424	2.8112	2.5804	0.4224
1bni	A	2rbi	A	L14A	4.2065	L	A	14	13	14	25	6.3	5.4093	6.0904	6.3367	5.7479
1bni	A	2rbi	A	Y17A	1.8881	Y	A	17	16	17	25	6.3	3.5209	3.2131	3.3071	2.6739
1bni	A	2rbi	A	D22M	0.0956	D	M	22	21	22	25	4.4	1.2238	2.0001	0.578	0.2536
1bni	A	2rbi	A	T26G	1.8881	T	G	26	25	26	25	4.4	3.151	3.1812	2.8962	1.2169
1bni	A	2rbi	A	I51V	1.8642	I	V	51	50	51	25	4.4	1.8491	1.7636	1.8838	1.5601
1bni	A	2rbi	A	G53A	3.3939	G	A	53	52	53	54	6.3	11.0557	4.6786	6.5681	0.6749
1bni	A	2rbi	A	D54N	2.3901	D	N	54	53	54	25	4.4	1.6444	1.4153	1.3783	0.2508
1bni	A	2rbi	A	R69M	2.6769	R	M	69	68	69	25	4.4	2.8112	2.6499	-1.783	-4.2169
1bni	A	2rbi	A	R83Q	1.4101	R	Q	83	82	83	25	4.4	4.9704	-1.7795	5.8738	3.8093
1bni	A	2rbi	A	S91A	1.3862	S	A	91	90	91	25	4.4	0.2542	-1.2392	-1.2301	-2.3119
1bni	A	2rbi	A	S92A	2.653	S	A	92	91	92	25	4.4	1.3862	0.6851	0.782	-1.1007
1bni	A	2rbi	A	I96V	0.9082	I	V	96	95	96	25	6.3	1.1047	1.4489	1.1269	0.6618
1c8c	A	1bf4	A	W24A	0.7409	W	A	24	24	24	25	7	5.704	4.5668	3.9695	1.6274
1c8c	A	1bf4	A	I30V	0.7409	I	V	30	30	30	25	7	-3.0683	1.0317	10.732	-5.9377
1c8c	A	1bf4	A	F32Y	2.1511	F	Y	32	32	32	25	7.2	1.5065	2.1956	3.2234	0.9536
1c9o	A	2i5l	X	E12K	0.4302	E	K	12	12	12	75	7	0.1773	0.322	0.1505	0.2303
1c9o	A	2i5l	X	E21A	0.2868	E	A	21	21	21	70	7	0.7136	0.7923	0.7507	0.0844
1c9o	A	2i5l	X	E21K	0.2629	E	K	21	21	21	75	7	0.1362	0.1379	0.2018	-0.1277
1c9o	A	2i5l	X	H29E	0.7648	H	E	29	29	29	75	7	1.7066	1.9317	0.8522	1.4512
1c9o	A	2i5l	X	E36K	0.1912	E	K	36	36	36	75	7	0.1049	0.0695	0.1237	0.0855
1c9o	A	2i5l	X	E50K	0.5019	E	K	50	50	50	75	7	0.3306	1.3418	-0.2029	0.4184
1c9o	A	2i5l	X	N55K	-0.0956	N	K	55	55	55	75	7	-0.11	0.1659	-0.1089	0.6469
1c9o	A	2i5l	X	R56E	-0.7648	R	E	56	56	56	75	7	-0.3967	-0.6646	-0.1847	-1.071
1csp	A	3i2z	A	N10D	-0.6692	N	D	10	12	10	55	7.5	-0.4811	-0.4879	-0.1892	1.5453
1csp	A	3i2z	A	F15A	2.2706	F	A	15	17	15	25	7	2.398	1.9904	2.2287	1.6798
1csp	A	3i2z	A	F17A	1.5296	F	A	17	19	17	25	7	3.5237	2.4721	2.5872	0.729
1csp	A	3i2z	A	D25Q	0.8126	D	Q	25	28	25	55	7.5	0.5176	1.6918	1.2061	-1.2871
1csp	A	3i2z	A	F27A	0.8365	F	A	27	30	27	25	7	2.8597	2.5342	2.7121	2.451
1csp	A	3i2z	A	F38A	-0.1434	F	A	38	41	38	25	7	0.7912	0.749	0.961	-1.4033
1csp	A	3i2z	A	E43S	-0.2868	E	S	43	46	43	70	7	0.2656	0.5147	0.4132	1.0328
1csp	A	3i2z	A	E50Q	1.2189	E	Q	50	53	50	55	7.5	-0.0861	0.0085	-1.897	-0.2576
1csp	A	3i2z	A	T64R	-1.0755	T	R	64	67	64	70	7	-0.7005	2.0172	-0.4395	-1.1149
1cyo	A	3x32	A	V45E	2.3662	V	E	45	50	45	71	7	1.2295	0.9114	0.977	0.635
1cyo	A	3x32	A	V45H	1.3623	V	H	45	50	45	71	7	1.5407	1.3087	2.3022	-0.1613
1cyo	A	3x32	A	V45Y	1.5296	V	Y	45	50	45	71	7	1.3064	1.3178	1.673	-1.3708
1cyo	A	3x32	A	V61E	1.0994	V	E	61	66	61	71	7	0.8026	1.0847	0.5791	0.6811
1cyo	A	3x32	A	V61H	1.6252	V	H	61	66	61	71	7	-0.9496	0.4463	0.6595	0.4606
1cyo	A	3x32	A	V61K	2.3423	V	K	61	66	61	71	7	0.2822	1.4033	1.132	2.0674
1cyo	A	3x32	A	V61Y	1.2906	V	Y	61	66	61	71	7	0.1596	0.6173	-0.5683	-0.7136
1e0w	A	2g3i	A	W85A	-1.0755	W	A	85	85	85	68	6	2.7104	2.5148	2.5684	6.0904
1e0w	A	2g3i	A	Y172A	2.7725	Y	A	172	172	172	68	6	2.9515	2.1079	2.8095	1.4649
1e0w	A	2g3i	A	Y172F	0.5019	Y	F	172	172	172	68	6	2.4909	2.0338	2.3005	0.8863
1e0w	A	2g3i	A	Y172S	-0.8604	Y	S	172	172	172	68	6	4.0293	3.2558	3.6087	1.4757
1e0w	A	2g3i	A	W266A	2.5813	W	A	266	266	266	68	6	2.7554	2.557	4.2984	-1.0573
1e0w	A	2g3i	A	W266F	1.8164	W	F	266	266	266	68	6	0.981	0.5141	1.6023	3.0045
1e0w	A	2g3i	A	W266H	3.9914	W	H	266	266	266	68	6	2.785	2.2737	3.5443	0.7752
1e0w	A	2g3i	A	W274A	-2.2706	W	A	274	274	274	68	6	3.689	3.2376	1.596	1.3914
1e0w	A	2g3i	A	W274F	-0.4302	W	F	274	274	274	68	6	2.8614	0.35	1.9044	0.8989
1e0w	A	2g3i	A	W274H	-0.1434	W	H	274	274	274	68	6	3.0729	0.9832	2.1905	1.1428
1f6r	A	1hfy	A	H32A	2.1272	H	A	32	32	32	56	7.4	2.4082	2.1882	2.4299	0.8527
1f6r	A	1hfy	A	H32Y	-0.0717	H	Y	32	32	32	56	7.4	-2.3877	-1.702	-2.2715	-2.3302
1f6r	A	1hfy	A	V42A	0.9321	V	A	42	42	42	56	7.4	2.1101	1.938	1.8189	2.1985
1f6r	A	1hfy	A	V42G	1.1472	V	G	42	42	42	56	7.4	4.9647	4.3742	4.8775	4.4323
1f6r	A	1hfy	A	V42N	0.239	V	N	42	42	42	56	7.4	0.6544	2.227	2.3433	2.5564
1f6r	A	1hfy	A	Q54A	0.4063	Q	A	54	54	54	56	7.4	0.9223	1.0477	1.5002	-6.046
1f6r	A	1hfy	A	Y103A	2.5574	Y	A	103	103	103	56	7.4	3.929	6.3059	5.3398	5.2246
1f6r	A	1hfy	A	W104Y	2.4379	W	Y	104	104	104	56	7.4	3.7757	6.514	5.3056	4.0402
1f6r	A	1hfy	A	A106S	1.0516	A	S	106	106	106	56	7.4	1.8166	0.6184	1.8998	0.5575
1f6r	A	1hfy	A	H107A	0.7887	H	A	107	107	107	56	7.4	1.7698	0.5837	2.5297	0.0598
1f6r	A	1hfy	A	H107W	1.7208	H	W	107	107	107	56	7.4	-1.8707	1.0306	-1.6057	1.3674
1f6r	A	1hfy	A	H107Y	0.1912	H	Y	107	107	107	56	7.4	0.7467	-0.2075	-0.7319	-0.2383
1f6r	A	1hfy	A	L110E	0.1912	L	E	110	110	110	56	7.4	1.9785	1.3566	2.1894	1.8154
1f6r	A	1hfy	A	L110H	-1.3862	L	H	110	110	110	56	7.4	0.1009	2.1386	0.5882	1.9249
1f6r	A	1hfy	A	L110R	-0.4302	L	R	110	110	110	56	7.4	0.2639	2.3666	1.7277	2.2977
1f6r	A	1hfy	A	K114E	0.6453	K	E	114	114	114	56	7.4	0.4372	0.1664	0.2924	0.1847
1f6r	A	1hfy	A	K114N	-2.653	K	N	114	114	114	56	7.4	-0.3682	-0.5278	-0.4269	-0.855
1f6r	A	1hfy	A	K114Q	0.5975	K	Q	114	114	114	56	7.4	0.5706	0.5347	0.4189	0.6526
1f6r	A	1hfy	A	Q117A	0.956	Q	A	117	117	117	56	7.4	1.3441	0.7	1.1372	1.2449
1f6r	A	1hfy	A	W118H	0.5975	W	H	118	118	118	56	7.4	3.9056	4.2853	4.0869	1.3099
1f6r	A	1hfy	A	W118Y	1.1711	W	Y	118	118	118	56	7.4	1.0488	-0.7473	1.9899	-1.1275
1fvk	A	3l9s	A	P151A	6.8117	P	A	151	150	151	-	7	4.2083	5.2292	2.8597	2.3587
1gv5	A	1h8a	C	V103I	-0.717	V	I	103	103	14	25	7	0.9496	0.7102	2.3763	0.7079
1hfy	A	1hfz	A	T38A	1.6013	T	A	38	38	38	59	7	1.205	0.9627	1.3532	-0.1733
1io2	A	1uax	A	D7N	-1.673	D	N	7	7	7	50	9	-0.7632	-0.8613	-0.7433	-1.576
1io2	A	1uax	A	E8A	-2.653	E	A	8	8	8	50	9	-1.6963	-6.0089	-1.4723	-0.2092
1io2	A	1uax	A	I15A	2.1272	I	A	15	15	15	50	9	5.7256	6.9494	6.3156	-6.7511
1io2	A	1uax	A	L33A	4.5411	L	A	33	33	33	50	9	6.2563	7.7651	7.0549	6.6285
1io2	A	1uax	A	I102A	4.0392	I	A	102	102	102	50	9	6.832	7.0646	7.1358	6.4718
1io2	A	1uax	A	D105A	-1.5774	D	A	105	105	105	50	9	0.8618	1.3857	0.688	-1.238
1io2	A	1uax	A	D135A	-2.5574	D	A	135	135	135	50	9	-2.1871	-1.5196	-1.9118	-0.5261
1jiw	I	1smp	I	A8P	0.1912	A	P	8	8	8	25	7.1	5.6846	1.702	5.4726	3.0404
1jiw	I	1smp	I	W15F	2.2945	W	F	15	15	15	25	7.1	3.5374	3.005	11.5738	3.0751
1ke4	A	6wgq	A	Y150F	0.6931	Y	F	150	166	147	55	6.8	0.3426	-0.6954	-0.8436	4.6347
1kf2	A	6qmn	A	V47A	3.7285	V	A	47	47	47	40	5	5.6698	4.7903	5.5324	5.1414
1kf2	A	6qmn	A	V54A	2.5813	V	A	54	54	54	40	5	4.3468	7.9447	4.2915	3.4382
1kf2	A	6qmn	A	V54G	4.8757	V	G	54	54	54	40	5	7.8421	11.2552	7.8626	6.6097
1kf2	A	6qmn	A	V54I	1.9598	V	I	54	54	54	40	5	5.1226	2.9714	10.7998	1.2996
1kf2	A	6qmn	A	V54L	1.0755	V	L	54	54	54	40	5	9.8832	3.6275	10.6983	7.5821
1kf2	A	6qmn	A	V57A	2.8442	V	A	57	57	57	40	5	-0.7609	0.1721	3.0666	2.809
1kf2	A	6qmn	A	V57G	5.521	V	G	57	57	57	40	5	2.5388	3.3636	6.5219	5.4207
1kf2	A	6qmn	A	V57I	1.2906	V	I	57	57	57	40	5	2.0007	-4.23	9.4449	8.5278
1kf2	A	6qmn	A	V63A	2.0315	V	A	63	63	63	40	5	4.3862	4.5041	4.2328	2.1871
1kf2	A	6qmn	A	V63G	3.4895	V	G	63	63	63	40	5	6.9791	6.832	6.9335	3.2775
1kf2	A	6qmn	A	A64G	0.4302	A	G	64	64	64	40	5	1.6222	1.4923	1.4672	1.4438
1kf2	A	6qmn	A	I81A	2.9876	I	A	81	81	81	40	5	4.7287	4.572	4.9858	3.6537
1kf2	A	6qmn	A	I81G	4.804	I	G	81	81	81	40	5	7.8466	7.1113	8.2639	6.5749
1kf2	A	6qmn	A	I81V	0.4302	I	V	81	81	81	40	5	0.3112	-0.1801	0.8476	-0.2576
1kf2	A	6qmn	A	Y97F	3.5373	Y	F	97	97	97	64	5	1.0271	0.7222	1.4506	1.8405
1kf2	A	6qmn	A	I106A	4.3738	I	A	106	106	106	40	5	6.372	3.8686	11.1087	-2.2897
1kf2	A	6qmn	A	I106L	1.7925	I	L	106	106	106	40	5	6.5835	0.342	8.7774	-3.6092
1kf2	A	6qmn	A	I106V	0.7887	I	V	106	106	106	40	5	1.417	1.8719	1.5704	-1.9882
1kf2	A	6qmn	A	I107A	2.8442	I	A	107	107	107	40	5	5.7427	5.2822	5.3569	5.8117
1kf2	A	6qmn	A	I107V	0.0717	I	V	107	107	107	40	5	0.6982	0.5535	0.6065	0.7176
1kf2	A	6qmn	A	V108A	4.2065	V	A	108	108	108	40	5	2.0782	2.8928	5.8824	-1.665
1kf2	A	6qmn	A	V108I	0.4302	V	I	108	108	108	40	5	3.6936	0.9234	2.5775	0.1966
1kf2	A	6qmn	A	V108L	0.6931	V	L	108	108	108	40	5	1.779	2.7736	3.428	6.718
1kf2	A	6qmn	A	A109G	0.4302	A	G	109	109	109	40	5	3.978	3.1949	3.7221	6.7368
1kf2	A	6qmn	A	V118A	1.912	V	A	118	116	118	40	5	3.8954	3.8042	3.2849	2.6488
1kf2	A	6qmn	A	V118G	2.7725	V	G	118	116	118	40	5	5.8801	5.981	5.7382	5.4264
1kf3	A	6qmn	A	F46V	4.5411	F	V	46	46	46	25	6	6.2364	7.6933	6.2227	3.9273
1kf3	A	6qmn	A	N67D	-0.6214	N	D	67	67	67	25	6	1.9842	1.8092	1.8588	0.6213
1kf3	A	6qmn	A	S75A	2.5096	S	A	75	75	75	-	6	0.2861	0.1015	-0.2434	-0.159
1lni	A	1mgr	A	T18V	1.4101	T	V	18	21	18	48	7	4.8211	2.7451	5.574	7.4983
1lni	A	1mgr	A	D33A	4.0392	D	A	33	36	33	25	7	2.3889	3.5557	3.998	1.0072
1lni	A	1mgr	A	V36T	1.2906	V	T	36	39	36	48	7	1.3133	1.0174	1.4102	0.908
1lni	A	1mgr	A	Q38A	-1.0038	Q	A	38	41	38	49	7	1.0693	0.444	2.1244	0.1864
1lni	A	1mgr	A	N39A	2.1989	N	A	39	42	39	48	7	4.1331	4.1775	4.1661	1.376
1lni	A	1mgr	A	N39D	1.5057	N	D	39	42	39	48	7	2.8853	3.6662	2.8141	2.3324
1lni	A	1mgr	A	N39S	2.2945	N	S	39	42	39	48	7	5.3044	5.2525	5.0924	2.7463
1lni	A	1mgr	A	E41K	0.6931	E	K	41	44	41	49	7	-1.3783	-0.5814	-0.2155	-0.2628
1lni	A	1mgr	A	E54Q	1.6969	E	Q	54	57	54	49	7	-1.3851	-0.733	1.018	-0.1505
1lni	A	1mgr	A	T56V	1.8881	T	V	56	59	56	48	7	1.8474	1.8023	3.5351	0.7547
1lni	A	1mgr	A	V57T	4.3977	V	T	57	60	57	48	7	4.2197	4.2682	4.1291	4.6119
1lni	A	1mgr	A	T59V	1.6969	T	V	59	62	59	48	7	-2.1221	-1.6353	-2.089	-2.284
1lni	A	1mgr	A	R65A	1.0038	R	A	65	68	65	49	7	1.5316	0.5164	2.7029	-1.2261
1lni	A	1mgr	A	T72V	0.1912	T	V	72	75	72	48	7	0.0855	-1.531	-0.5569	4.3138
1lni	A	1mgr	A	D79A	-1.4818	D	A	79	82	79	25	7	0.0524	-1.9916	0.5478	1.2454
1lni	A	1mgr	A	D79E	-1.2667	D	E	79	82	79	25	7	3.477	3.8293	3.8828	4.4084
1lni	A	1mgr	A	D79H	-1.2189	D	H	79	82	79	25	7	-1.7812	-2.28	-1.7402	-0.2901
1lni	A	1mgr	A	D79N	-1.2189	D	N	79	82	79	25	7	-0.8071	-1.0186	-0.7917	1.0488
1lni	A	1mgr	A	T82V	1.6969	T	V	82	85	82	48	7	1.3982	8.3756	6.095	-2.5975
1lni	A	1mgr	A	H85Q	0.0	H	Q	85	88	85	49	7	0.3443	4.7658	7.4932	0.1391
1lz1	A	1bb6	A	K1A	2.2945	K	A	1	1	1	25	2.7	1.47	1.6661	1.5458	-2.9355
1lz1	A	1bb6	A	K1M	1.3862	K	M	1	1	1	25	2.7	0.9097	1.4649	1.136	0.916
1lz1	A	1bb6	A	V2A	0.7648	V	A	2	2	2	25	2.7	2.4898	2.2669	2.4561	7.9122
1lz1	A	1bb6	A	V2D	0.8365	V	D	2	2	2	25	2.7	6.6587	5.2588	5.9998	2.7976
1lz1	A	1bb6	A	V2F	0.8365	V	F	2	2	2	25	2.7	3.4012	2.6385	3.4491	2.5496
1lz1	A	1bb6	A	V2G	1.2906	V	G	2	2	2	25	2.7	5.1266	4.7965	5.1733	4.6426
1lz1	A	1bb6	A	V2I	0.4063	V	I	2	2	2	25	2.7	0.0359	0.0621	0.0393	0.896
1lz1	A	1bb6	A	V2L	-0.3107	V	L	2	2	2	25	2.7	2.4288	2.5029	3.1578	3.9056
1lz1	A	1bb6	A	V2M	0.2151	V	M	2	2	2	25	2.7	1.9466	1.812	1.8554	2.7833
1lz1	A	1bb6	A	V2N	0.7648	V	N	2	2	2	25	2.7	3.2251	2.3524	2.8717	2.6596
1lz1	A	1bb6	A	V2R	0.6453	V	R	2	2	2	25	2.7	1.352	1.5926	1.1514	8.2741
1lz1	A	1bb6	A	V2S	0.8126	V	S	2	2	2	25	2.7	2.504	2.3638	2.6186	8.1704
1lz1	A	1bb6	A	V2Y	1.6013	V	Y	2	2	2	25	2.7	2.8819	2.3427	2.9526	2.1905
1lz1	A	1bb6	A	E7Q	1.434	E	Q	7	7	7	65	4	-0.3602	0.3973	0.4896	-0.8596
1lz1	A	1bb6	A	L8T	2.2467	L	T	8	8	8	25	2.7	9.2551	8.0188	12.4431	4.2938
1lz1	A	1bb6	A	A9S	0.1912	A	S	9	9	9	25	2.7	3.6389	3.4462	5.1842	4.393
1lz1	A	1bb6	A	G16A	1.6969	G	A	16	16	16	25	2.7	4.8347	3.6566	3.4935	2.9224
1lz1	A	1bb6	A	D18N	1.6969	D	N	18	18	18	65	4	3.7939	0.5044	0.1311	-0.3711
1lz1	A	1bb6	A	G19A	1.0516	G	A	19	19	19	25	2.7	7.0195	7.2436	4.7498	1.2226
1lz1	A	1bb6	A	Y20F	0.4302	Y	F	20	20	20	25	2.7	0.5096	-0.0581	1.1189	3.2165
1lz1	A	1bb6	A	G22A	3.4895	G	A	22	22	22	25	2.7	9.1075	4.2391	4.6831	6.5727
1lz1	A	1bb6	A	S24A	0.4541	S	A	24	24	24	25	2.7	0.4241	-0.6601	-0.0399	1.4609
1lz1	A	1bb6	A	E35L	0.7409	E	L	35	35	35	25	2.7	0.4036	4.108	1.152	1.8422
1lz1	A	1bb6	A	Y38A	2.7725	Y	A	38	38	38	25	2.7	4.8735	4.1479	5.4019	0.0627
1lz1	A	1bb6	A	Y38F	-0.5497	Y	F	38	38	38	25	2.7	-0.0239	-0.6715	0.0758	2.3672
1lz1	A	1bb6	A	Y38G	2.5335	Y	G	38	38	38	25	2.7	5.4743	5.2776	5.883	-1.5903
1lz1	A	1bb6	A	T40A	1.2428	T	A	40	40	40	25	2.7	0.3135	-0.4024	-0.3357	0.6715
1lz1	A	1bb6	A	T40V	1.0277	T	V	40	40	40	25	2.7	4.6934	0.924	6.449	2.0075
1lz1	A	1bb6	A	T43A	-0.1673	T	A	43	43	43	25	2.7	1.2466	1.8326	1.1058	2.0064
1lz1	A	1bb6	A	T43V	0.2629	T	V	43	43	43	25	2.7	-0.3015	-0.1619	-0.5466	-2.1392
1lz1	A	1bb6	A	D49N	1.0038	D	N	49	48	49	65	4	1.5977	0.9376	1.1759	-0.4007
1lz1	A	1bb6	A	S51A	-0.0	S	A	51	50	51	25	2.7	1.2181	3.0016	1.482	-0.0616
1lz1	A	1bb6	A	T52A	-0.3824	T	A	52	51	52	25	2.7	0.8197	0.4178	1.1229	0.8624
1lz1	A	1bb6	A	T52V	0.4302	T	V	52	51	52	25	2.7	-1.0448	-2.1027	-1.441	0.9673
1lz1	A	1bb6	A	Y54F	0.9799	Y	F	54	53	54	25	2.7	1.9386	1.2802	0.0815	0.9861
1lz1	A	1bb6	A	I56A	2.3184	I	A	56	55	56	25	2.7	5.1739	3.6041	5.5957	3.8948
1lz1	A	1bb6	A	I56L	0.4063	I	L	56	55	56	25	2.7	7.8882	2.7913	5.7519	0.1226
1lz1	A	1bb6	A	I56M	1.4818	I	M	56	55	56	25	2.7	1.409	0.989	3.7301	7.0281
1lz1	A	1bb6	A	I56V	0.0	I	V	56	55	56	25	2.7	2.4219	1.0853	2.3096	1.6165
1lz1	A	1bb6	A	Q58A	1.2189	Q	A	58	57	58	25	2.7	1.0374	0.9371	3.0444	1.7277
1lz1	A	1bb6	A	Q58G	-1.6013	Q	G	58	57	58	25	2.7	3.0746	3.1287	5.13	3.9507
1lz1	A	1bb6	A	I59A	0.3585	I	A	59	58	59	25	2.7	6.1874	6.7556	6.266	6.0306
1lz1	A	1bb6	A	I59G	2.175	I	G	59	58	59	25	2.7	9.1576	9.8924	9.0921	8.2251
1lz1	A	1bb6	A	I59L	-0.6931	I	L	59	58	59	25	2.7	1.372	1.9175	1.2306	0.6338
1lz1	A	1bb6	A	I59S	2.0554	I	S	59	58	59	25	2.7	7.1444	7.6522	6.6696	6.8537
1lz1	A	1bb6	A	I59T	1.0038	I	T	59	58	59	25	2.7	4.9368	5.3004	4.8273	4.7424
1lz1	A	1bb6	A	I59V	1.195	I	V	59	58	59	25	2.7	1.8987	2.1637	1.4757	1.7368
1lz1	A	1bb6	A	S61A	0.5019	S	A	61	60	61	25	2.7	-1.2472	-1.6336	-1.9357	0.4269
1lz1	A	1bb6	A	Y63F	0.3585	Y	F	63	62	63	25	2.7	0.403	0.4948	0.1043	0.3477
1lz1	A	1bb6	A	D67N	2.2467	D	N	67	66	67	25	4	0.3101	-0.4805	-0.6504	2.1267
1lz1	A	1bb6	A	G68A	0.9799	G	A	68	67	68	25	2.7	4.3115	1.3401	2.6687	4.0481
1lz1	A	1bb6	A	T70A	0.5736	T	A	70	69	70	25	2.7	2.606	2.1466	0.7045	1.2967
1lz1	A	1bb6	A	T70V	0.6214	T	V	70	69	70	25	2.7	4.0117	5.2121	7.862	-0.7222
1lz1	A	1bb6	A	P71G	0.5019	P	G	71	70	71	25	2.8	4.5047	2.7674	4.2659	2.3119
1lz1	A	1bb6	A	S82A	-0.9799	S	A	82	81	82	25	2.7	-0.2052	-0.8704	0.5694	0.6224
1lz1	A	1bb6	A	A92S	2.1989	A	S	92	91	92	25	2.7	2.6978	2.4048	2.5758	1.9625
1lz1	A	1bb6	A	A96S	0.9799	A	S	96	95	96	25	2.7	3.0917	3.2684	2.9902	3.1749
1lz1	A	1bb6	A	V99A	0.717	V	A	99	98	99	25	2.7	3.3983	3.0649	7.9749	2.9532
1lz1	A	1bb6	A	V99T	0.8843	V	T	99	98	99	25	2.7	3.1572	2.6231	8.1858	2.3267
1lz1	A	1bb6	A	V100A	-0.8126	V	A	100	99	100	25	2.7	2.5188	2.0662	2.862	-0.965
1lz1	A	1bb6	A	D102N	0.6692	D	N	102	101	102	65	4	-1.254	0.0536	0.0502	-0.2405
1lz1	A	1bb6	A	P103G	0.0717	P	G	103	102	103	25	2.8	2.9908	2.1284	2.3974	3.1264
1lz1	A	1bb6	A	G105A	1.0516	G	A	105	104	105	25	2.7	2.3946	1.4598	0.2451	0.5597
1lz1	A	1bb6	A	I106A	0.7887	I	A	106	105	106	25	2.7	4.7059	3.4918	4.0498	3.0301
1lz1	A	1bb6	A	I106V	1.3145	I	V	106	105	106	25	2.7	1.9574	1.8975	1.5618	2.1626
1lz1	A	1bb6	A	V110A	-1.2428	V	A	110	109	110	25	2.7	-0.5284	0.4435	0.3015	-0.5552
1lz1	A	1bb6	A	V110D	2.6052	V	D	110	109	110	25	2.7	-0.1379	0.558	0.3825	0.0473
1lz1	A	1bb6	A	V110F	1.8881	V	F	110	109	110	25	2.7	0.3391	2.0503	2.1518	-0.0519
1lz1	A	1bb6	A	V110G	2.175	V	G	110	109	110	25	2.7	0.7273	1.6593	1.3435	0.704
1lz1	A	1bb6	A	V110I	0.8126	V	I	110	109	110	25	2.7	-0.4058	0.0268	0.0291	0.297
1lz1	A	1bb6	A	V110L	-0.0717	V	L	110	109	110	25	2.7	-0.6378	-0.3232	0.5632	-0.7843
1lz1	A	1bb6	A	V110M	-0.3585	V	M	110	109	110	25	2.7	-0.859	0.6179	0.4942	1.5168
1lz1	A	1bb6	A	V110N	0.478	V	N	110	109	110	25	2.7	-0.3135	0.6053	0.4406	-0.2844
1lz1	A	1bb6	A	V110P	-0.1673	V	P	110	109	110	25	2.7	-1.3258	3.4861	1.7208	1.7522
1lz1	A	1bb6	A	V110R	1.5774	V	R	110	109	110	25	2.7	0.1795	0.6749	1.6085	0.0935
1lz1	A	1bb6	A	V110Y	0.8365	V	Y	110	109	110	25	2.7	-0.037	0.4338	2.0212	-0.4457
1lz1	A	1bb6	A	N118A	0.2629	N	A	118	117	118	25	2.7	1.7642	1.7528	1.7026	0.7142
1lz1	A	1bb6	A	N118G	1.673	N	G	118	117	118	25	2.7	1.8833	1.6102	1.3594	1.4484
1lz1	A	1bb6	A	D120N	0.6692	D	N	120	119	120	65	4	2.8654	0.7855	2.948	3.0848
1lz1	A	1bb6	A	Y124F	-0.1434	Y	F	124	123	124	25	2.7	2.6397	1.1656	1.9192	0.5854
1lz1	A	1bb6	A	V125A	0.0478	V	A	125	124	125	25	2.7	3.8122	4.0276	4.1262	1.3555
1lz1	A	1bb6	A	G127A	0.5019	G	A	127	126	127	25	2.7	4.0818	3.1795	3.4878	3.9507
1lz1	A	1bb6	A	G129A	0.9321	G	A	129	128	129	25	2.7	5.928	2.0281	2.1455	-1.4199
1mjc	A	3i2z	A	T68W	-0.6931	T	W	68	67	67	25	7	5.4942	4.165	3.5785	8.6674
1onc	A	1kvz	A	F28A	5.043	F	A	28	29	28	20	5.5	7.4436	5.0519	8.9952	7.5519
1onc	A	1kvz	A	F36Y	3.7046	F	Y	36	37	36	20	5.5	1.3498	1.7778	1.4524	3.0991
1rbp	A	1kt5	A	W24F	2.5096	W	F	24	24	24	69	7.4	5.9417	6.6308	7.5348	7.6038
1rbp	A	1kt5	A	W24L	2.6052	W	L	24	24	24	69	7.4	5.859	6.3048	6.0654	5.6094
1rbp	A	1kt5	A	W24Y	2.1989	W	Y	24	24	24	69	7.4	7.0446	10.126	8.5825	7.6477
1rbp	A	1kt5	A	W91H	0.0956	W	H	91	91	91	69	7.4	2.0691	2.2435	2.585	1.8913
1rbp	A	1kt5	A	R139Q	2.6052	R	Q	139	139	139	69	7.4	6.1338	5.9041	6.0654	2.1535
1rn1	C	1rds	A	V16A	2.3423	V	A	16	17	16	25	7	4.8062	4.5554	4.943	5.8921
1rn1	C	1rds	A	V16C	4.9952	V	C	16	17	16	25	7	4.6124	4.9681	4.2568	3.8532
1rn1	C	1rds	A	V16S	4.6845	V	S	16	17	16	25	7	6.7448	5.9622	6.6439	7.0195
1rn1	C	1rds	A	V16T	3.6568	V	T	16	17	16	25	7	3.6235	3.7261	3.5625	3.094
1rn1	C	1rds	A	Y24W	-1.2428	Y	W	24	25	24	25	6	2.1643	1.5664	2.8568	1.4108
1rn1	C	1rds	A	Y45W	-0.7409	Y	W	45	44	45	25	6	0.7501	0.7934	0.3865	0.7296
1rn1	C	1rds	A	D49A	-0.5019	D	A	49	48	49	52	7	0.2405	0.5523	0.3494	0.2012
1rn1	C	1rds	A	D49F	0.4063	D	F	49	48	49	52	7	1.136	0.9166	1.1554	0.9092
1rn1	C	1rds	A	D49H	-1.0994	D	H	49	48	49	55	7	0.8687	0.6464	0.896	0.5255
1rn1	C	1rds	A	D49Y	0.5019	D	Y	49	48	49	52	7	1.0568	0.7678	1.1012	0.9872
1rn1	C	1rds	A	D49W	0.9082	D	W	49	48	49	52	7	1.9676	1.6228	1.9739	1.657
1rn1	C	1rds	A	D76A	3.8002	D	A	76	75	76	15	7	3.1589	-3.3174	4.3303	2.5958
1rn1	C	1rds	A	D76N	3.1071	D	N	76	75	76	15	7	2.7685	0.2092	2.8295	1.5424
1rn1	C	1rds	A	D76S	3.1071	D	S	76	75	76	15	7	5.0166	3.4075	5.2953	4.7401
1rn1	C	1rds	A	V78T	3.5851	V	T	78	77	78	25	7	3.7358	-2.8831	4.1502	4.1479
1rn1	C	1rds	A	V89C	3.5373	V	C	89	88	89	25	7	4.6102	4.3873	4.4032	3.9091
1rn1	C	1rds	A	V89T	3.0593	V	T	89	88	89	25	7	4.218	4.2687	3.7483	4.0778
1rn1	C	1rds	A	H92A	1.5296	H	A	92	91	92	25	6	1.7647	2.0554	2.2538	1.1104
1rro	A	1ttx	A	P21A	0.7409	P	A	21	22	21	54	7.4	2.4613	2.003	2.459	3.607
1rro	A	1ttx	A	P26A	0.7409	P	A	26	27	26	54	7.4	2.3045	-0.6162	1.9323	3.2564
1shf	A	7d7s	C	F87A	1.3384	F	A	87	87	4	25	8	5.2919	4.214	5.0821	6.6884
1shf	A	7d7s	C	F87V	0.478	F	V	87	87	4	25	8	2.7046	1.9118	5.8339	10.3746
1shf	A	7d7s	C	A89G	1.5535	A	G	89	89	6	25	8	4.5309	4.442	4.3804	3.4531
1shf	A	7d7s	C	A89S	1.2667	A	S	89	89	6	25	8	3.5414	4.0681	3.6662	2.6522
1shf	A	7d7s	C	E107A	1.2667	E	A	107	107	24	25	8	1.555	1.0579	2.0617	3.1259
1shf	A	7d7s	C	E107D	-0.6692	E	D	107	107	24	25	8	1.3811	1.2107	1.8098	4.841
1shf	A	7d7s	C	E107H	0.9799	E	H	107	107	24	25	8	1.8599	0.6276	2.109	6.9836
1shf	A	7d7s	C	E107K	0.9799	E	K	107	107	24	25	8	5.1625	5.8436	5.7028	5.6134
1shf	A	7d7s	C	E107Q	0.7409	E	Q	107	107	24	25	8	1.9825	1.0665	1.0522	0.1949
1shf	A	7d7s	C	E107S	1.6491	E	S	107	107	24	25	8	3.4525	2.435	3.2176	4.0521
1shf	A	7d7s	C	E107T	0.5975	E	T	107	107	24	25	8	1.1873	0.9815	1.3138	1.3874
1shf	A	7d7s	C	E107V	2.0076	E	V	107	107	24	25	8	-0.1077	-0.7438	0.3084	4.0407
1shf	A	7d7s	C	E107Y	2.3901	E	Y	107	107	24	25	8	1.1428	-0.2189	1.7043	3.5705
1shf	A	7d7s	C	F109V	2.1033	F	V	109	109	26	25	8	4.8741	5.4737	7.622	6.6884
1shf	A	7d7s	C	I111V	0.1673	I	V	111	111	28	25	8	1.5532	1.3555	1.6274	0.7267
1shf	A	7d7s	C	S124A	0.717	S	A	124	124	41	25	8	2.0691	1.4809	1.3042	-2.0075
1shf	A	7d7s	C	S124L	0.3585	S	L	124	124	41	25	8	3.526	7.5496	4.8074	11.6206
1shf	A	7d7s	C	V138A	2.1272	V	A	138	138	55	25	8	4.4688	4.1513	4.6854	2.9857
1shf	A	7d7s	C	V138I	-0.1673	V	I	138	138	55	25	8	-0.6184	-0.2839	0.0593	4.6797
1tpk	A	3laq	A	V65I	-0.3107	V	I	65	116	70	64	4.5	0.9656	7.7121	-0.3722	10.6151
1tpk	A	3laq	A	V65S	2.3901	V	S	65	116	70	64	4.5	7.1256	6.2774	4.2368	-5.1614
1tpk	A	3laq	A	V65T	1.0038	V	T	65	116	70	64	4.5	4.9014	4.2568	2.7383	3.2456
1wq5	A	3pr2	A	C81A	-0.1912	C	A	81	81	81	25	9	0.4235	0.0399	0.1568	-0.0445
1wq5	A	3pr2	A	C81G	0.4541	C	G	81	81	81	25	9	4.2961	3.7489	3.8458	3.6782
1wq5	A	3pr2	A	C81S	-0.2629	C	S	81	81	81	25	9	2.3467	1.9551	2.6756	2.1415
1wq5	A	3pr2	A	P96A	-0.478	P	A	96	96	96	25	9	3.8435	3.4827	3.1869	3.4342
1wq5	A	3pr2	A	C118A	-1.0755	C	A	118	118	118	25	9	1.0944	0.1898	1.0083	0.7302
1wq5	A	3pr2	A	C118S	-1.2428	C	S	118	118	118	25	9	3.2889	2.4043	3.017	2.4652
1wq5	A	3pr2	A	P132A	0.0	P	A	132	132	132	25	9	3.1555	3.4114	3.1464	1.2175
1wq5	A	3pr2	A	P132G	0.7409	P	G	132	132	132	25	9	4.9732	3.7067	3.6674	1.9699
1wq5	A	3pr2	A	C154A	0.5497	C	A	154	154	154	25	9	0.6378	1.4877	8.0843	-2.736
1wq5	A	3pr2	A	C154S	1.4101	C	S	154	154	154	25	9	1.5755	2.6807	3.2518	-0.4463
1wq5	A	3pr2	A	P207A	1.8403	P	A	207	207	207	25	9	2.83	3.6474	3.2718	4.141
1ycc	A	1yeb	A	A7L	-0.3585	A	L	7	7	12	25	2.1	0.6561	0.3124	0.1476	0.8048
1ycc	A	1yeb	A	A7Y	-0.2629	A	Y	7	7	12	25	2.1	1.0118	1.9289	0.8379	0.5666
1ycc	A	1yeb	A	F10M	3.3222	F	M	10	10	15	25	4.6	10.5689	6.8143	7.5462	3.8937
1ycc	A	1yeb	A	F10Y	0.6692	F	Y	10	10	15	25	4.6	2.2475	1.8559	0.8573	3.782
1ycc	A	1yeb	A	T69E	-1.5057	T	E	69	69	74	57	6	0.012	0.9023	0.9046	0.1305
1ycc	A	1yeb	A	K73V	-0.0956	K	V	73	73	77	25	5	2.7976	9.0795	3.9353	0.4982
1ycc	A	1yeb	A	K73W	1.6013	K	W	73	73	77	25	5	0.5141	3.8737	-0.3785	-0.9855
1ycc	A	1yeb	A	P76G	0.7887	P	G	76	71	76	25	4.6	5.342	5.7986	5.6738	6.3515
2hbb	A	5v7q	H	D23A	0.4541	D	A	23	23	23	25	5.4	2.0662	-0.1813	1.6245	1.1263
2hbb	A	5v7q	H	D23N	0.717	D	N	23	23	23	25	5.4	2.1318	-0.3329	2.0942	0.8567
2rn2	A	4ly7	A	D10A	-1.7208	D	A	10	10	10	25	9	-3.9062	-3.1567	-4.0749	-5.2942
2rn2	A	4ly7	A	D10E	-0.5258	D	E	10	10	10	25	9	2.9857	4.792	3.021	5.2491
2rn2	A	4ly7	A	D10H	-1.1472	D	H	10	10	10	25	9	-0.5888	-2.577	-1.9847	2.2766
2rn2	A	4ly7	A	D10N	-0.9799	D	N	10	10	10	25	9	-2.6602	-2.6231	-2.9771	-2.1911
2rn2	A	4ly7	A	D10S	-1.2667	D	S	10	10	10	25	9	-1.8268	-1.4096	-1.8052	-4.9197
2rn2	A	4ly7	A	E48A	0.1673	E	A	48	48	48	25	9	0.0051	0.1174	0.2286	-1.0032
2rn2	A	4ly7	A	E48D	0.1195	E	D	48	48	48	25	9	2.3923	5.7821	3.2131	0.847
2rn2	A	4ly7	A	E48Q	-0.1673	E	Q	48	48	48	25	9	-0.6179	-1.4415	-1.2899	-1.7841
2rn2	A	4ly7	A	A52C	-0.7648	A	C	52	52	52	53	3	-0.7581	-4.1638	0.106	0.0638
2rn2	A	4ly7	A	A52N	1.7925	A	N	52	52	52	53	3	0.2525	-2.7143	1.812	1.8029
2rn2	A	4ly7	A	A52V	-1.673	A	V	52	52	52	53	3.0-5.5	-3.265	-1.673	-1.0933	-1.8314
2rn2	A	4ly7	A	S68A	0.4541	S	A	68	68	68	52	3	-0.0581	0.4315	-1.9956	1.8878
2rn2	A	4ly7	A	S68G	2.3901	S	G	68	68	68	52	3	4.3616	4.9231	9.8479	5.3517
2rn2	A	4ly7	A	S68L	0.478	S	L	68	68	68	52	3	-1.7072	1.0494	-0.1972	0.3357
2rn2	A	4ly7	A	S68T	0.1912	S	T	68	68	68	52	3	0.729	1.5162	-1.9899	1.0802
2rn2	A	4ly7	A	S68V	-0.5736	S	V	68	68	68	52	3	-1.4632	-1.0192	-2.1626	-1.7094
2rn2	A	4ly7	A	D70A	-0.5736	D	A	70	70	70	25	9	-2.064	-1.722	-1.4421	-3.1065
2rn2	A	4ly7	A	D70E	-0.0717	D	E	70	70	70	25	9	1.7459	5.5421	12.5537	-0.9479
2rn2	A	4ly7	A	D70N	-0.8126	D	N	70	70	70	25	9	-0.7495	-1.5572	0.1089	-1.4729
2rn2	A	4ly7	A	V74A	3.3939	V	A	74	74	74	52	5.5	3.2769	4.0761	3.7888	3.2912
2rn2	A	4ly7	A	V74L	-1.0994	V	L	74	74	74	25	5.5	0.102	1.0277	-0.4309	8.5831
2rn2	A	4ly7	A	G77A	0.9082	G	A	77	77	77	50	3	6.6143	-0.3084	9.841	11.779
2rn2	A	4ly7	A	H83A	0.1195	H	A	83	83	83	25	7.8	-0.9188	-0.6458	-0.3808	-0.5079
2rn2	A	4ly7	A	K91R	0.0	K	R	91	91	91	52	5.5	0.1545	2.8637	-0.4229	0.9986
2rn2	A	4ly7	A	D94E	0.4063	D	E	94	94	94	52	5.5	0.2029	-0.4275	1.4364	-0.5392
2rn2	A	4ly7	A	K95A	-0.0956	K	A	95	95	95	52	5.5	0.6994	0.7125	0.7478	0.8909
2rn2	A	4ly7	A	K95G	-1.2906	K	G	95	95	95	25	5.5	0.3762	-0.2303	-0.1659	0.2286
2rn2	A	4ly7	A	K95N	-0.8843	K	N	95	95	95	52	5.5	-0.6464	-0.6088	0.4702	-0.5455
2rn2	A	4ly7	A	H124A	-0.0478	H	A	124	124	124	-	7.9	0.9656	1.0243	1.0288	1.266
2rn2	A	4ly7	A	A125T	0.0	A	T	125	125	125	52	5.5	5.4275	0.5962	6.5567	-0.1197
2rn2	A	4ly7	A	H127A	0.3107	H	A	127	127	127	25	3	1.185	1.7282	0.9302	-0.7723
2rn2	A	4ly7	A	D134A	-0.9799	D	A	134	134	134	25	9	-0.989	-3.4804	-2.235	-1.9283
2rn2	A	4ly7	A	D134E	-0.9082	D	E	134	134	134	52	5.5	-1.5379	-1.2779	0.0296	-2.0018
2rn2	A	4ly7	A	D134H	-2.9637	D	H	134	134	134	25	5.5	-2.0754	-3.6605	-1.7858	-2.0594
2rn2	A	4ly7	A	D134I	-1.3623	D	I	134	134	134	52	5.5	-0.1818	1.4706	-1.0334	-3.4394
2rn2	A	4ly7	A	D134L	-1.5296	D	L	134	134	134	52	5.5	-2.1466	-3.3237	-2.1609	-2.9156
2rn2	A	4ly7	A	D134N	-1.6491	D	N	134	134	134	25	5.5	-1.4814	-1.9443	-1.5179	-0.7541
2rn2	A	4ly7	A	D134Q	-1.3384	D	Q	134	134	134	52	5.5	-0.2719	-2.716	0.6167	-1.319
2rn2	A	4ly7	A	D134S	-1.1472	D	S	134	134	134	52	5.5	-0.1585	-2.4043	-0.9559	-0.9827
2rn2	A	4ly7	A	D134T	-1.0755	D	T	134	134	134	52	5.5	-1.8559	-3.1732	-2.1962	-2.7651
2rn2	A	4ly7	A	D134V	-1.195	D	V	134	134	134	52	5.5	0.1704	-1.4039	-0.6766	-2.6539
2rn2	A	4ly7	A	E135K	0.2151	E	K	135	135	135	52	5.5	-0.3015	0.2975	-0.3705	-0.6099
2trx	A	2yn1	A	C32A	3.7046	C	A	32	31	32	25	7	0.0	0.0	0.0	-0.2024
2trx	A	2yn1	A	C35A	3.1071	C	A	35	34	35	25	7	0.0	0.0	0.0	-1.1765
2trx	A	2yn1	A	P40S	-1.4579	P	S	40	39	40	25	7	2.4624	2.5804	3.3847	-1.4108
3mbp	A	6dtu	A	P159A	0.2151	P	A	159	162	159	25	7.4	-1.1092	5.012	-1.4427	-4.3269
3mbp	A	6dtu	A	P159S	4.7084	P	S	159	162	159	25	7.4	0.3238	6.25	-0.0171	-2.6015
4lyz	A	2ihl	A	H15L	-0.7648	H	L	15	15	15	74	6.4	-1.3965	3.432	-0.1134	8.8373
4lyz	A	2ihl	A	A31L	-1.7925	A	L	31	31	31	74	6.4	0.582	8.6116	9.6267	1.7368
4lyz	A	2ihl	A	F34Y	-0.1912	F	Y	34	34	34	74	6.4	0.578	5.0565	0.012	0.073
4lyz	A	2ihl	A	T40S	0.2629	T	S	40	40	40	74	6.4	1.6707	2.4858	1.1041	0.8829
4lyz	A	2ihl	A	G49A	0.7409	G	A	49	49	49	25	2.7	6.6604	9.9368	5.6812	5.8738
4lyz	A	2ihl	A	I55A	4.3977	I	A	55	55	55	74	6.4	3.9786	4.4135	4.5782	3.5779
4lyz	A	2ihl	A	I55L	0.4541	I	L	55	55	55	74	6.4	2.2258	8.8247	9.1474	7.357
4lyz	A	2ihl	A	I55M	2.2706	I	M	55	55	55	74	6.4	2.3883	1.3412	4.4352	0.3802
4lyz	A	2ihl	A	I55V	0.9082	I	V	55	55	55	74	6.4	1.8405	2.2509	2.056	2.129
4lyz	A	2ihl	A	G67A	0.5258	G	A	67	67	67	25	2.7	2.9868	3.2598	2.0959	2.5314
4lyz	A	2ihl	A	R68K	0.0478	R	K	68	68	68	74	6.4	0.4281	1.6216	0.2069	-0.9462
4lyz	A	2ihl	A	G71A	2.1272	G	A	71	71	71	25	2.7	-2.4026	4.6894	2.5222	1.4278
4lyz	A	2ihl	A	R73K	-0.239	R	K	73	73	73	74	6.4	-0.753	-0.4936	0.0542	-0.2656
4lyz	A	2ihl	A	N77H	0.3824	N	H	77	77	77	74	6.4	0.3403	0.354	0.6754	0.8379
4lyz	A	2ihl	A	S91A	0.1434	S	A	91	91	91	74	6.4	-2.068	-1.771	-1.9602	-2.0115
4lyz	A	2ihl	A	S91D	2.3184	S	D	91	91	91	74	6.4	5.1596	1.303	3.3202	2.8551
4lyz	A	2ihl	A	S91T	-1.0038	S	T	91	91	91	74	6.4	0.4702	-0.2115	0.1921	-1.0169
4lyz	A	2ihl	A	S91V	0.0717	S	V	91	91	91	74	6.4	-1.2945	-3.2479	-3.0934	-3.8469
4lyz	A	2ihl	A	D101A	-0.7648	D	A	101	101	101	74	6.4	-1.0277	2.1574	-0.3922	-1.3629
4lyz	A	2ihl	A	D101E	0.0	D	E	101	101	101	74	6.4	-0.1362	1.5749	1.6906	-0.2337
4lyz	A	2ihl	A	D101F	-0.717	D	F	101	101	101	74	6.4	-0.1972	4.0498	0.57	-1.4615
4lyz	A	2ihl	A	D101G	-0.4541	D	G	101	101	101	74	6.4	0.7775	2.7292	1.0391	0.688
4lyz	A	2ihl	A	D101K	-0.1912	D	K	101	101	101	74	6.4	-0.1989	2.577	1.5453	-0.163
4lyz	A	2ihl	A	D101N	-0.0478	D	N	101	101	101	74	6.4	0.0074	-0.3004	-0.8516	0.782
4lyz	A	2ihl	A	D101Q	0.0717	D	Q	101	101	101	74	6.4	-0.5421	2.8226	1.1628	-0.7473
4lyz	A	2ihl	A	D101R	-0.2629	D	R	101	101	101	74	6.4	-0.5478	2.9252	1.8411	2.5468
4lyz	A	2ihl	A	D101S	-0.8604	D	S	101	101	101	74	6.4	-0.6783	0.8413	0.0764	-1.034
4lyz	A	2ihl	A	R114H	-0.6692	R	H	114	114	114	74	6.4	-0.4315	-1.4267	-0.5193	-5.0485
4lyz	A	2ihl	A	G117A	0.8126	G	A	117	117	117	25	2.7	4.0652	3.2735	4.063	1.6519
5pti	A	3l3t	E	Y35A	4.9952	Y	A	35	35	35	25	3	3.6543	3.493	4.0145	2.4658
