original	chain_o	template	chain_t	wt_aa	mut_aa	res_o	res_t	res_m	ddg_o	ddg_t	ddg_af	ddg_tasser
7JSP	A	3HMH	A	M	H	1520	1539	22	13.18	11.461	9.05	3.489
7JSP	A	3HMH	A	A	N	1624	1643	126	0.03	-0.232	0.491	0.401
7JSP	A	3HMH	A	V	S	1522	1541	24	1.473	1.423	3.817	2.124
7JSP	A	3HMH	A	T	N	1590	1609	92	-1.523	-1.722	6.289	5.075
7JSP	A	3HMH	A	V	Q	1515	1534	17	4.814	7.025	5.599	6.515
7JSP	A	3HMH	A	S	F	1567	1586	69	1.549	1.401	0.406	0.661
7JSP	A	3HMH	A	V	G	1545	1564	47	10.321	8.71	-0.213	2.238
7JSP	A	3HMH	A	Q	T	1613	1632	115	-0.229	-0.229	1.572	-0.681
7JSP	A	3HMH	A	V	K	1505	1524	7	3.555	3.794	2.814	3.219
7JSP	A	3HMH	A	N	E	1556	1575	58	-0.231	-1.064	-1.836	1.791
7JSP	A	3HMH	A	K	S	1518	1537	20	-1.181	-2.076	-4.683	0.322
7JSP	A	3HMH	A	R	G	1554	1573	56	8.257	8.801	4.432	3.103
7JSP	A	3HMH	A	L	C	1631	1650	133	1.421	1.404	0.202	0.58
7JSP	A	3HMH	A	N	R	1578	1597	80	1.313	0.858	2.122	12.109
7JSP	A	3HMH	A	T	A	1516	1535	18	3.531	2.237	-0.711	0.254
7JSP	A	3HMH	A	I	M	1553	1572	55	-0.995	-2.342	9.157	1.609
7JSP	A	3HMH	A	T	G	1612	1631	114	7.218	6.031	4.068	1.123
7JSP	A	3HMH	A	D	Q	1570	1589	72	3.651	3.349	1.015	0.963
7JSP	A	3HMH	A	I	K	1618	1637	120	3.732	3.698	10.472	7.689
7JSP	A	3HMH	A	S	E	1525	1544	27	0.569	0.182	24.95	11.113
7JSP	A	3HMH	A	P	C	1531	1550	33	0.002	-1.312	-0.567	-0.184
7JSP	A	3HMH	A	P	E	1585	1604	87	0.474	0.229	-2.072	-2.194
7JSP	A	3HMH	A	Y	I	1582	1601	84	1.86	1.623	4.119	4.358
7JSP	A	3HMH	A	E	L	1627	1646	129	-1.799	-1.799	-1.035	-1.202
7JSP	A	3HMH	A	Q	S	1517	1536	19	-0.372	0.065	-0.922	-0.165
7JSP	A	3HMH	A	I	R	1544	1563	46	0.835	-0.52	22.77	12.332
7JSP	A	3HMH	A	D	N	1512	1531	14	3.95	3.708	-0.04	-1.324
7JSP	A	3HMH	A	D	F	1608	1627	110	-1.681	-2.183	0.387	-0.128
7JSP	A	3HMH	A	L	W	1614	1633	116	6.889	7.785	11.683	6.623
7JSP	A	3HMH	A	F	Q	1507	1526	9	0.98	1.187	6.524	4.315
7JSP	A	3HMH	A	A	T	1577	1596	79	5.774	3.993	-1.244	-2.765
7JSP	A	3HMH	A	D	S	1571	1590	73	-1.001	-1.072	-2.865	0.827
7JSP	A	3HMH	A	F	A	1528	1547	30	0.388	0.532	5.696	3.01
7JSP	A	3HMH	A	H	R	1529	1548	31	7.432	5.213	0.921	-1.41
7JSP	A	3HMH	A	A	S	1625	1644	127	-0.109	1.177	-0.278	0.126
7JSP	A	3HMH	A	T	Y	1620	1639	122	-13.215	-12.928	0.316	0.355
7JSP	A	3HMH	A	N	S	1583	1602	85	2.208	-0.402	3.156	-0.596
7JSP	A	3HMH	A	C	R	1619	1638	121	18.946	25.877	0.184	0.04
7JSP	A	3HMH	A	Y	G	1540	1559	42	5.106	4.642	12.416	6.412
7JSP	A	3HMH	A	E	I	1609	1628	111	-0.43	3.164	2.384	-0.104
7JSP	A	3HMH	A	S	Q	1508	1527	10	2.636	5.222	4.522	2.207
7JSP	A	3HMH	A	Q	I	1563	1582	65	-4.512	-5.861	1.439	-0.302
7JSP	A	3HMH	A	N	I	1513	1532	15	0.976	0.706	-0.419	-1.23
7JSP	A	3HMH	A	F	S	1536	1555	38	0.97	-1.29	-0.954	-0.225
7JSP	A	3HMH	A	T	Q	1605	1624	107	3.96	5.925	2.398	2.551
7JSP	A	3HMH	A	I	T	1575	1594	77	1.33	4.619	5.758	8.722
7JSP	A	3HMH	A	E	H	1606	1625	108	1.85	2.383	-1.649	2.434
7JSP	A	3HMH	A	E	H	1551	1570	53	2.518	1.734	4.407	2.761
7JSP	A	3HMH	A	N	L	1533	1552	35	3.944	2.231	-0.612	-0.102
7JSP	A	3HMH	A	F	T	1568	1587	70	0.53	1.133	10.5	5.912
7JSP	A	3HMH	A	I	H	1510	1529	12	-0.69	0.5	3.037	3.107
7JSP	A	3HMH	A	K	S	1581	1600	83	-0.697	-1.333	-4.539	-0.13
7JSP	A	3HMH	A	S	V	1558	1577	60	0.067	0.026	1.849	-0.331
7JSP	A	3HMH	A	K	G	1534	1553	36	2.249	0.798	-0.271	2.432
7JSP	A	3HMH	A	N	M	1598	1617	100	1.484	2.165	-0.313	-0.279
7JSP	A	3HMH	A	K	H	1559	1578	61	-1.445	-0.072	-4.214	-1.723
7JSP	A	3HMH	A	H	V	1530	1549	32	-0.809	-0.755	1.805	-0.232
7JSP	A	3HMH	A	R	D	1565	1584	67	4.637	1.089	6.195	4.775
7JSP	A	3HMH	A	Q	M	1504	1523	6	-0.751	-2.742	3.936	-0.968
7JSP	A	3HMH	A	T	S	1603	1622	105	-0.805	-0.26	-0.734	-1.418
7JSP	A	3HMH	A	D	W	1549	1568	51	19.296	15.158	19.724	-0.928
7JSP	A	3HMH	A	D	A	1539	1558	41	-2.762	-2.02	0.49	-0.556
7JSP	A	3HMH	A	I	T	1514	1533	16	1.687	0.013	1.199	4.379
7JSP	A	3HMH	A	Y	R	1589	1608	91	2.035	1.208	0.385	0.063
7JSP	A	3HMH	A	Y	H	1562	1581	64	3.935	2.263	-6.396	1.103
7JSP	A	3HMH	A	L	S	1611	1630	113	1.769	3.786	10.459	6.007
7JSP	A	3HMH	A	V	K	1532	1551	34	3.184	4.049	2.892	5.078
7JSP	A	3HMH	A	G	A	1584	1603	86	2.996	1.999	0.632	0.752
7JSP	A	3HMH	A	E	V	1623	1642	125	1.283	7.882	-1.34	-0.861
7JSP	A	3HMH	A	H	C	1560	1579	62	0.574	-0.341	1.084	-12.537
7JSP	A	3HMH	A	L	D	1574	1593	76	5.216	5.236	4.924	2.042
7JSP	A	3HMH	A	I	C	1557	1576	59	1.71	1.926	7.56	4.675
7JSP	A	3HMH	A	E	C	1566	1585	68	0.405	1.808	-2.569	-0.207
7JSP	A	3HMH	A	K	H	1555	1574	57	-0.092	-0.55	1.132	-1.349
7JSP	A	3HMH	A	K	W	1622	1641	124	3.741	6.961	5.807	3.624
7JSP	A	3HMH	A	L	T	1576	1595	78	5.763	6.488	6.973	6.034
7JSP	A	3HMH	A	E	R	1615	1634	117	5.12	2.872	-1.605	-0.462
7JSP	A	3HMH	A	A	C	1593	1612	95	1.592	1.732	8.018	4.002
7JSP	A	3HMH	A	P	N	1527	1546	29	-4.572	-5.953	0.266	-2.606
7JSP	A	3HMH	A	Y	F	1607	1626	109	5.118	5.507	2.251	2.013
7JSP	A	3HMH	A	A	S	1629	1648	131	1.501	4.49	1.146	0.26
7JSP	A	3HMH	A	N	S	1573	1592	75	4.631	5.179	4.242	2.399
7JSP	A	3HMH	A	N	F	1546	1565	48	1.139	1.855	-0.228	1.56
7JSP	A	3HMH	A	K	R	1542	1561	44	1.126	0.81	-2.561	-3.024
7JSP	A	3HMH	A	P	Q	1547	1566	49	-0.227	-0.616	4.417	-6.55
7JSP	A	3HMH	A	F	M	1509	1528	11	2.841	3.692	-3.435	-2.709
7AEN	A	2YV8	A	F	W	97	104	91	7.559	4.926	10.251	4.23
7AEN	A	2YV8	A	D	G	28	35	22	8.416	8.004	1.028	-9.277
7AEN	A	2YV8	A	R	D	59	66	53	1.736	-0.278	2.744	1.47
7AEN	A	2YV8	A	H	S	128	135	122	-0.239	0.58	2.831	-2.996
7AEN	A	2YV8	A	A	R	63	70	57	2.851	2.668	29.083	11.286
7AEN	A	2YV8	A	E	G	84	91	78	0.721	0.545	2.643	1.144
7AEN	A	2YV8	A	D	M	136	143	130	3.862	1.532	1.175	-4.846
7AEN	A	2YV8	A	H	L	147	154	141	3.196	3.433	-0.53	2.586
7AEN	A	2YV8	A	G	M	21	28	15	-0.274	-1.757	-0.966	2.18
7AEN	A	2YV8	A	M	G	108	115	102	12.71	11.508	5.096	7.112
7AEN	A	2YV8	A	V	Y	48	55	42	25.724	15.784	3.851	14.861
7AEN	A	2YV8	A	P	S	68	75	62	2.983	1.85	3.072	-8.182
7AEN	A	2YV8	A	T	C	92	99	86	2.029	1.263	-0.141	-3.594
7AEN	A	2YV8	A	V	R	62	69	56	-0.314	0.034	3.176	-4.948
7AEN	A	2YV8	A	V	R	62	69	56	-0.314	0.034	3.176	-4.948
7AEN	A	2YV8	A	I	N	12	19	6	6.07	2.691	3.664	3.354
7AEN	A	2YV8	A	I	N	12	19	6	6.07	2.691	3.664	3.354
7AEN	A	2YV8	A	R	W	72	79	66	6.798	5.872	2.32	5.7
7AEN	A	2YV8	A	R	W	72	79	66	6.798	5.872	2.32	5.7
7AEN	A	2YV8	A	P	T	29	36	23	0.009	-1.107	-0.713	-1.258
7AEN	A	2YV8	A	P	T	29	36	23	0.009	-1.107	-0.713	-1.258
7AEN	A	2YV8	A	Y	V	126	133	120	2.941	1.392	-0.023	-1.497
7AEN	A	2YV8	A	S	Y	155	162	149	0.514	-0.756	-0.614	-1.401
7AEN	A	2YV8	A	V	Y	109	116	103	0.712	7.565	9.902	17.484
7AEN	A	2YV8	A	I	M	91	98	85	2.138	1.668	2.144	-2.57
7AEN	A	2YV8	A	H	M	38	45	32	-2.349	8.54	-2.144	-3.149
7AEN	A	2YV8	A	F	R	64	71	58	29.173	27.544	11.562	24.769
7AEN	A	2YV8	A	D	Q	112	119	106	0.989	0.655	2.118	3.269
7AEN	A	2YV8	A	V	G	144	151	138	4.669	5.987	7.543	-3.423
7AEN	A	2YV8	A	N	Q	14	21	8	3.794	-0.066	0.823	1.947
7AEN	A	2YV8	A	F	V	151	158	145	11.824	12.172	4.775	-2.485
7AEN	A	2YV8	A	I	K	149	156	143	2.521	3.295	14.413	12.595
7AEN	A	2YV8	A	K	E	111	118	105	-0.409	-0.104	-1.219	-0.533
7AEN	A	2YV8	A	I	E	135	142	129	2.015	1.825	9.985	7.289
7AEN	A	2YV8	A	E	H	89	96	83	-1.538	-1.725	1.091	0.485
7AEN	A	2YV8	A	T	R	137	144	131	4.227	4.007	4.536	-10.292
7AEN	A	2YV8	A	G	Q	139	146	133	3.942	4.219	0.613	7.669
7AEN	A	2YV8	A	G	Q	139	146	133	3.942	4.219	0.613	7.669
7AEN	A	2YV8	A	N	L	67	74	61	-0.074	0.813	2.95	-1.977
7AEN	A	2YV8	A	N	L	67	74	61	-0.074	0.831	2.95	-1.977
7AEN	A	2YV8	A	Y	H	13	20	7	7.566	3.385	2.783	1.131
7AEN	A	2YV8	A	Y	H	13	20	7	7.566	3.384	2.783	1.131
7AEN	A	2YV8	A	I	N	35	42	29	4.759	2.187	7.93	6.86
7AEN	A	2YV8	A	I	N	35	42	29	4.759	2.187	7.93	6.86
7AEN	A	2YV8	A	S	E	41	48	35	1.608	1.081	1.122	0.718
7AEN	A	2YV8	A	S	E	41	48	35	1.608	1.081	1.122	0.718
7AEN	A	2YV8	A	K	W	71	78	65	9.083	7.957	2.45	5.05
7AEN	A	2YV8	A	K	W	71	78	65	9.083	7.957	2.45	5.05
7AEN	A	2YV8	A	G	Y	74	81	68	-0.719	0.414	-3.275	36.509
7AEN	A	2YV8	A	G	Y	74	81	68	-0.719	0.414	-3.275	36.509
7JUO	F	4BHW	A	D	T	1105	1069	26	1.888	-1.501	-1.002	11.034
7JUO	F	4BHW	A	D	T	1105	1069	26	1.888	-1.501	-1.002	11.034
7JUO	F	4BHW	A	W	T	1165	1129	86	1.09	-2.622	-4.81	-1.067
7JUO	F	4BHW	A	W	T	1165	1129	86	1.09	-2.622	-4.81	-1.067
7JUO	F	4BHW	A	N	Q	1163	1127	84	0.739	0.64	1.643	2.101
7JUO	F	4BHW	A	N	Q	1163	1127	84	0.739	0.64	1.643	2.101
7JUO	F	4BHW	A	G	D	1145	1109	66	2.62	-0.054	4.369	3.395
7JUO	F	4BHW	A	G	D	1145	1109	66	2.62	-0.054	4.369	3.395
7JUO	F	4BHW	A	R	G	1103	1067	24	1.529	3.166	2.175	3.034
7JUO	F	4BHW	A	R	G	1103	1067	24	1.529	3.166	2.175	3.034
7JUO	F	4BHW	A	L	E	1159	1123	80	3.242	3.597	4.998	1.504
7JUO	F	4BHW	A	L	E	1159	1123	80	3.242	3.597	4.998	1.504
7JUO	F	4BHW	A	W	D	1151	1115	72	4.985	-1.121	-3.702	-0.356
7JUO	F	4BHW	A	W	D	1151	1115	72	4.985	-1.121	-3.702	-0.356
7JUO	F	4BHW	A	R	E	1140	1104	61	5.311	2.824	1.22	1.084
7JUO	F	4BHW	A	R	E	1140	1104	61	5.311	2.824	1.22	1.084
7JUO	F	4BHW	A	P	H	1132	1096	53	0.727	-3.608	-3.322	6.228
7JUO	F	4BHW	A	P	H	1132	1096	53	0.727	-3.608	-3.322	6.228
7JUO	F	4BHW	A	Q	E	1104	1068	25	-0.953	0.755	0.488	-2.338
7JUO	F	4BHW	A	Q	E	1104	1068	25	-0.953	0.755	0.488	-2.338
7JUO	F	4BHW	A	L	H	1101	1065	22	1.112	2.056	5.938	0.442
7JUO	F	4BHW	A	L	H	1101	1065	22	1.112	2.056	5.938	0.442
7JUO	F	4BHW	A	W	L	1158	1122	79	-0.269	-5.006	-1.258	-4.036
7JUO	F	4BHW	A	W	L	1158	1122	79	-0.269	-5.006	-1.258	-4.036
7JUO	F	4BHW	A	L	S	1090	1054	11	5.006	3.544	9.521	3.901
7JUO	F	4BHW	A	L	S	1090	1054	11	5.006	3.544	9.521	3.901
7JUO	F	4BHW	A	E	Y	1107	1071	28	-5.918	-6.208	-2.355	-1.355
7JUO	F	4BHW	A	E	Y	1107	1071	28	-5.918	-6.208	-2.355	-1.355
7JUO	F	4BHW	A	D	W	1127	1091	48	0.36	1.121	5.546	2.974
7JUO	F	4BHW	A	D	W	1127	1091	48	0.36	1.121	5.546	2.974
7JUO	F	4BHW	A	E	D	1188	1152	109	0.302	0.288	2.46	0.645
7JUO	F	4BHW	A	E	D	1188	1152	109	0.302	0.288	2.46	0.645
7JUO	F	4BHW	A	Y	W	1167	1131	88	10.188	7.617	2.942	8.607
7JUO	F	4BHW	A	Y	W	1167	1131	88	10.188	7.617	2.942	8.607
7JUO	F	4BHW	A	V	M	1192	1156	113	-5.083	-1.986	4.127	1.094
7JUO	F	4BHW	A	V	M	1192	1156	113	-5.083	-1.986	4.127	1.094
7JUO	F	4BHW	A	I	Y	1122	1086	43	-2.246	-1.848	2.096	-3.867
7JUO	F	4BHW	A	I	Y	1122	1086	43	-2.246	-1.848	2.096	-3.867
7JUO	F	4BHW	A	R	M	1112	1076	33	7.018	-3.415	1.39	-0.364
7JUO	F	4BHW	A	R	M	1112	1076	33	7.018	-3.415	1.39	-0.364
7JUO	F	4BHW	A	P	F	1123	1087	44	-0.746	-5.456	-0.825	-0.355
7JUO	F	4BHW	A	P	F	1123	1087	44	-0.746	-5.456	-0.825	-0.355
7JUO	F	4BHW	A	L	H	1166	1130	87	-3.993	2.056	3.831	3.27
7JUO	F	4BHW	A	L	H	1166	1130	87	-3.993	2.056	3.831	3.27
7JUO	F	4BHW	A	K	Q	1086	1050	7	3.477	-3.242	-1.857	0.141
7JUO	F	4BHW	A	K	Q	1086	1050	7	3.477	-3.242	-1.857	0.141
7JUO	F	4BHW	A	D	Y	1155	1119	76	-3.078	-6.496	-1.644	-2.508
7JUO	F	4BHW	A	D	Y	1155	1119	76	-3.078	-6.496	-1.644	-2.508
7JUO	F	4BHW	A	Y	F	1125	1089	46	6.532	2.82	2.56	1.195
7JUO	F	4BHW	A	Y	F	1125	1089	46	6.532	2.82	2.56	1.195
7JUO	F	4BHW	A	T	V	1137	1101	58	3.857	-3.039	0.26	3.439
7JUO	F	4BHW	A	T	V	1137	1101	58	3.857	-3.039	0.26	3.439
7JUO	F	4BHW	A	D	A	1143	1107	64	2.295	-2.206	1.255	-0.718
7JUO	F	4BHW	A	D	A	1143	1107	64	2.295	-2.206	1.255	-0.718
7JUO	F	4BHW	A	P	Y	1106	1070	27	-2.794	-8.276	-1.282	-8.389
7JUO	F	4BHW	A	P	Y	1106	1070	27	-2.794	-8.276	-1.282	-8.389
7JUO	F	4BHW	A	F	V	1111	1075	32	3.697	-0.864	6.421	8.382
7JUO	F	4BHW	A	F	V	1111	1075	32	3.697	-0.864	6.421	8.382
7JUO	F	4BHW	A	K	W	1180	1144	101	1.472	-1.078	1.754	1.738
7JUO	F	4BHW	A	K	W	1180	1144	101	1.472	-1.078	1.754	1.738
7JUO	F	4BHW	A	P	V	1110	1074	31	-5.293	-6.32	-1.437	-12.269
7JUO	F	4BHW	A	P	V	1110	1074	31	-5.293	-6.32	-1.437	-12.269
7JUO	F	4BHW	A	E	H	1183	1147	104	5.886	-1.541	1.182	1.169
7JUO	F	4BHW	A	E	H	1183	1147	104	5.886	-1.541	1.182	1.169
7JUO	F	4BHW	A	M	H	1095	1059	16	5.433	4.698	3.69	5.366
7JUO	F	4BHW	A	V	Q	1154	1118	75	4.574	3.497	5.122	3.082
7JUO	F	4BHW	A	E	V	1089	1053	10	1.781	-4.253	-1.039	-0.677
7JUO	F	4BHW	A	S	T	1172	1136	93	-0.58	-1.16	2.619	3.64
7JUO	F	4BHW	A	T	R	1171	1135	92	2.243	-1.61	3.01	2.953
7JUO	F	4BHW	A	F	V	1126	1090	47	9.709	-0.864	-0.346	-3.176
7JUO	F	4BHW	A	L	V	1119	1083	40	-7.973	-0.656	0.405	-0.075
7JUO	F	4BHW	A	K	D	1176	1140	97	9.597	-2.199	-0.84	0.103
7JUO	F	4BHW	A	D	E	1156	1120	77	0.708	-0.288	2.472	-3.863
7JUO	F	4BHW	A	I	S	1138	1102	59	1.192	4.307	6.194	6.286
7JUO	F	4BHW	A	E	L	1186	1150	107	3.168	-3.597	-0.966	-1.485
7JUO	F	4BHW	A	Q	Y	1194	1158	115	-5.002	-5.453	-1.729	6.657
7JUO	F	4BHW	A	N	K	1168	1132	89	4.922	3.882	2.973	4.17
7JUO	F	4BHW	A	M	Y	1193	1157	114	3.91	0.03	3.245	1.827
7JUO	F	4BHW	A	L	Y	1094	1058	15	-1.399	-2.611	12.53	11.633
7JUO	F	4BHW	A	Y	F	1175	1139	96	1.127	2.82	3.016	2.025
7JUO	F	4BHW	A	M	T	1133	1097	54	4.071	5.025	2.773	0.549
7JUO	F	4BHW	A	P	Q	1191	1155	112	1.864	-2.822	-2.376	-9.689
7JUO	F	4BHW	A	Y	F	1102	1066	23	7.022	2.82	-0.837	0.472
7JUO	F	4BHW	A	L	T	1181	1145	102	1.152	2.384	11.142	8.105
7A2U	A	3UF4	A	S	H	102	102	20	5.32	3.489	2.125	9.847
7A2U	A	3UF4	A	S	H	102	102	20	5.32	3.489	2.125	9.847
7A2U	A	3UF4	A	L	V	101	101	19	1.919	4.78	4.239	3.012
7A2U	A	3UF4	A	D	R	142	142	60	0.232	-2.545	1.32	0.89
7A2U	A	3UF4	A	K	D	105	105	23	-1.805	-0.913	-0.592	-3.666
7A2U	A	3UF4	A	V	G	88	88	6	7.871	9.148	5.783	7.505
7A2U	A	3UF4	A	H	Q	104	104	22	7.831	6.514	0.731	3.297
7A2U	A	3UF4	A	F	M	103	103	21	3.229	1.749	3.254	-3.379
7A2U	A	3UF4	A	I	G	133	133	51	5.225	6.175	9.737	2.92
7A2U	A	3UF4	A	V	G	138	138	56	6.072	3.692	8.791	3.555
7A2U	A	3UF4	A	Y	K	132	132	50	18.81	27.694	5.482	4.606
7A2U	A	3UF4	A	P	Q	140	140	58	-0.207	2.997	0.997	-3.348
7A2U	A	3UF4	A	A	K	139	139	57	11.262	12.422	3.194	5.946
7A2U	A	3UF4	A	Y	N	137	137	55	2.407	2.407	3.711	3.073
7A2U	A	3UF4	A	V	C	141	141	59	3.003	4.405	1.513	0.964
7A2U	A	3UF4	A	A	Y	122	122	40	1.735	0.962	30.531	25.431
7A2U	A	3UF4	A	S	H	124	124	42	9.593	8.43	11.751	10.799
7A2U	A	3UF4	A	T	Q	126	126	44	1.092	-1.198	0.39	1.24
7A2U	A	3UF4	A	N	D	136	136	54	2.751	5.401	0.02	-1.55
7A2U	A	3UF4	A	E	T	116	116	34	-0.607	-0.703	2.349	-0.023
7A2U	A	3UF4	A	K	D	108	108	26	-1.763	-1.561	1.886	2.247
7A2U	A	3UF4	A	Y	Q	93	93	11	4.808	5.518	4.18	3.578
7A2U	A	3UF4	A	L	N	86	86	4	2.022	2.236	3.297	1.955
7A2U	A	3UF4	A	E	Q	121	121	39	-1.764	0.904	0.21	0.12
7A2U	A	3UF4	A	E	N	98	98	16	-0.082	-0.944	0.722	-0.231
7A2U	A	3UF4	A	P	Q	134	134	52	2.887	4.701	-2.828	-0.608
7A2U	A	3UF4	A	S	T	135	135	53	2.199	1.44	5.716	2.003
7A2U	A	3UF4	A	G	A	117	117	35	-1.32	1.725	0.679	-1.89
7A2U	A	3UF4	A	L	D	90	90	8	13.593	12.634	3.351	4.898
7A2U	A	3UF4	A	D	T	118	118	36	-0.878	0.459	0.979	-1.016
7A2U	A	3UF4	A	L	M	125	125	43	3.961	1.538	1.341	0.517
7A2U	A	3UF4	A	A	H	95	95	13	2.653	1.431	62.057	65.213
7A2U	A	3UF4	A	W	Q	119	119	37	0.806	-0.916	-2.395	-1.066
7A2U	A	3UF4	A	R	M	96	96	14	1.155	1.482	1.59	0.636
7A2U	A	3UF4	A	W	N	120	120	38	-2.253	-2.264	0.599	-2.685
7A2U	A	3UF4	A	R	C	123	123	41	3.282	2.442	3.174	-0.041
7A2U	A	3UF4	A	F	Q	87	87	5	1.313	2.826	4.862	4.581
7A2U	A	3UF4	A	G	R	131	131	49	-1.014	-1.841	11.784	30.164
7CXD	A	7DF6	A	F	G	169	171	53	4.389	5.653	10.92	3.012
7CXD	A	7DF6	A	D	Y	166	168	50	-1.46	0.159	-0.375	-0.344
7CXD	A	7DF6	A	F	V	204	206	88	3.813	4.153	7.646	-3.67
7CXD	A	7DF6	A	I	A	146	148	30	4.431	2.379	6.784	6.064
7CXD	A	7DF6	A	V	Y	216	218	100	-0.161	-0.833	14.568	19.106
7CXD	A	7DF6	A	E	S	196	198	80	-1.91	0.048	1.789	0.993
7CXD	A	7DF6	A	T	N	187	189	71	-0.091	-0.091	2.113	1.225
7CXD	A	7DF6	A	Y	V	233	235	117	1.24	0.392	3.292	1.288
7CXD	A	7DF6	A	G	K	136	138	20	0.954	1.645	2.5	3.413
7CXD	A	7DF6	A	H	W	235	237	119	3.381	3.425	16.32	25.651
7CXD	A	7DF6	A	Q	D	199	201	83	3.005	1.503	0.676	3.765
7CXD	A	7DF6	A	N	F	179	181	63	2.298	3.651	2.609	2.967
7CXD	A	7DF6	A	P	L	173	175	57	2.767	2.274	12.694	-1.355
7CXD	A	7DF6	A	F	K	171	173	55	6.994	7.5	9.624	5.897
7CXD	A	7DF6	A	T	A	127	129	11	1.175	2.91	0.16	-0.239
7CXD	A	7DF6	A	D	T	219	221	103	0.022	-1.257	-0.817	3.559
7CXD	A	7DF6	A	C	Q	185	187	69	16.246	16.627	5.068	4.032
7CXD	A	7DF6	A	I	N	252	254	136	1.791	3.2	7.898	4.398
7CXD	A	7DF6	A	F	E	175	177	59	3.975	2.288	7.512	0.576
7CXD	A	7DF6	A	G	R	247	249	131	12.159	12.204	-2.465	-6.299
7CXD	A	7DF6	A	H	W	220	222	104	7.247	7.444	5.285	6.0
7CXD	A	7DF6	A	I	L	248	250	132	-4.074	-3.456	2.99	3.068
7CXD	A	7DF6	A	T	L	253	255	137	1.291	0.674	-0.575	-3.921
7CXD	A	7DF6	A	E	V	197	199	81	1.164	-0.597	-2.129	-0.089
7CXD	A	7DF6	A	M	V	142	144	26	0.993	0.993	-0.486	1.063
7CXD	A	7DF6	A	M	Q	237	239	121	2.454	3.715	-0.504	1.853
7CXD	A	7DF6	A	E	S	217	219	101	5.913	5.902	-0.131	0.272
7CXD	A	7DF6	A	N	G	186	188	70	-9.55	-8.865	5.876	1.395
7CXD	A	7DF6	A	W	Y	193	195	77	-1.442	-1.39	-1.3	-6.777
7CXD	A	7DF6	A	Q	A	232	234	116	2.661	3.414	-0.606	-2.462
7CXD	A	7DF6	A	G	I	137	139	21	-2.995	-2.351	-2.351	11.43
7CXD	A	7DF6	A	N	Y	192	194	76	0.363	1.345	0.155	-0.021
7CXD	A	7DF6	A	N	M	191	193	75	1.238	1.533	-2.838	-0.514
7CXD	A	7DF6	A	I	Y	157	159	41	-0.717	-2.514	2.14	0.377
7CXD	A	7DF6	A	N	E	176	178	60	8.99	5.949	1.244	-2.271
7CXD	A	7DF6	A	I	N	212	214	96	3.468	2.826	7.165	7.275
7CXD	A	7DF6	A	S	E	206	208	90	0.027	0.027	-4.521	-0.245
7CXD	A	7DF6	A	L	C	215	217	99	5.539	5.055	3.823	1.284
7CXD	A	7DF6	A	M	W	139	141	23	22.238	27.911	5.434	5.409
7CXD	A	7DF6	A	R	T	241	243	125	4.778	4.486	-1.428	-2.052
7CXD	A	7DF6	A	E	I	205	207	89	5.582	5.893	-0.829	-1.474
7CXD	A	7DF6	A	K	S	151	153	35	4.102	2.819	0.974	-2.97
7CXD	A	7DF6	A	P	L	209	211	93	-0.694	-1.684	0.46	-6.822
7CXD	A	7DF6	A	N	R	239	241	123	0.348	1.049	0.276	2.281
7CXD	A	7DF6	A	F	Y	161	163	45	11.086	11.887	0.684	6.67
7CXD	A	7DF6	A	F	H	221	223	105	0.924	0.924	4.414	-2.093
7CXD	A	7DF6	A	E	N	242	244	126	-0.595	-1.344	-0.272	0.881
7CXD	A	7DF6	A	H	V	229	231	113	-1.356	-2.276	-0.365	-2.081
7CXD	A	7DF6	A	K	A	188	190	72	0.531	1.084	-1.438	-5.285
7CXD	A	7DF6	A	T	G	255	257	139	6.816	8.356	1.736	2.321
7CXD	A	7DF6	A	R	V	174	176	58	5.51	6.806	0.539	0.387
7CXD	A	7DF6	A	N	M	172	174	56	2.722	2.727	2.918	-3.367
7CXD	A	7DF6	A	P	V	135	137	19	6.665	1.891	-1.633	-2.367
7CXD	A	7DF6	A	K	N	208	210	92	0.309	-0.402	-0.908	-1.886
7CXD	A	7DF6	A	A	M	168	170	52	2.299	1.574	3.121	2.221
7CXD	A	7DF6	A	Q	H	213	215	97	9.833	8.845	0.551	3.929
7CXD	A	7DF6	A	N	I	226	228	110	-0.047	0.113	-1.004	-1.821
7CXD	A	7DF6	A	I	H	243	245	127	4.411	3.913	4.05	2.119
7CXD	A	7DF6	A	G	W	148	150	32	6.019	6.414	0.533	13.659
7CXD	A	7DF6	A	R	S	236	238	120	2.646	2.692	6.057	1.13
7CXD	A	7DF6	A	N	R	234	236	118	7.319	7.644	0.322	-2.458
7CXD	A	7DF6	A	P	L	133	135	17	-3.674	-2.832	-2.127	-1.728
7CXD	A	7DF6	A	R	H	181	183	65	0.406	1.48	1.693	5.955
7CXD	A	7DF6	A	V	N	138	140	22	29.706	42.207	3.623	4.478
7CXD	A	7DF6	A	Y	F	130	132	14	5.922	5.574	1.519	0.957
7CXD	A	7DF6	A	Q	N	189	191	73	1.247	0.917	-1.653	-0.972
7CXD	A	7DF6	A	S	T	244	246	128	3.459	4.246	-1.577	-0.791
7CXD	A	7DF6	A	D	A	131	133	15	0.78	2.908	2.876	-1.654
7CXD	A	7DF6	A	G	L	250	252	134	-2.038	-2.408	23.304	27.201
7CXD	A	7DF6	A	N	I	165	167	49	1.528	-1.483	-0.637	-0.682
7CXD	A	7DF6	A	V	N	150	152	34	3.266	2.991	2.404	3.181
7CXD	A	7DF6	A	H	G	259	261	143	1.332	1.306	2.436	4.77
7CXD	A	7DF6	A	D	H	190	192	74	-0.4	-2.056	1.581	2.514
7CXD	A	7DF6	A	Q	I	245	247	129	-0.991	-3.043	-0.129	-0.605
7CXD	A	7DF6	A	L	S	246	248	130	1.741	1.458	9.215	0.299
7CXD	A	7DF6	A	I	F	183	185	67	6.888	5.039	12.605	11.033
7CXD	A	7DF6	A	R	W	180	182	64	2.658	2.123	5.886	6.198
7CXD	A	7DF6	A	D	N	251	253	135	19.132	22.66	0.328	0.02
7CXD	A	7DF6	A	A	D	218	220	102	2.093	2.542	2.122	2.219
7CXD	A	7DF6	A	P	I	129	131	13	-4.584	-0.929	-2.241	-4.746
7CXD	A	7DF6	A	A	I	224	226	108	-0.468	-0.905	2.524	2.739
7CXD	A	7DF6	A	M	E	261	263	145	2.114	2.46	1.349	4.451
7CXD	A	7DF6	A	A	T	154	156	38	0.603	0.14	3.369	8.329
7CXD	A	7DF6	A	L	M	240	242	124	0.295	2.196	3.243	1.588
7CXD	A	7DF6	A	L	A	159	161	43	-0.755	1.365	5.095	3.151
7CXD	A	7DF6	A	H	C	170	172	54	4.977	3.683	2.038	-2.581
7BJY	B	2WP2	A	Y	K	108	112	84	1.614	4.348	7.707	5.74
7BJY	B	2WP2	A	L	R	107	111	83	-3.143	28.352	1.71	-0.659
7BJY	B	2WP2	A	Q	S	128	132	104	-2.704	-7.771	-1.104	-1.821
7BJY	B	2WP2	A	K	Y	71	75	47	26.243	-5.296	-2.13	-1.1
7BJY	B	2WP2	A	W	G	50	54	26	3.354	89.328	-4.739	-1.357
7BJY	B	2WP2	A	Y	K	67	71	43	11.72	4.348	4.744	3.749
7BJY	B	2WP2	A	K	R	90	94	66	-1.696	64.01	-2.916	-4.128
7BJY	B	2WP2	A	Y	H	66	70	42	8.49	35.589	2.624	4.143
7BJY	B	2WP2	A	Q	M	120	124	96	2.0	9.339	-2.09	-2.663
7BJY	B	2WP2	A	S	C	49	53	25	-1.003	-48.297	5.89	3.424
7BJY	B	2WP2	A	W	Y	44	48	20	11.465	124.839	-7.818	-4.943
7BJY	B	2WP2	A	C	N	94	98	70	18.814	-21.648	1.279	1.227
7BJY	B	2WP2	A	I	F	69	73	45	3.042	17.888	4.315	3.809
7BJY	B	2WP2	A	N	H	109	113	85	-0.819	102.237	-0.948	0.526
7BJY	B	2WP2	A	H	M	46	50	22	-2.674	-0.852	-2.055	-1.075
7BJY	B	2WP2	A	E	G	123	127	99	7.807	1.899	5.05	5.388
7BJY	B	2WP2	A	P	F	55	59	31	-0.968	39.489	2.308	-0.827
7BJY	B	2WP2	A	P	M	64	68	40	-2.714	-3.098	-1.902	-3.842
7BJY	B	2WP2	A	M	Y	127	131	103	2.875	30.544	-0.915	2.42
7BJY	B	2WP2	A	Q	A	33	37	9	2.492	2.545	-0.293	1.415
7BJY	B	2WP2	A	L	T	130	134	106	-0.458	4.295	-0.707	1.989
7BJY	B	2WP2	A	L	D	61	65	37	1.519	1.942	3.189	1.934
7BJY	B	2WP2	A	A	D	119	123	95	1.186	69.974	7.174	13.659
7BJY	B	2WP2	A	A	D	119	123	95	1.186	69.974	7.174	13.659
7BJY	B	2WP2	A	A	N	121	125	97	1.564	-33.247	-0.289	-0.891
7BJY	B	2WP2	A	A	N	121	125	97	1.564	-33.247	-0.289	-0.891
7BJY	B	2WP2	A	F	C	98	102	74	-0.979	46.886	7.219	3.007
7BJY	B	2WP2	A	F	C	98	102	74	-0.979	46.886	7.219	3.007
7BJY	B	2WP2	A	A	H	91	95	67	-2.937	-9.725	6.414	0.641
7BJY	B	2WP2	A	A	H	91	95	67	-2.937	-9.725	6.414	0.641
7BJY	B	2WP2	A	K	C	129	133	105	1.236	63.227	-2.189	-0.437
7BJY	B	2WP2	A	K	C	129	133	105	1.236	63.227	-2.189	-0.437
7BJY	B	2WP2	A	D	W	57	61	33	3.707	4.536	5.205	5.647
7BJY	B	2WP2	A	D	W	57	61	33	3.707	4.536	5.205	5.647
7BJY	B	2WP2	A	F	H	52	56	28	6.481	46.352	0.56	3.177
7BJY	B	2WP2	A	F	H	52	56	28	6.481	46.352	0.56	3.177
7BJY	B	2WP2	A	L	Q	125	129	101	3.91	-10.817	2.031	3.861
7BJY	B	2WP2	A	L	Q	125	129	101	3.91	-10.817	2.031	3.861
7BJY	B	2WP2	A	T	V	68	72	44	4.584	55.889	-1.738	-2.154
7BJY	B	2WP2	A	T	V	68	72	44	4.584	55.889	-1.738	-2.154
7BJY	B	2WP2	A	A	Y	58	62	34	5.623	22.643	1.31	0.892
7BJY	B	2WP2	A	A	Y	58	62	34	5.623	22.643	1.31	0.892
7BJY	B	2WP2	A	E	M	84	88	60	1.818	5.681	-2.535	-2.706
7BJY	B	2WP2	A	E	M	84	88	60	1.818	5.681	-2.535	-2.706
7BJY	B	2WP2	A	D	M	114	118	90	-0.6	-3.263	-0.715	-2.233
7BJY	B	2WP2	A	D	M	114	118	90	-0.6	-3.263	-0.715	-2.233
7BJY	B	2WP2	A	F	I	126	130	102	0.56	-22.093	9.967	2.413
7BJY	B	2WP2	A	F	I	126	130	102	0.56	-22.093	9.967	2.413
7BJY	B	2WP2	A	L	Y	35	39	11	-1.306	-8.544	8.709	-2.789
7BJY	B	2WP2	A	L	Y	35	39	11	-1.306	-8.544	8.709	-2.789
7BJY	B	2WP2	A	K	G	80	84	56	9.805	68.494	-0.695	1.415
7BJY	B	2WP2	A	K	G	80	84	56	9.805	68.494	-0.695	1.415
7BJY	B	2WP2	A	V	F	39	43	15	1.934	60.936	16.982	-1.6
7BJY	B	2WP2	A	V	F	39	43	15	1.934	60.936	16.982	-1.6
7BJY	B	2WP2	A	Y	S	87	91	63	7.267	48.095	3.075	3.567
7BJY	B	2WP2	A	Y	S	87	91	63	7.267	48.095	3.075	3.567
7BJY	B	2WP2	A	L	H	83	87	59	1.325	14.531	5.287	8.451
7BJY	B	2WP2	A	L	H	83	87	59	1.325	14.531	5.287	8.451
7BJY	B	2WP2	A	S	M	92	96	68	4.264	-80.757	-2.049	-3.099
7BJY	B	2WP2	A	S	M	92	96	68	4.264	-80.757	-2.049	-3.099
7BJY	B	2WP2	A	L	R	32	36	8	-3.87	-68.019	5.886	0.614
7BJY	B	2WP2	A	L	R	32	36	8	-3.87	-68.019	5.886	0.614
7BJY	B	2WP2	A	T	N	29	33	5	-0.506	20.819	0.911	1.117
7BJY	B	2WP2	A	T	N	29	33	5	-0.506	20.819	0.911	1.117
7BJY	B	2WP2	A	K	T	124	128	100	4.193	47.167	-2.807	-2.909
7BJY	B	2WP2	A	K	T	124	128	100	4.193	47.167	-2.807	-2.909
7BJY	B	2WP2	A	I	Y	70	74	46	2.608	-32.124	28.306	27.4
7BJY	B	2WP2	A	I	Y	70	74	46	2.608	-32.124	28.306	27.4
7BJY	B	2WP2	A	T	E	100	104	76	1.691	-23.624	2.977	2.322
7BJY	B	2WP2	A	T	E	100	104	76	1.691	-23.624	2.977	2.322
7BJY	B	2WP2	A	G	F	112	116	88	0.168	-33.403	-1.865	-1.865
7BJY	B	2WP2	A	G	F	112	116	88	0.168	-33.403	-1.865	-1.865
7BJY	B	2WP2	A	F	W	102	106	78	20.595	27.011	10.572	6.861
7BJY	B	2WP2	A	F	W	102	106	78	20.595	27.011	10.572	6.861
7BJY	B	2WP2	A	E	M	96	100	72	2.108	-62.178	-1.411	-1.242
7BJY	B	2WP2	A	E	M	96	100	72	2.108	-62.178	-1.411	-1.242
7BJY	B	2WP2	A	K	E	41	45	17	3.002	-19.46	-3.275	-1.677
7BJY	B	2WP2	A	K	E	41	45	17	3.002	-19.46	-3.275	-1.677
7BJY	B	2WP2	A	L	F	40	44	16	9.484	-8.001	1.214	7.946
7BJY	B	2WP2	A	L	F	40	44	16	9.484	-8.001	1.214	7.946
7BJY	B	2WP2	A	V	D	38	42	14	1.961	-5.852	5.052	2.432
7BJY	B	2WP2	A	V	D	38	42	14	1.961	-5.852	5.052	2.432
7BJY	B	2WP2	A	R	S	82	86	58	-1.788	35.224	0.88	1.026
7BJY	B	2WP2	A	R	S	82	86	58	-1.788	35.224	0.88	1.026
7BJY	B	2WP2	A	T	I	78	82	54	7.704	77.523	0.168	-2.806
7BJY	B	2WP2	A	T	I	78	82	54	7.704	77.523	0.168	-2.806
7BJY	B	2WP2	A	I	C	79	83	55	2.58	-81.737	8.497	5.426
7BJY	B	2WP2	A	I	C	79	83	55	2.58	-81.737	8.497	5.426
7BJY	B	2WP2	A	M	A	133	2001	109	0.686	98.815	3.061	2.141
7BJY	B	2WP2	A	M	A	133	2001	109	0.686	98.815	3.061	2.141
7BJY	B	2WP2	A	L	V	43	47	19	0.394	-131.828	2.955	2.351
7BJY	B	2WP2	A	L	V	43	47	19	0.394	-131.828	2.955	2.351
7BJY	B	2WP2	A	K	E	45	49	21	-6.253	-21.375	-2.158	-2.719
7BJY	B	2WP2	A	K	E	45	49	21	-6.253	-21.375	-2.158	-2.719
7BJY	B	2WP2	A	D	R	97	101	73	-2.544	9.644	-1.5	-2.658
7BJY	B	2WP2	A	D	R	97	101	73	-2.544	9.644	-1.5	-2.658
7BJY	B	2WP2	A	V	C	56	60	32	0.294	-18.915	-0.651	3.02
7BJY	B	2WP2	A	V	C	56	60	32	0.294	-18.915	-0.651	3.02
7BJY	B	2WP2	A	N	V	104	108	80	-2.397	32.516	0.644	2.814
7BJY	B	2WP2	A	N	V	104	108	80	-2.397	32.516	0.644	2.814
7BJY	B	2WP2	A	M	N	101	105	77	1.547	-35.849	1.415	3.484
7BJY	B	2WP2	A	M	N	101	105	77	1.547	-35.849	1.415	3.484
7BJY	B	2WP2	A	L	K	76	80	52	5.673	3.042	7.941	6.705
7BJY	B	2WP2	A	L	K	76	80	52	5.673	3.042	7.941	6.705
7BJY	B	2WP2	A	K	V	110	114	86	-3.608	8.279	-2.542	-2.275
7BJY	B	2WP2	A	K	V	110	114	86	-3.608	8.279	-2.542	-2.275
7BJY	B	2WP2	A	L	N	63	67	39	4.127	-172.355	1.961	1.312
7BJY	B	2WP2	A	L	N	63	67	39	4.127	-172.355	1.961	1.312
7BJY	B	2WP2	A	M	I	74	78	50	3.81	-31.385	-0.576	-1.473
7BJY	B	2WP2	A	M	I	74	78	50	3.81	-31.385	-0.576	-1.473
7BJY	B	2WP2	A	Q	V	53	57	29	5.76	15.843	3.317	0.383
7BJY	B	2WP2	A	Q	V	53	57	29	5.76	15.843	3.317	0.383
7BJY	B	2WP2	A	I	H	115	119	91	3.184	50.617	1.188	4.52
7BJY	B	2WP2	A	I	H	115	119	91	3.184	50.617	1.188	4.52
7DTM	A	4UBQ	A	L	A	12	13	12	2.088	5.083	5.156	8.65
7DTM	A	4UBQ	A	L	A	12	13	12	2.088	5.083	5.156	8.65
7DTM	A	4UBQ	A	F	S	63	64	63	-2.202	-1.054	5.824	10.865
7DTM	A	4UBQ	A	F	S	63	64	63	-2.202	-1.054	5.824	10.865
7DTM	A	4UBQ	A	P	W	162	163	162	11.375	10.069	23.455	4.403
7DTM	A	4UBQ	A	P	W	162	163	162	11.375	10.069	23.455	4.403
7DTM	A	4UBQ	A	G	H	164	165	164	-0.029	0.882	2.62	1.191
7DTM	A	4UBQ	A	G	H	164	165	164	-0.029	0.882	2.62	1.191
7DTM	A	4UBQ	A	K	G	107	108	107	5.152	5.45	-0.413	0.355
7DTM	A	4UBQ	A	K	G	107	108	107	5.152	5.45	-0.413	0.355
7DTM	A	4UBQ	A	R	K	66	67	66	2.998	3.196	2.319	4.542
7DTM	A	4UBQ	A	R	K	66	67	66	2.998	3.196	2.319	4.542
7DTM	A	4UBQ	A	P	K	137	138	137	3.276	5.576	0.795	2.969
7DTM	A	4UBQ	A	P	K	137	138	137	3.276	5.576	0.795	2.969
7DTM	A	4UBQ	A	K	Q	33	34	33	1.323	-0.985	-8.87	-5.729
7DTM	A	4UBQ	A	K	Q	33	34	33	1.323	-0.985	-8.87	-5.729
7DTM	A	4UBQ	A	H	V	19	20	19	-1.356	-1.356	-10.705	-12.123
7DTM	A	4UBQ	A	H	V	19	20	19	-1.356	-1.356	-10.705	-12.123
7DTM	A	4UBQ	A	K	D	8	9	8	5.512	-1.302	-3.284	1.725
7DTM	A	4UBQ	A	K	D	8	9	8	5.512	-1.302	-3.284	1.725
7DTM	A	4UBQ	A	E	G	211	212	211	5.012	0.013	4.81	2.498
7DTM	A	4UBQ	A	E	G	211	212	211	5.012	0.013	4.81	2.498
7DTM	A	4UBQ	A	K	N	58	59	58	0.982	0.286	2.795	-6.627
7DTM	A	4UBQ	A	K	N	58	59	58	0.982	0.286	2.795	-6.627
7DTM	A	4UBQ	A	K	Q	189	190	189	-1.923	-2.439	-2.472	0.736
7DTM	A	4UBQ	A	K	Q	189	190	189	-1.923	-2.439	-2.472	0.736
7DTM	A	4UBQ	A	A	C	44	45	44	-1.306	-0.848	2.17	1.925
7DTM	A	4UBQ	A	A	C	44	45	44	-1.306	-0.848	2.17	1.925
7DTM	A	4UBQ	A	L	M	205	206	205	0.428	0.694	0.208	-0.131
7DTM	A	4UBQ	A	L	M	205	206	205	0.428	0.694	0.208	-0.131
7DTM	A	4UBQ	A	L	E	101	102	101	1.799	1.799	2.26	3.62
7DTM	A	4UBQ	A	L	E	101	102	101	1.799	1.799	2.26	3.62
7DTM	A	4UBQ	A	W	C	28	29	28	-2.535	-14.316	-6.908	-5.58
7DTM	A	4UBQ	A	W	C	28	29	28	-2.535	-14.316	-6.908	-5.58
7DTM	A	4UBQ	A	I	C	70	71	70	1.077	-0.359	5.131	3.318
7DTM	A	4UBQ	A	I	C	70	71	70	1.077	-0.359	5.131	3.318
7DTM	A	4UBQ	A	V	A	30	31	30	1.903	3.084	3.987	3.166
7DTM	A	4UBQ	A	V	A	30	31	30	1.903	3.084	3.987	3.166
7DTM	A	4UBQ	A	P	L	135	136	135	-1.435	0.229	15.859	1.894
7DTM	A	4UBQ	A	P	L	135	136	135	-1.435	0.229	15.859	1.894
7DTM	A	4UBQ	A	A	L	190	191	190	0.106	-1.765	14.756	14.005
7DTM	A	4UBQ	A	A	L	190	191	190	0.106	-1.765	14.756	14.005
7DTM	A	4UBQ	A	T	N	102	103	102	0.323	1.075	6.893	2.849
7DTM	A	4UBQ	A	T	N	102	103	102	0.323	1.075	6.893	2.849
7DTM	A	4UBQ	A	V	M	132	133	132	4.201	1.208	5.969	4.699
7DTM	A	4UBQ	A	V	M	132	133	132	4.201	1.208	5.969	4.699
7DTM	A	4UBQ	A	W	L	62	63	62	-1.674	-3.393	0.171	-3.712
7DTM	A	4UBQ	A	W	L	62	63	62	-1.674	-3.393	0.171	-3.712
7DTM	A	4UBQ	A	G	Q	166	167	166	-5.08	-1.345	0.549	1.813
7DTM	A	4UBQ	A	G	Q	166	167	166	-5.08	-1.345	0.549	1.813
7DTM	A	4UBQ	A	T	H	52	53	52	2.857	-0.939	1.213	0.864
7DTM	A	4UBQ	A	T	H	52	53	52	2.857	-0.939	1.213	0.864
7DTM	A	4UBQ	A	F	S	78	79	78	2.892	4.861	-0.662	2.939
7DTM	A	4UBQ	A	F	S	78	79	78	2.892	4.861	-0.662	2.939
7DTM	A	4UBQ	A	L	M	7	8	7	3.882	2.664	4.971	-4.377
7DTM	A	4UBQ	A	L	M	7	8	7	3.882	2.664	4.971	-4.377
7DTM	A	4UBQ	A	E	W	174	175	174	6.769	9.717	5.174	6.056
7DTM	A	4UBQ	A	E	W	174	175	174	6.769	9.717	5.174	6.056
7DTM	A	4UBQ	A	A	V	180	181	180	8.326	9.674	2.843	-1.024
7DTM	A	4UBQ	A	S	M	220	221	220	-1.032	-1.097	2.225	-0.424
7DTM	A	4UBQ	A	P	H	5	6	5	-0.089	1.52	0.541	-1.692
7DTM	A	4UBQ	A	E	T	10	11	10	0.69	0.192	3.708	-2.015
7DTM	A	4UBQ	A	E	V	104	105	104	-0.698	0.838	-1.553	1.507
7DTM	A	4UBQ	A	F	Y	118	119	118	-0.281	0.669	1.742	2.091
7DTM	A	4UBQ	A	E	K	150	151	150	3.05	-5.003	4.989	2.552
7DTM	A	4UBQ	A	D	I	142	143	142	-2.097	-0.441	2.711	17.138
7DTM	A	4UBQ	A	V	L	38	39	38	5.44	5.331	4.514	6.286
7DTM	A	4UBQ	A	G	Q	84	85	84	7.729	5.178	20.226	65.242
7DTM	A	4UBQ	A	Y	G	68	69	68	3.275	3.275	9.213	16.255
7DTM	A	4UBQ	A	Y	W	97	98	97	32.228	32.991	6.76	13.409
7DTM	A	4UBQ	A	T	L	56	57	56	-1.817	-5.273	1.159	1.792
7DTM	A	4UBQ	A	V	Q	40	41	40	5.774	6.524	5.388	5.186
7DTM	A	4UBQ	A	V	N	112	113	112	2.636	1.561	2.305	2.762
7DTM	A	4UBQ	A	S	H	185	186	185	2.089	0.026	2.098	1.482
7DTM	A	4UBQ	A	N	S	143	144	143	1.467	-0.415	1.315	-4.865
7DTM	A	4UBQ	A	L	W	206	207	206	4.81	7.427	28.979	17.355
7DTM	A	4UBQ	A	V	W	145	146	145	9.964	20.811	28.649	15.39
7DTM	A	4UBQ	A	Y	T	17	18	17	3.899	5.69	8.504	5.639
7DTM	A	4UBQ	A	S	H	21	22	21	10.973	9.028	7.53	3.485
7DTM	A	4UBQ	A	Q	G	212	213	212	3.255	4.673	4.265	2.314
7DTM	A	4UBQ	A	G	I	29	30	29	-3.542	-4.715	-2.351	0.016
7DTM	A	4UBQ	A	K	H	69	70	69	-0.377	1.01	-1.381	-0.625
7DTM	A	4UBQ	A	A	M	171	172	171	0.51	-1.468	7.012	1.133
7DTM	A	4UBQ	A	L	C	183	184	183	4.566	2.641	7.62	-2.501
7DTM	A	4UBQ	A	L	D	192	193	192	2.051	2.467	5.325	4.66
7DTM	A	4UBQ	A	C	V	158	159	158	11.485	11.485	2.686	0.767
7DTM	A	4UBQ	A	G	E	85	86	85	26.151	18.861	49.042	43.167
7DTM	A	4UBQ	A	Q	M	113	114	113	-1.133	-0.075	-0.745	-1.238
7DTM	A	4UBQ	A	S	L	198	199	198	2.356	0.42	-0.786	-2.689
7DTM	A	4UBQ	A	L	A	59	60	59	2.148	-0.315	-0.489	0.026
7DTM	A	4UBQ	A	E	G	14	15	14	3.533	0.244	2.39	1.278
7DTM	A	4UBQ	A	G	T	35	36	35	0.82	0.167	3.888	14.202
7DTM	A	4UBQ	A	G	Y	27	28	27	-1.511	-0.362	-3.275	-0.93
7DTM	A	4UBQ	A	S	Y	80	81	80	2.358	-0.238	-1.382	-0.188
7DTM	A	4UBQ	A	T	G	20	21	20	4.221	-5.257	4.013	4.923
7DTM	A	4UBQ	A	V	A	121	122	121	2.637	0.703	1.268	1.121
7DTM	A	4UBQ	A	E	Q	87	88	87	1.564	2.288	0.674	0.486
7DTM	A	4UBQ	A	S	C	117	118	117	-0.17	-1.419	-1.722	-1.231
7DTM	A	4UBQ	A	G	I	138	139	138	6.315	6.808	18.935	1.162
7DTM	A	4UBQ	A	H	N	139	140	139	8.744	12.717	1.792	-2.804
7DTM	A	4UBQ	A	D	F	170	171	170	3.366	1.956	-2.41	0.64
7DTM	A	4UBQ	A	V	W	193	194	193	6.648	6.286	40.413	29.592
7DTM	A	4UBQ	A	K	D	186	187	186	-2.849	-0.575	-0.562	-0.104
7DTM	A	4UBQ	A	P	Q	95	96	95	1.039	3.047	-0.931	-12.068
7DTM	A	4UBQ	A	K	Y	111	112	111	1.108	-4.348	-1.748	-0.544
7DTM	A	4UBQ	A	T	F	96	97	96	4.41	1.764	19.042	10.016
7DTM	A	4UBQ	A	H	M	34	35	34	-7.772	3.912	-0.419	1.959
7DTM	A	4UBQ	A	H	M	34	35	34	-7.772	3.912	-0.419	1.959
7DTM	A	4UBQ	A	N	I	116	117	116	-3.293	-0.364	-1.29	-4.244
7DTM	A	4UBQ	A	N	I	116	117	116	-3.293	-0.364	-1.29	-4.244
7DTM	A	4UBQ	A	N	C	172	173	172	1.258	1.002	3.478	0.43
7DTM	A	4UBQ	A	N	C	172	173	172	1.258	1.002	3.478	0.43
7DTM	A	4UBQ	A	W	S	88	89	88	-0.022	1.244	4.523	5.371
7DTM	A	4UBQ	A	K	I	71	72	71	-3.424	-3.424	-1.895	-5.145
7DTM	A	4UBQ	A	K	R	11	12	11	0.604	-2.659	-1.196	1.678
7DTM	A	4UBQ	A	P	T	149	150	149	4.203	5.819	-0.584	-6.436
7DTM	A	4UBQ	A	L	D	46	47	46	8.333	9.983	4.817	7.224
7DTM	A	4UBQ	A	E	F	199	200	199	-2.104	-2.597	2.078	3.213
7DTM	A	4UBQ	A	E	H	100	101	100	2.643	6.545	1.152	2.386
7DTM	A	4UBQ	A	F	L	159	160	159	-7.004	-8.696	4.051	7.725
7DTM	A	4UBQ	A	N	V	26	27	26	-1.429	-1.429	-1.14	2.457
7DTM	A	4UBQ	A	F	E	22	23	22	2.175	3.521	6.34	3.239
7L1Z	A	5VQJ	A	Y	N	153	126	127	2.654	5.841	8.829	8.326
7L1Z	A	5VQJ	A	A	T	181	154	155	0.592	2.133	0.83	0.925
7L1Z	A	5VQJ	A	I	G	206	179	180	13.584	4.984	5.036	2.95
7L1Z	A	5VQJ	A	A	S	237	210	211	2.543	1.7	2.094	1.57
7L1Z	A	5VQJ	A	F	S	65	38	39	3.784	2.699	8.034	2.628
7L1Z	A	5VQJ	A	K	D	50	23	24	0.317	-0.032	5.086	-0.244
7L1Z	A	5VQJ	A	N	G	149	122	123	5.114	5.428	2.645	4.712
7L1Z	A	5VQJ	A	N	T	96	69	70	5.505	6.259	2.572	0.545
7L1Z	A	5VQJ	A	L	Q	224	197	198	7.54	7.767	2.806	3.802
7L1Z	A	5VQJ	A	T	H	236	209	210	37.562	25.188	3.438	-0.584
7L1Z	A	5VQJ	A	G	V	79	52	53	9.71	24.65	-2.297	27.16
7L1Z	A	5VQJ	A	H	M	40	13	14	-2.349	-2.349	-1.142	-4.883
7L1Z	A	5VQJ	A	H	E	83	56	57	3.627	2.464	0.16	-1.395
7L1Z	A	5VQJ	A	R	W	157	130	131	7.913	14.083	36.544	-1.109
7L1Z	A	5VQJ	A	D	T	188	161	162	0.112	0.123	-1.24	-1.115
7L1Z	A	5VQJ	A	A	N	37	10	11	1.03	-0.677	0.854	7.27
7L1Z	A	5VQJ	A	V	E	67	40	41	1.851	2.008	9.689	5.25
7L1Z	A	5VQJ	A	E	L	152	125	126	0.139	1.665	-0.335	-1.904
7L1Z	A	5VQJ	A	Y	S	142	115	116	10.3	-3.208	6.932	4.101
7L1Z	A	5VQJ	A	G	R	150	123	124	4.493	1.054	2.791	1.114
7L1Z	A	5VQJ	A	H	L	48	21	22	3.7	0.966	3.878	-3.835
7L1Z	A	5VQJ	A	Q	F	70	43	44	4.617	11.379	5.69	1.711
7L1Z	A	5VQJ	A	P	V	179	152	153	-3.197	-8.449	5.569	-23.832
7L1Z	A	5VQJ	A	P	V	179	152	153	-3.197	-8.449	5.569	-23.832
7L1Z	A	5VQJ	A	P	V	179	152	153	-3.197	-8.449	5.569	-23.832
7L1Z	A	5VQJ	A	P	V	179	152	153	-3.197	-8.449	5.569	-23.832
7L1Z	A	5VQJ	A	V	H	197	170	171	1.356	1.356	6.832	11.825
7L1Z	A	5VQJ	A	V	H	197	170	171	1.356	1.356	6.832	11.825
7L1Z	A	5VQJ	A	V	H	197	170	171	1.356	1.356	6.832	11.825
7L1Z	A	5VQJ	A	V	H	197	170	171	1.356	1.356	6.832	11.825
7L1Z	A	5VQJ	A	I	K	192	165	166	11.525	14.586	3.243	5.278
7L1Z	A	5VQJ	A	I	K	192	165	166	11.525	14.586	3.243	5.278
7L1Z	A	5VQJ	A	I	K	192	165	166	11.525	14.586	3.243	5.278
7L1Z	A	5VQJ	A	I	K	192	165	166	11.525	14.586	3.243	5.278
7L1Z	A	5VQJ	A	Y	H	107	80	81	12.683	10.973	-0.732	4.209
7L1Z	A	5VQJ	A	Y	H	107	80	81	12.683	10.973	-0.732	4.209
7L1Z	A	5VQJ	A	Y	H	107	80	81	12.683	10.973	-0.732	4.209
7L1Z	A	5VQJ	A	Y	H	107	80	81	12.683	10.973	-0.732	4.209
7L1Z	A	5VQJ	A	G	M	100	73	74	-2.209	-1.98	0.241	-3.29
7L1Z	A	5VQJ	A	G	M	100	73	74	-2.209	-1.98	0.241	-3.29
7L1Z	A	5VQJ	A	E	L	184	157	158	3.069	1.756	1.119	-0.915
7L1Z	A	5VQJ	A	E	L	184	157	158	3.069	1.756	1.119	-0.915
7L1Z	A	5VQJ	A	I	E	159	132	133	5.651	-1.8	4.052	1.251
7L1Z	A	5VQJ	A	I	E	159	132	133	5.651	-1.8	4.052	1.251
7L1Z	A	5VQJ	A	Y	F	93	66	67	9.156	1.327	-7.767	2.494
7L1Z	A	5VQJ	A	Y	F	93	66	67	9.156	1.327	-7.767	2.494
7A1V	A	4RCJ	A	H	C	512	491	127	-0.181	-0.649	-1.215	-13.073
7A1V	A	4RCJ	A	H	C	512	491	127	-0.181	-0.649	-1.215	-13.073
7A1V	A	4RCJ	A	G	H	438	417	53	-0.941	-0.941	12.455	10.372
7A1V	A	4RCJ	A	G	H	438	417	53	-0.941	-0.941	12.455	10.372
7A1V	A	4RCJ	A	L	C	534	513	149	2.032	1.512	-11.842	1.943
7A1V	A	4RCJ	A	L	C	534	513	149	2.032	1.512	-11.842	1.943
7A1V	A	4RCJ	A	N	K	525	504	140	5.214	5.876	3.262	3.301
7A1V	A	4RCJ	A	N	K	525	504	140	5.214	5.876	3.262	3.301
7A1V	A	4RCJ	A	M	K	449	428	64	6.418	-8.778	6.243	4.756
7A1V	A	4RCJ	A	M	K	449	428	64	6.418	-8.778	6.243	4.756
7A1V	A	4RCJ	A	I	D	500	479	115	9.771	12.742	5.56	6.025
7A1V	A	4RCJ	A	I	D	500	479	115	9.771	12.742	5.56	6.025
7A1V	A	4RCJ	A	H	S	437	416	52	2.842	4.917	-1.972	-2.934
7A1V	A	4RCJ	A	H	S	437	416	52	2.842	4.917	-1.972	-2.934
7A1V	A	4RCJ	A	H	S	437	416	52	2.842	4.917	-1.972	-2.934
7A1V	A	4RCJ	A	H	S	437	416	52	2.842	4.917	-1.972	-2.934
7A1V	A	4RCJ	A	H	S	437	416	52	2.842	4.917	-1.972	-2.934
7A1V	A	4RCJ	A	H	S	437	416	52	2.842	4.917	-1.972	-2.934
7A1V	A	4RCJ	A	V	Q	412	391	27	3.737	3.908	5.027	3.331
7A1V	A	4RCJ	A	V	Q	412	391	27	3.737	3.908	5.027	3.331
7A1V	A	4RCJ	A	I	G	513	492	128	1.661	3.171	10.088	8.278
7A1V	A	4RCJ	A	I	G	513	492	128	1.661	3.171	10.088	8.278
7A1V	A	4RCJ	A	A	W	483	462	98	-4.999	4.125	12.779	49.401
7A1V	A	4RCJ	A	A	W	483	462	98	-4.999	4.125	12.779	49.401
7A1V	A	4RCJ	A	G	A	484	463	99	-1.13	-1.13	0.026	-3.044
7A1V	A	4RCJ	A	G	A	484	463	99	-1.13	-1.13	0.026	-3.044
7A1V	A	4RCJ	A	S	H	460	439	75	1.765	4.219	0.298	9.102
7A1V	A	4RCJ	A	S	H	460	439	75	1.765	4.219	0.298	9.102
7A1V	A	4RCJ	A	N	T	520	499	135	3.34	1.819	2.41	1.529
7A1V	A	4RCJ	A	N	T	520	499	135	3.34	1.819	2.41	1.529
7A1V	A	4RCJ	A	K	L	416	395	31	1.184	-4.567	-4.213	-5.239
7A1V	A	4RCJ	A	K	L	416	395	31	1.184	-4.567	-4.213	-5.239
7A1V	A	4RCJ	A	D	A	421	400	36	-1.012	-0.005	-0.287	0.515
7A1V	A	4RCJ	A	D	A	421	400	36	-1.012	-0.005	-0.287	0.515
7A1V	A	4RCJ	A	V	G	505	484	120	2.563	2.948	10.121	2.771
7A1V	A	4RCJ	A	V	G	505	484	120	2.563	2.948	10.121	2.771
7A1V	A	4RCJ	A	P	D	454	433	69	13.036	8.802	-1.481	-0.571
7A1V	A	4RCJ	A	P	D	454	433	69	13.036	8.802	-1.481	-0.571
7A1V	A	4RCJ	A	S	A	464	443	79	1.929	3.16	0.952	-1.559
7A1V	A	4RCJ	A	S	A	464	443	79	1.929	3.16	0.952	-1.559
7A1V	A	4RCJ	A	V	Y	470	449	85	40.19	34.267	15.98	12.28
7A1V	A	4RCJ	A	V	Y	470	449	85	40.19	34.267	15.98	12.28
7A1V	A	4RCJ	A	R	A	514	493	129	5.773	5.658	1.386	0.649
7A1V	A	4RCJ	A	R	A	514	493	129	5.773	5.658	1.386	0.649
7A1V	A	4RCJ	A	K	H	452	431	67	0.631	-0.598	-1.566	0.226
7A1V	A	4RCJ	A	K	H	452	431	67	0.631	-0.598	-1.566	0.226
7A1V	A	4RCJ	A	G	T	465	444	80	4.691	5.589	-0.778	-0.778
7A1V	A	4RCJ	A	G	T	465	444	80	4.691	5.589	-0.778	-0.778
7A1V	A	4RCJ	A	D	L	489	468	104	-2.319	0.433	-0.597	-0.537
7A1V	A	4RCJ	A	D	L	489	468	104	-2.319	0.433	-0.597	-0.537
7A1V	A	4RCJ	A	E	H	436	415	51	2.961	1.765	2.993	4.583
7A1V	A	4RCJ	A	E	H	436	415	51	2.961	1.765	2.993	4.583
7A1V	A	4RCJ	A	N	T	518	497	133	2.522	5.766	2.73	7.957
7A1V	A	4RCJ	A	N	T	518	497	133	2.522	5.766	2.73	7.957
7A1V	A	4RCJ	A	E	A	420	399	35	0.015	-0.67	-0.446	0.039
7A1V	A	4RCJ	A	E	A	420	399	35	0.015	-0.67	-0.446	0.039
7A1V	A	4RCJ	A	D	F	528	507	143	0.512	-2.42	1.955	2.724
7A1V	A	4RCJ	A	D	F	528	507	143	0.512	-2.42	1.955	2.724
7A1V	A	4RCJ	A	C	S	433	412	48	18.374	18.631	1.19	-2.445
7A1V	A	4RCJ	A	C	S	433	412	48	18.374	18.631	1.19	-2.445
7A1V	A	4RCJ	A	V	M	477	456	92	-0.993	-0.582	5.926	0.734
7A1V	A	4RCJ	A	V	M	477	456	92	-0.993	-0.582	5.926	0.734
7A1V	A	4RCJ	A	D	C	422	401	37	-0.779	-4.071	1.802	-2.068
7A1V	A	4RCJ	A	D	C	422	401	37	-0.779	-4.071	1.802	-2.068
7A1V	A	4RCJ	A	S	R	546	525	161	14.253	-1.991	0.271	0.722
7A1V	A	4RCJ	A	S	R	546	525	161	14.253	-1.991	0.271	0.722
7A1V	A	4RCJ	A	T	K	529	508	144	3.203	6.067	6.179	3.075
7A1V	A	4RCJ	A	T	K	529	508	144	3.203	6.067	6.179	3.075
7A1V	A	4RCJ	A	W	F	499	478	114	-2.12	-2.459	9.649	2.733
7A1V	A	4RCJ	A	W	F	499	478	114	-2.12	-2.459	9.649	2.733
7A1V	A	4RCJ	A	R	C	447	426	62	3.027	3.515	0.978	-2.695
7A1V	A	4RCJ	A	R	C	447	426	62	3.027	3.515	0.978	-2.695
7A1V	A	4RCJ	A	V	W	461	440	76	18.125	10.38	5.511	33.008
7A1V	A	4RCJ	A	V	W	461	440	76	18.125	10.38	5.511	33.008
7A1V	A	4RCJ	A	G	T	453	432	68	0.278	-2.021	17.353	0.842
7A1V	A	4RCJ	A	G	T	453	432	68	0.278	-2.021	17.353	0.842
7A1V	A	4RCJ	A	W	Q	432	411	47	-1.708	4.888	6.114	0.737
7A1V	A	4RCJ	A	W	Q	432	411	47	-1.708	4.888	6.114	0.737
7A1V	A	4RCJ	A	L	N	442	421	57	1.977	0.779	4.567	5.714
7A1V	A	4RCJ	A	L	N	442	421	57	1.977	0.779	4.567	5.714
7A1V	A	4RCJ	A	S	Y	526	505	141	-0.576	-0.954	23.408	14.064
7A1V	A	4RCJ	A	S	Y	526	505	141	-0.576	-0.954	23.408	14.064
7A1V	A	4RCJ	A	D	R	496	475	111	7.904	10.82	-1.187	-5.435
7A1V	A	4RCJ	A	D	R	496	475	111	7.904	10.82	-1.187	-5.435
7A1V	A	4RCJ	A	A	S	445	424	60	0.79	0.933	2.834	0.225
7A1V	A	4RCJ	A	A	S	445	424	60	0.79	0.933	2.834	0.225
7A1V	A	4RCJ	A	F	S	467	446	82	2.589	4.34	5.869	5.198
7A1V	A	4RCJ	A	F	S	467	446	82	2.589	4.34	5.869	5.198
7A1V	A	4RCJ	A	F	S	467	446	82	2.589	4.34	5.869	5.198
7A1V	A	4RCJ	A	F	S	467	446	82	2.589	4.34	5.869	5.198
7A1V	A	4RCJ	A	H	F	424	403	39	5.309	1.757	1.448	0.784
7A1V	A	4RCJ	A	H	F	424	403	39	5.309	1.757	1.448	0.784
7A1V	A	4RCJ	A	H	F	424	403	39	5.309	1.757	1.448	0.784
7A1V	A	4RCJ	A	H	F	424	403	39	5.309	1.757	1.448	0.784
7A1V	A	4RCJ	A	K	N	492	471	107	-0.718	-1.161	-1.466	-1.461
7A1V	A	4RCJ	A	K	N	492	471	107	-0.718	-1.161	-1.466	-1.461
7A1V	A	4RCJ	A	F	S	501	480	116	5.507	6.258	7.541	-2.102
7A1V	A	4RCJ	A	F	S	501	480	116	5.507	6.258	7.541	-2.102
7A1V	A	4RCJ	A	L	S	458	437	73	9.467	9.919	8.376	4.982
7A1V	A	4RCJ	A	L	S	458	437	73	9.467	9.919	8.376	4.982
7A1V	A	4RCJ	A	V	R	523	502	138	5.692	10.037	22.958	10.777
7A1V	A	4RCJ	A	V	R	523	502	138	5.692	10.037	22.958	10.777
7A1V	A	4RCJ	A	A	N	537	516	152	-2.431	0.566	18.243	12.573
7A1V	A	4RCJ	A	A	N	537	516	152	-2.431	0.566	18.243	12.573
7A1V	A	4RCJ	A	N	C	439	418	54	6.549	7.484	3.078	3.777
7A1V	A	4RCJ	A	N	C	439	418	54	6.549	7.484	3.078	3.777
7A1V	A	4RCJ	A	I	M	543	522	158	-0.291	1.194	3.058	-0.54
7A1V	A	4RCJ	A	I	M	543	522	158	-0.291	1.194	3.058	-0.54
7A1V	A	4RCJ	A	E	T	535	514	150	0.211	1.495	0.778	-0.827
7A1V	A	4RCJ	A	E	T	535	514	150	0.211	1.495	0.778	-0.827
7A1V	A	4RCJ	A	G	V	493	472	108	-3.258	-4.889	7.426	-2.297
7A1V	A	4RCJ	A	G	V	493	472	108	-3.258	-4.889	7.426	-2.297
7A1V	A	4RCJ	A	S	V	426	405	41	-2.865	-7.336	8.289	4.217
7A1V	A	4RCJ	A	S	V	426	405	41	-2.865	-7.336	8.289	4.217
7A1V	A	4RCJ	A	Q	G	488	467	103	2.332	0.17	3.974	3.38
7A1V	A	4RCJ	A	Q	G	488	467	103	2.332	0.17	3.974	3.38
7A1V	A	4RCJ	A	P	G	533	512	148	7.479	6.776	4.024	-1.025
7A1V	A	4RCJ	A	P	G	533	512	148	7.479	6.776	4.024	-1.025
7A1V	A	4RCJ	A	S	N	419	398	34	-4.017	-5.632	3.516	-2.758
7A1V	A	4RCJ	A	S	N	419	398	34	-4.017	-5.632	3.516	-2.758
7A1V	A	4RCJ	A	H	W	466	445	81	1.475	1.475	5.324	2.593
7A1V	A	4RCJ	A	H	W	466	445	81	1.475	1.475	5.324	2.593
7A1V	A	4RCJ	A	I	D	415	394	30	7.103	6.571	8.003	8.932
7A1V	A	4RCJ	A	I	D	415	394	30	7.103	6.571	8.003	8.932
7A1V	A	4RCJ	A	I	V	544	523	159	1.215	2.296	2.492	0.524
7A1V	A	4RCJ	A	I	V	544	523	159	1.215	2.296	2.492	0.524
7A1V	A	4RCJ	A	K	G	428	407	43	3.634	5.146	2.512	2.99
7A1V	A	4RCJ	A	K	G	428	407	43	3.634	5.146	2.512	2.99
7A1V	A	4RCJ	A	G	I	463	442	78	-3.237	-4.604	-2.351	-2.351
7A1V	A	4RCJ	A	G	I	463	442	78	-3.237	-4.604	-2.351	-2.351
7A1V	A	4RCJ	A	P	Y	522	501	137	-1.669	-2.906	1.992	2.542
7A1V	A	4RCJ	A	P	Y	522	501	137	-1.669	-2.906	1.992	2.542
7A1V	A	4RCJ	A	D	W	504	483	119	6.267	33.176	1.25	1.038
7A1V	A	4RCJ	A	K	R	538	517	153	23.505	18.271	-1.975	-2.638
7A1V	A	4RCJ	A	M	E	473	452	88	3.119	3.119	3.475	2.368
7A1V	A	4RCJ	A	N	L	507	486	122	0.998	-0.215	-1.173	-0.56
7A1V	A	4RCJ	A	I	W	427	406	42	56.109	45.107	7.973	5.325
7A1V	A	4RCJ	A	E	C	516	495	131	4.36	4.476	0.271	0.485
7A1V	A	4RCJ	A	R	D	411	390	26	8.96	14.15	3.046	1.529
7JKW	A	2NXB	A	C	A	136	112	95	13.406	15.13	-1.052	-2.434
7JKW	A	2NXB	A	V	D	70	46	29	6.323	5.475	8.495	4.219
7JKW	A	2NXB	A	I	C	146	122	105	-12.052	-11.104	-0.076	1.143
7JKW	A	2NXB	A	Y	S	137	113	96	-10.066	-12.137	6.232	4.802
7JKW	A	2NXB	A	I	Y	100	76	59	0.886	2.25	2.351	1.455
7JKW	A	2NXB	A	P	T	82	58	41	-3.887	-7.524	0.823	-2.366
7JKW	A	2NXB	A	K	W	112	88	71	0.71	4.057	1.339	3.175
7JKW	A	2NXB	A	E	W	154	130	113	30.972	20.357	5.594	0.919
7JKW	A	2NXB	A	K	H	91	67	50	4.612	-0.242	0.012	0.584
7JKW	A	2NXB	A	D	T	106	82	65	-2.892	-0.882	0.464	-10.318
7JKW	A	2NXB	A	N	M	116	92	75	-0.062	0.44	1.353	0.74
7JKW	A	2NXB	A	W	I	75	51	34	-0.623	-1.56	-6.504	-5.239
7JKW	A	2NXB	A	K	Y	141	117	100	-2.371	-5.184	-2.062	-1.32
7JKW	A	2NXB	A	N	C	130	106	89	6.907	5.676	0.316	1.214
7JKW	A	2NXB	A	V	T	87	63	46	1.316	0.929	0.996	-1.633
7JKW	A	2NXB	A	D	N	144	120	103	1.412	-1.892	-0.106	-0.97
7JKW	A	2NXB	A	A	M	80	56	39	2.532	-1.885	7.825	-0.039
7JKW	A	2NXB	A	A	L	122	98	81	0.531	4.15	6.139	-0.735
7JKW	A	2NXB	A	L	H	114	90	73	11.966	0.662	5.831	1.609
7JKW	A	2NXB	A	D	H	88	64	47	3.378	-0.458	3.882	-1.06
7JKW	A	2NXB	A	Y	W	118	94	77	4.794	6.775	8.008	8.444
7JKW	A	2NXB	A	Q	I	64	40	23	-0.005	0.932	-1.328	0.742
7JKW	A	2NXB	A	F	C	157	133	116	-2.116	4.103	7.379	4.97
7JKW	A	2NXB	A	E	L	124	100	83	-2.181	1.314	0.545	0.746
7JKW	A	2NXB	A	M	E	132	108	91	3.531	5.233	4.889	5.367
7JKW	A	2NXB	A	K	M	72	48	31	-0.96	-0.881	-2.937	-3.782
7JKW	A	2NXB	A	W	V	120	96	79	-6.959	7.158	-6.55	-1.149
7JKW	A	2NXB	A	C	F	125	101	84	18.279	15.902	8.94	-5.893
7JKW	A	2NXB	A	L	Y	92	68	51	1.728	2.257	0.679	-0.479
7JKW	A	2NXB	A	D	E	128	104	87	-3.339	-1.026	4.425	-2.066
7JKW	A	2NXB	A	L	F	94	70	53	4.714	2.229	-0.902	15.65
7JKW	A	2NXB	A	F	N	129	105	88	3.135	3.77	5.443	1.344
7JKW	A	2NXB	A	Q	K	127	103	86	2.708	0.556	0.749	-0.831
7JKW	A	2NXB	A	D	V	145	121	104	-4.051	0.904	-1.469	-0.59
7JKW	A	2NXB	A	L	Q	148	124	107	-0.068	3.992	1.348	0.852
7RJJ	A	5M38	A	Q	M	513	85	89	-2.676	4.387	-1.801	-3.936
7RJJ	A	5M38	A	L	C	446	18	22	0.518	1.162	5.652	0.518
7RJJ	A	5M38	A	G	W	516	88	92	1.704	0.066	59.787	43.734
7RJJ	A	5M38	A	R	S	530	102	106	10.595	6.108	3.665	-0.154
7RJJ	A	5M38	A	N	H	533	105	109	-1.705	0.378	10.879	3.201
7RJJ	A	5M38	A	D	M	460	32	36	-3.263	-3.997	-2.237	-4.975
7RJJ	A	5M38	A	K	L	462	34	38	-0.638	-1.666	-2.313	-2.392
7RJJ	A	5M38	A	I	A	461	33	37	-0.387	3.805	5.559	0.045
7RJJ	A	5M38	A	W	D	498	70	74	-0.56	-0.56	4.906	-4.872
7RJJ	A	5M38	A	E	N	517	89	93	0.736	7.038	-1.392	-1.104
7RJJ	A	5M38	A	V	T	512	84	88	1.387	3.672	3.272	-3.212
7RJJ	A	5M38	A	S	Y	508	80	84	3.958	-1.822	-0.359	1.624
7RJJ	A	5M38	A	P	Y	448	20	24	1.088	-0.03	-1.21	-2.435
7RJJ	A	5M38	A	T	H	475	47	51	-0.164	-0.164	2.254	9.442
7RJJ	A	5M38	A	V	S	471	43	47	8.287	4.573	7.311	7.078
7RJJ	A	5M38	A	A	C	522	94	98	3.25	0.8	1.207	0.745
7RJJ	A	5M38	A	T	G	451	23	27	4.64	4.631	2.317	-0.505
7RJJ	A	5M38	A	G	V	514	86	90	-7.829	-2.004	22.934	8.074
7RJJ	A	5M38	A	K	L	447	19	23	-3.042	-3.042	-3.792	-3.321
7RJJ	A	5M38	A	R	F	500	72	76	-3.64	-0.565	3.382	2.64
7RJJ	A	5M38	A	W	F	444	16	20	1.15	0.481	-3.115	-2.511
7RJJ	A	5M38	A	S	V	518	90	94	2.393	-0.489	1.803	-3.296
7RJJ	A	5M38	A	R	A	534	106	110	8.252	6.879	1.564	-3.826
7RJJ	A	5M38	A	S	T	488	60	64	-0.748	-0.1	9.955	10.146
7RJJ	A	5M38	A	L	F	468	40	44	0.842	-6.751	11.913	0.85
7RJJ	A	5M38	A	P	N	520	92	96	1.179	-1.212	-1.24	-0.406
7RJJ	A	5M38	A	N	Q	484	56	60	-0.376	0.675	6.102	5.648
7RJJ	A	5M38	A	G	N	479	51	55	-1.712	-2.419	0.497	0.252
7RJJ	A	5M38	A	N	V	524	96	100	-2.227	-0.797	1.289	0.986
7RJJ	A	5M38	A	S	Y	435	7	11	3.133	7.119	23.078	3.161
7RJJ	A	5M38	A	A	V	492	64	68	8.83	4.658	15.925	9.717
7RJJ	A	5M38	A	G	L	442	14	18	-6.88	0.37	0.015	-1.969
7RJJ	A	5M38	A	R	N	519	91	95	0.993	-0.305	-0.405	0.692
7RJJ	A	5M38	A	D	L	501	73	77	3.654	-1.415	0.934	-0.841
7RJJ	A	5M38	A	A	K	511	83	87	8.719	12.055	2.561	2.123
7RJJ	A	5M38	A	W	Q	467	39	43	-1.082	-1.088	1.844	-6.512
7RJJ	A	5M38	A	L	Y	438	10	14	18.897	0.378	13.242	1.026
7RJJ	A	5M38	A	R	E	496	68	72	11.023	9.906	0.843	2.567
7RJJ	A	5M38	A	G	N	449	21	25	-4.324	-2.441	-1.084	-2.311
7RJJ	A	5M38	A	I	R	469	41	45	3.676	3.619	9.482	16.279
7RJJ	A	5M38	A	E	T	528	100	104	-2.704	0.27	-0.245	-0.243
7RJJ	A	5M38	A	V	F	470	42	46	6.009	14.242	1.629	4.922
7RJJ	A	5M38	A	P	K	542	114	118	1.437	-1.233	0.249	-7.48
7RJJ	A	5M38	A	Q	W	485	57	61	26.932	19.577	3.552	6.104
7RJJ	A	5M38	A	D	F	504	76	80	17.667	12.338	2.558	1.335
7RJJ	A	5M38	A	V	A	495	67	71	-1.543	1.167	5.086	2.976
7RJJ	A	5M38	A	L	E	487	59	63	1.2	0.957	5.43	-0.154
7RJJ	A	5M38	A	A	D	531	103	107	1.491	3.477	2.233	3.612
7RJJ	A	5M38	A	D	R	525	97	101	7.926	-2.001	-1.066	2.261
7RJJ	A	5M38	A	R	V	432	4	8	-1.859	-0.714	-2.995	-3.845
7RJJ	A	5M38	A	D	I	497	69	73	-0.979	1.908	-3.496	-1.886
7RJJ	A	5M38	A	T	K	526	98	102	3.867	4.092	2.34	4.198
7RJJ	A	5M38	A	E	N	537	109	113	6.1	4.415	2.668	1.04
7RJJ	A	5M38	A	L	C	489	61	65	7.119	3.879	2.868	1.618
7RJJ	A	5M38	A	G	F	529	101	105	-2.648	3.156	5.289	15.405
7RJJ	A	5M38	A	K	S	452	24	28	-0.178	-1.15	-0.901	-0.386
7RJJ	A	5M38	A	R	C	535	107	111	3.907	1.498	-1.156	3.817
7RJJ	A	5M38	A	M	C	499	71	75	5.079	5.863	3.932	3.41
7RJJ	A	5M38	A	F	A	510	82	86	-13.765	-13.757	7.52	0.818
7RJJ	A	5M38	A	C	V	509	81	85	10.562	10.777	0.159	-1.474
7RJJ	A	5M38	A	T	E	502	74	78	-1.553	-1.002	-0.078	-0.052
7RJJ	A	5M38	A	V	Y	541	113	117	16.199	18.648	0.07	-3.548
7RJJ	A	5M38	A	H	I	474	46	50	44.914	32.703	1.407	4.963
7RJJ	A	5M38	A	L	W	458	30	34	19.538	13.448	9.643	16.188
7RJJ	A	5M38	A	F	G	439	11	15	7.857	9.447	8.411	6.965
7RJJ	A	5M38	A	G	A	503	75	79	-3.331	-1.231	5.597	-0.496
7RJJ	A	5M38	A	V	R	536	108	112	0.714	0.714	30.415	35.329
7RJJ	A	5M38	A	P	C	506	78	82	0.74	1.09	-3.128	-1.092
7RJJ	A	5M38	A	D	H	440	12	16	-1.019	2.656	2.475	5.175
7RJJ	A	5M38	A	A	E	463	35	39	-0.468	2.162	0.879	0.09
7RJJ	A	5M38	A	G	A	473	45	49	-1.13	-1.707	5.211	0.38
7RJJ	A	5M38	A	G	C	466	38	42	-1.911	-0.963	-13.783	0.026
7RJJ	A	5M38	A	I	M	538	110	114	1.936	-1.431	3.731	0.783
7RJJ	A	5M38	A	L	G	454	26	30	2.69	0.603	9.951	7.349
7RJJ	A	5M38	A	K	E	443	15	19	0.029	1.192	-0.238	-0.89
7RJJ	A	5M38	A	L	Q	433	5	9	-1.299	1.358	-1.249	0.264
7RJJ	A	5M38	A	S	Q	539	111	115	4.05	1.087	-2.22	0.001
7RJJ	A	5M38	A	E	W	493	65	69	77.725	86.161	7.021	1.287
7RJJ	A	5M38	A	K	F	490	62	66	-2.644	-3.302	-2.534	-2.769
7RJJ	A	5M38	A	L	Y	540	112	116	-4.571	0.162	17.259	16.267
7RJJ	A	5M38	A	D	F	476	48	52	4.103	0.59	7.61	8.694
7RJJ	A	5M38	A	Y	H	515	87	91	7.84	69.202	2.48	0.787
7RJJ	A	5M38	A	V	G	455	27	31	10.662	10.48	4.152	3.905
7RJJ	A	5M38	A	R	S	491	63	67	-0.181	2.067	4.52	2.782
7DW4	A	5G5E	A	K	W	175	175	181	16.168	12.695	1.887	1.658
7DW4	A	5G5E	A	I	F	22	22	28	6.005	10.625	-2.096	0.2
7DW4	A	5G5E	A	P	F	90	90	96	-0.279	1.105	4.535	-7.644
7DW4	A	5G5E	A	Y	D	158	158	164	14.584	9.082	7.94	0.314
7DW4	A	5G5E	A	P	D	50	50	56	0.873	-0.619	-0.674	2.47
7DW4	A	5G5E	A	R	Q	97	97	103	4.597	3.259	-0.606	0.606
7DW4	A	5G5E	A	L	N	38	38	44	1.694	1.928	3.133	-3.24
7DW4	A	5G5E	A	A	K	162	162	168	10.885	7.359	22.687	29.462
7DW4	A	5G5E	A	K	F	41	41	47	-1.064	1.738	-0.955	1.954
7DW4	A	5G5E	A	L	W	103	103	109	3.246	1.564	20.626	25.364
7DW4	A	5G5E	A	A	M	217	217	223	0.097	1.358	-1.675	-2.0
7DW4	A	5G5E	A	P	T	13	13	19	-0.215	-0.848	-1.042	-0.197
7DW4	A	5G5E	A	D	T	92	92	98	0.199	-3.699	2.004	-2.909
7DW4	A	5G5E	A	K	S	143	143	149	-1.27	-0.898	-0.455	-4.082
7DW4	A	5G5E	A	E	K	77	77	83	8.46	6.651	1.744	-0.117
7DW4	A	5G5E	A	I	S	156	156	162	4.081	2.26	2.663	4.252
7DW4	A	5G5E	A	A	S	125	125	131	1.622	0.98	0.887	5.54
7DW4	A	5G5E	A	L	M	58	58	64	3.864	6.135	2.792	2.302
7DW4	A	5G5E	A	A	S	96	96	102	4.853	3.596	0.593	2.294
7DW4	A	5G5E	A	K	M	7	7	13	2.286	2.559	-3.681	-1.81
7DW4	A	5G5E	A	S	M	28	28	34	0.725	-2.943	-2.41	-4.145
7DW4	A	5G5E	A	P	V	208	208	214	5.049	-1.578	-6.875	-6.501
7DW4	A	5G5E	A	E	Q	132	132	138	-1.005	-3.054	-0.632	-0.794
7DW4	A	5G5E	A	W	A	12	12	18	-1.663	-1.663	-1.851	2.836
7DW4	A	5G5E	A	E	T	105	105	111	5.171	2.705	0.919	-4.462
7DW4	A	5G5E	A	S	W	14	14	20	5.805	-0.742	-0.742	5.961
7DW4	A	5G5E	A	F	M	151	151	157	1.241	3.561	0.732	-2.533
7DW4	A	5G5E	A	P	K	56	56	62	8.043	8.231	21.058	14.001
7DW4	A	5G5E	A	G	L	178	178	184	-0.37	6.151	1.183	-1.642
7DW4	A	5G5E	A	S	M	68	68	74	-1.76	-1.533	31.667	22.305
7DW4	A	5G5E	A	A	V	194	194	200	8.686	13.096	1.379	-1.997
7DW4	A	5G5E	A	A	W	11	11	17	46.592	1.663	11.2	5.525
6ZSX	A	1CBI	A	V	S	129	128	133	4.634	4.079	4.619	4.092
6ZSX	A	1CBI	A	C	D	81	81	85	13.791	15.704	1.278	6.124
6ZSX	A	1CBI	A	T	F	131	130	135	-2.891	0.404	4.319	1.973
6ZSX	A	1CBI	A	K	H	106	106	110	-0.256	3.017	-0.127	0.228
6ZSX	A	1CBI	A	E	T	42	42	46	1.634	0.555	-0.781	-0.796
6ZSX	A	1CBI	A	I	G	43	43	47	4.959	4.761	9.826	-3.693
6ZSX	A	1CBI	A	F	R	50	50	54	-0.753	-0.499	8.138	5.418
6ZSX	A	1CBI	A	S	V	12	12	16	-0.368	-2.213	-1.272	-3.241
6ZSX	A	1CBI	A	I	K	52	52	56	2.155	5.9	9.884	8.923
6ZSX	A	1CBI	A	K	G	53	53	57	6.185	5.366	2.126	0.52
6ZSX	A	1CBI	A	E	Q	73	73	77	0.861	1.361	4.291	-2.739
6ZSX	A	1CBI	A	T	L	107	107	111	-0.42	-0.525	-0.215	-5.076
6ZSX	A	1CBI	A	S	M	83	83	87	-1.974	-3.397	2.222	3.519
6ZSX	A	1CBI	A	R	W	29	29	33	5.513	6.606	35.063	5.291
7DWG	A	4J2F	A	K	L	120	121	126	-1.091	-0.609	-1.925	-5.854
7DWG	A	4J2F	A	I	T	53	54	59	0.945	0.416	0.354	1.777
7DWG	A	4J2F	A	A	T	184	187	190	0.94	-1.512	0.112	-0.515
7DWG	A	4J2F	A	V	I	57	58	63	2.812	6.732	2.21	2.765
7DWG	A	4J2F	A	L	I	162	165	168	5.2	3.501	8.189	10.504
7DWG	A	4J2F	A	E	N	65	66	71	-1.583	-12.882	-0.434	-0.116
7DWG	A	4J2F	A	H	Q	58	59	64	6.794	4.136	4.564	2.543
7DWG	A	4J2F	A	S	W	12	13	18	-0.331	-1.672	14.195	3.618
7DWG	A	4J2F	A	L	A	36	37	42	5.951	2.95	2.023	1.369
7DWG	A	4J2F	A	E	S	30	31	36	4.38	6.409	1.405	2.83
7DWG	A	4J2F	A	E	T	79	80	85	-0.431	-1.959	-0.124	0.046
7DWG	A	4J2F	A	V	A	55	56	61	4.25	2.664	6.111	2.407
7DWG	A	4J2F	A	P	N	200	203	206	2.158	2.687	-2.287	4.217
7DWG	A	4J2F	A	R	Q	90	91	96	2.27	1.406	1.933	4.679
7DWG	A	4J2F	A	L	E	174	177	180	10.165	13.513	4.958	1.937
7DWG	A	4J2F	A	P	Q	87	88	93	-0.738	0.271	-2.32	-0.485
7DWG	A	4J2F	A	P	T	193	196	199	-2.484	2.116	-2.664	-4.582
7DWG	A	4J2F	A	L	K	43	44	49	0.704	4.442	9.138	8.667
7DWG	A	4J2F	A	S	C	15	16	21	-3.79	-1.363	-2.071	0.003
7DWG	A	4J2F	A	W	I	161	164	167	1.428	-3.727	0.398	-1.091
7DWG	A	4J2F	A	K	I	141	144	147	5.277	3.339	-1.672	-1.791
7DWG	A	4J2F	A	L	D	182	185	188	1.887	2.513	9.955	6.501
7DWG	A	4J2F	A	P	D	84	85	90	4.598	1.324	2.096	4.73
7DWG	A	4J2F	A	E	H	167	170	173	5.858	6.848	0.865	2.095
7DWG	A	4J2F	A	G	R	144	147	150	11.07	3.653	15.754	9.068
7DWG	A	4J2F	A	F	S	95	96	101	0.398	0.969	1.438	2.318
7DWG	A	4J2F	A	Y	K	29	30	35	4.895	4.495	10.522	14.691
7DWG	A	4J2F	A	L	R	129	130	135	-11.917	5.78	14.847	6.934
7DWG	A	4J2F	A	K	M	23	24	29	1.284	1.29	-2.628	-3.916
7DWG	A	4J2F	A	K	Y	25	26	31	-1.488	-1.512	0.747	4.352
7DWG	A	4J2F	A	E	S	116	117	122	1.923	0.736	0.825	-0.752
7DWG	A	4J2F	A	G	V	26	27	32	5.378	3.448	-2.297	-2.297
7DWG	A	4J2F	A	D	G	86	87	92	0.224	1.755	4.076	7.154
7DWG	A	4J2F	A	I	W	19	20	25	31.83	29.717	15.742	3.085
7DWG	A	4J2F	A	V	H	171	174	177	3.659	3.058	2.938	2.578
7DWG	A	4J2F	A	L	D	83	84	89	4.78	6.951	6.708	8.909
7DWG	A	4J2F	A	E	H	117	118	123	0.059	0.621	0.931	-3.966
7DWG	A	4J2F	A	T	G	76	77	82	2.852	3.093	4.76	3.582
7DWG	A	4J2F	A	K	E	5	6	11	4.756	4.944	-0.656	0.428
7DWG	A	4J2F	A	P	I	62	63	68	-2.88	-4.364	7.953	7.104
7DWG	A	4J2F	A	G	T	138	139	144	8.26	-1.612	0.029	1.913
7DWG	A	4J2F	A	I	F	69	70	75	3.187	3.433	31.078	30.662
7DWG	A	4J2F	A	R	S	181	184	187	0.592	-1.477	2.244	4.757
7DWG	A	4J2F	A	K	G	130	131	136	8.164	6.927	-0.018	0.741
7DWG	A	4J2F	A	A	G	91	92	97	4.419	4.976	2.964	2.38
7DWG	A	4J2F	A	D	C	35	36	41	-0.468	3.168	2.202	1.257
7DWG	A	4J2F	A	K	Q	196	199	202	5.99	5.604	-0.028	0.447
7DWG	A	4J2F	A	W	S	185	188	191	-1.651	-0.707	9.282	2.927
7DWG	A	4J2F	A	A	W	207	210	213	3.379	3.955	6.236	3.692
7DWG	A	4J2F	A	L	D	22	23	28	10.462	11.898	9.412	6.801
7DWG	A	4J2F	A	E	H	133	134	139	9.462	4.103	4.613	5.823
7DWG	A	4J2F	A	L	T	70	71	76	5.819	5.915	8.794	10.227
7DWG	A	4J2F	A	K	R	39	40	45	-0.496	-2.829	-0.691	1.815
7DWG	A	4J2F	A	A	F	93	94	99	2.832	1.507	6.655	14.096
7DWG	A	4J2F	A	M	H	205	208	211	3.488	3.531	6.904	5.418
7DWG	A	4J2F	A	P	A	11	12	17	-2.835	-2.81	-7.165	-5.388
7DWG	A	4J2F	A	K	R	51	52	57	-2.734	-3.658	0.069	-2.285
7DWG	A	4J2F	A	F	T	143	146	149	5.302	5.82	11.26	4.473
7DWG	A	4J2F	A	R	A	17	18	23	-0.047	-12.787	3.958	0.709
7DWG	A	4J2F	A	G	D	8	9	14	7.044	5.611	21.456	11.907
7DWG	A	4J2F	A	E	G	75	76	81	2.891	4.982	0.86	-0.714
7DWG	A	4J2F	A	L	A	44	45	50	7.374	3.167	2.102	0.127
7DWG	A	4J2F	A	G	Y	170	173	176	10.247	51.472	0.058	-3.275
7DWG	A	4J2F	A	I	H	63	64	69	18.747	19.284	3.19	-1.501
7DWG	A	4J2F	A	E	D	134	135	140	2.146	4.752	1.041	0.473
7DWG	A	4J2F	A	N	M	38	39	44	2.121	-3.286	0.566	-3.161
7DWG	A	4J2F	A	E	D	127	128	133	1.094	3.589	0.76	2.056
7DWG	A	4J2F	A	E	D	33	34	39	2.234	-0.335	1.897	3.093
7DWG	A	4J2F	A	E	I	166	169	172	-1.315	-2.18	2.6	0.892
7DWG	A	4J2F	A	Y	Q	46	47	52	4.583	2.727	4.361	4.447
7DWG	A	4J2F	A	L	G	56	57	62	9.685	7.838	11.989	6.749
7DWG	A	4J2F	A	L	K	82	83	88	4.65	1.636	9.119	12.505
7DWG	A	4J2F	A	P	Y	180	183	186	4.737	-4.448	-3.58	-8.358
7DWG	A	4J2F	A	V	H	49	50	55	3.933	4.029	2.508	5.251
7DWG	A	4J2F	A	F	E	14	15	20	5.57	2.715	-2.908	-1.147
7DWG	A	4J2F	A	W	I	96	97	102	-1.652	-2.763	0.337	-1.635
7DWG	A	4J2F	A	P	F	78	79	84	-3.263	-4.359	0.075	-1.451
7DWG	A	4J2F	A	E	Y	191	194	197	-4.909	10.976	0.282	0.337
7DWG	A	4J2F	A	P	E	48	49	54	18.685	13.377	-0.968	-5.856
7DWG	A	4J2F	A	L	N	24	25	30	-0.064	0.551	2.832	2.787
7DWG	A	4J2F	A	H	N	183	186	189	6.705	5.572	0.931	0.015
7DWG	A	4J2F	A	G	R	145	148	151	22.274	31.282	-0.495	6.098
7DWG	A	4J2F	A	A	L	21	22	27	4.718	0.901	4.5	2.97
7DWG	A	4J2F	A	V	E	173	176	179	2.353	1.954	9.703	6.263
7DWG	A	4J2F	A	V	E	173	176	179	2.353	1.954	9.703	6.263
7DWG	A	4J2F	A	D	S	152	155	158	3.214	2.196	4.336	1.997
7DWG	A	4J2F	A	D	S	152	155	158	3.214	2.196	4.336	1.997
7DWG	A	4J2F	A	E	W	34	35	40	5.438	3.819	29.724	19.498
7DWG	A	4J2F	A	E	W	34	35	40	5.438	3.819	29.724	19.498
7DWG	A	4J2F	A	S	A	40	41	46	0.2	0.681	-0.289	-0.722
7DWG	A	4J2F	A	L	N	118	119	124	2.507	2.092	4.379	2.727
7DWG	A	4J2F	A	E	D	71	72	77	6.882	4.607	0.705	2.768
7DWG	A	4J2F	A	Y	A	31	32	37	3.003	3.365	6.97	9.024
7DWG	A	4J2F	A	I	W	153	156	159	42.089	59.701	22.403	8.322
7DWG	A	4J2F	A	L	I	6	7	12	-1.449	-2.373	3.905	6.861
7DWG	A	4J2F	A	R	H	94	95	100	3.078	1.821	0.551	0.948
7DWG	A	4J2F	A	A	D	106	107	112	-1.031	-0.656	2.173	1.681
7DWG	A	4J2F	A	G	V	59	60	65	-1.735	-4.501	-2.297	-2.297
7DWG	A	4J2F	A	D	I	102	103	108	-0.969	0.202	-1.848	0.716
7DWG	A	4J2F	A	N	E	80	81	86	0.698	0.698	0.578	-1.428
7DWG	A	4J2F	A	P	R	81	82	87	-0.742	-4.49	-0.435	-0.01
7DWG	A	4J2F	A	S	G	66	67	72	1.03	3.212	3.925	0.732
7DWG	A	4J2F	A	D	K	139	142	145	1.445	6.676	2.344	-1.013
7DWG	A	4J2F	A	G	W	115	116	121	5.758	4.758	0.533	7.072
7DWG	A	4J2F	A	E	L	119	120	125	-1.799	-1.799	-1.186	1.53
7DWG	A	4J2F	A	V	T	151	154	157	3.977	6.524	3.178	3.443
7DWG	A	4J2F	A	K	D	61	62	67	-1.1	3.341	-1.755	-3.535
7DWG	A	4J2F	A	K	L	52	53	58	-1.124	-0.869	-2.154	-2.458
7DWG	A	4J2F	A	A	Q	121	122	127	-1.184	-1.67	9.088	4.419
7DWG	A	4J2F	A	N	L	198	201	204	1.798	0.726	2.498	0.025
7DWG	A	4J2F	A	N	Q	47	48	53	3.607	3.709	11.17	5.028
7DWG	A	4J2F	A	P	W	54	55	60	24.206	26.311	0.064	47.274
7DWG	A	4J2F	A	E	I	197	200	203	1.236	-0.084	1.288	0.038
7DWG	A	4J2F	A	K	N	123	124	129	8.641	-1.098	-1.86	-3.308
7DWG	A	4J2F	A	P	Y	13	14	19	-6.569	9.329	4.957	1.258
7DWG	A	4J2F	A	W	G	20	21	26	4.373	4.685	5.884	0.48
7DWG	A	4J2F	A	W	G	10	11	16	2.125	1.558	-0.906	0.461
7DWG	A	4J2F	A	N	E	188	191	194	-0.948	0.698	-1.324	-0.27
7DWG	A	4J2F	A	E	A	89	90	95	-3.66	-2.475	-0.192	0.627
7DWG	A	4J2F	A	D	V	203	206	209	-3.567	-1.262	0.187	-0.253
7DWG	A	4J2F	A	Y	M	72	73	78	3.499	1.58	4.404	4.975
7DWG	A	4J2F	A	W	D	77	78	83	4.839	2.937	3.363	1.653
7JT4	A	1F68	A	F	K	165	825	118	8.712	4.68	7.585	9.771
7JT4	A	1F68	A	Y	M	74	734	27	1.01	2.41	4.866	-6.111
7JT4	A	1F68	A	V	I	134	794	87	0.375	17.977	-1.822	-2.757
7JT4	A	1F68	A	Y	G	105	765	58	12.193	5.446	12.871	10.725
7JT4	A	1F68	A	N	Q	143	803	96	4.037	-1.231	5.898	1.562
7JT4	A	1F68	A	K	S	170	830	123	0.022	1.414	-2.267	-2.135
7JT4	A	1F68	A	I	A	109	769	62	4.849	1.639	6.109	5.13
7JT4	A	1F68	A	K	G	168	828	121	0.899	-3.997	3.546	1.235
7JT4	A	1F68	A	D	E	104	764	57	-1.169	-4.941	1.386	1.343
7JT4	A	1F68	A	A	G	135	795	88	3.471	3.841	1.149	2.821
7JT4	A	1F68	A	V	L	108	768	61	-1.383	1.385	2.127	-2.657
7JT4	A	1F68	A	P	Q	103	763	56	-2.338	-2.4	0.173	-5.627
7JT4	A	1F68	A	C	K	144	804	97	5.699	31.896	7.687	4.385
7JT4	A	1F68	A	N	F	148	808	101	-3.193	-0.696	-2.956	-0.046
7JT4	A	1F68	A	K	E	78	738	31	3.977	2.667	-1.83	-3.426
7JT4	A	1F68	A	P	I	92	752	45	-2.156	-6.477	-1.036	-3.346
7JT4	A	1F68	A	D	S	151	811	104	3.163	-0.506	1.411	1.239
7JT4	A	1F68	A	T	H	117	777	70	1.758	3.453	1.451	4.142
7JT4	A	1F68	A	E	G	95	755	48	1.918	0.645	0.801	1.089
7JT4	A	1F68	A	L	W	77	737	30	4.155	8.044	12.41	30.936
7JT4	A	1F68	A	Y	H	127	787	80	-4.198	3.25	0.6	2.392
7JT4	A	1F68	A	A	V	90	750	43	-0.409	1.285	3.405	5.251
7JT4	A	1F68	A	R	C	121	781	74	2.791	0.965	1.829	5.89
7JT4	A	1F68	A	L	S	115	775	68	6.757	2.125	7.832	8.341
7JT4	A	1F68	A	W	A	91	751	44	-1.663	-1.663	-5.515	-5.23
7JT4	A	1F68	A	F	I	164	824	117	0.275	-0.88	0.799	-0.473
7JT4	A	1F68	A	Y	T	126	786	79	3.058	6.778	3.259	-2.284
7JT4	A	1F68	A	Y	S	147	807	100	5.529	4.867	8.689	5.621
7JT4	A	1F68	A	Y	G	106	766	59	6.656	17.933	7.271	11.327
7JT4	A	1F68	A	L	G	161	821	114	9.181	1.593	8.955	9.765
7JT4	A	1F68	A	L	W	169	829	122	8.764	4.746	8.021	1.651
7JT4	A	1F68	A	E	W	120	780	73	5.644	5.96	4.464	3.799
7JT4	A	1F68	A	C	Y	157	817	110	0.628	11.369	0.608	-4.106
7MJU	A	6U04	A	C	F	157	400	155	11.917	-66.286	28.907	11.401
7MJU	A	6U04	A	L	Q	176	419	174	-146.341	-123.011	2.045	5.039
7NIN	A	5NLT	A	E	C	63	64	63	1.606	4.918	4.392	-1.993
7NIN	A	5NLT	A	E	C	63	64	63	1.606	4.918	4.392	-1.993
7NIN	A	5NLT	A	E	C	63	64	63	1.606	4.918	4.392	-1.993
7NIN	A	5NLT	A	E	C	63	64	63	1.606	4.918	4.392	-1.993
7NIN	A	5NLT	A	V	Y	52	53	52	36.148	31.043	33.867	3.332
7NIN	A	5NLT	A	V	Y	52	53	52	36.148	31.043	33.867	3.332
7NIN	A	5NLT	A	V	Y	52	53	52	36.148	31.043	33.867	3.332
7NIN	A	5NLT	A	V	Y	52	53	52	36.148	31.043	33.867	3.332
7NIN	A	5NLT	A	E	W	148	153	148	3.007	1.725	4.612	4.956
7NIN	A	5NLT	A	E	W	148	153	148	3.007	1.725	4.612	4.956
7NIN	A	5NLT	A	E	W	148	153	148	3.007	1.725	4.612	4.956
7NIN	A	5NLT	A	E	W	148	153	148	3.007	1.725	4.612	4.956
7NIN	A	5NLT	A	G	N	93	97	93	18.529	-0.868	7.015	0.108
7NIN	A	5NLT	A	G	N	93	97	93	18.529	-0.868	7.015	0.108
7NIN	A	5NLT	A	G	N	93	97	93	18.529	-0.868	7.015	0.108
7NIN	A	5NLT	A	G	N	93	97	93	18.529	-0.868	7.015	0.108
7NIN	A	5NLT	A	A	Q	183	189	183	2.331	1.347	1.319	-0.184
7NIN	A	5NLT	A	A	Q	183	189	183	2.331	1.347	1.319	-0.184
7NIN	A	5NLT	A	A	Q	183	189	183	2.331	1.347	1.319	-0.184
7NIN	A	5NLT	A	A	Q	183	189	183	2.331	1.347	1.319	-0.184
7NIN	A	5NLT	A	V	E	115	119	115	8.581	9.443	10.156	6.071
7NIN	A	5NLT	A	V	E	115	119	115	8.581	9.443	10.156	6.071
7NIN	A	5NLT	A	V	E	115	119	115	8.581	9.443	10.156	6.071
7NIN	A	5NLT	A	V	E	115	119	115	8.581	9.443	10.156	6.071
7NIN	A	5NLT	A	I	W	82	83	82	33.82	37.969	30.48	35.404
7NIN	A	5NLT	A	I	W	82	83	82	33.82	37.969	30.48	35.404
7NIN	A	5NLT	A	I	W	82	83	82	33.82	37.969	30.48	35.404
7NIN	A	5NLT	A	I	W	82	83	82	33.82	37.969	30.48	35.404
7NIN	A	5NLT	A	P	N	25	25	25	3.651	6.157	5.763	-0.546
7NIN	A	5NLT	A	P	N	25	25	25	3.651	6.157	5.763	-0.546
7NIN	A	5NLT	A	P	N	25	25	25	3.651	6.157	5.763	-0.546
7NIN	A	5NLT	A	P	N	25	25	25	3.651	6.157	5.763	-0.546
7NIN	A	5NLT	A	Y	A	203	208	203	1.152	3.337	1.922	0.155
7NIN	A	5NLT	A	Y	A	203	208	203	1.152	3.337	1.922	0.155
7NIN	A	5NLT	A	P	N	196	201	196	0.516	-1.507	-0.176	-2.15
7NIN	A	5NLT	A	P	N	196	201	196	0.516	-1.507	-0.176	-2.15
7NIN	A	5NLT	A	G	A	135	140	135	1.034	-0.367	-0.219	-1.159
7NIN	A	5NLT	A	G	A	135	140	135	1.034	-0.367	-0.219	-1.159
7NIN	A	5NLT	A	Y	D	21	21	21	13.428	11.699	12.869	6.596
7NIN	A	5NLT	A	V	D	43	43	43	3.966	2.666	1.176	3.244
7NIN	A	5NLT	A	S	M	194	199	194	-1.147	-1.368	0.353	0.661
7NIN	A	5NLT	A	S	M	194	199	194	-1.147	-1.369	0.353	0.661
7NIN	A	5NLT	A	S	M	194	199	194	-1.147	-1.369	0.353	0.661
7NIN	A	5NLT	A	G	A	17	17	17	10.237	7.98	8.406	1.199
7NIN	A	5NLT	A	G	A	17	17	17	10.237	7.98	8.406	1.199
7NIN	A	5NLT	A	C	H	41	41	41	4.171	5.708	6.562	8.562
7NIN	A	5NLT	A	C	H	41	41	41	4.171	5.708	6.562	8.562
7NIN	A	5NLT	A	W	A	98	102	98	7.31	10.75	7.636	-12.51
7NIN	A	5NLT	A	W	A	98	102	98	7.31	10.75	7.636	-12.51
7EHF	A	4RWZ	A	I	C	53	52	53	74.689	-11.431	8.447	6.724
7EHF	A	4RWZ	A	I	C	53	52	53	74.689	-11.431	8.447	6.724
7EHF	A	4RWZ	A	A	H	99	98	99	17.686	-214.566	12.823	12.461
7EHF	A	4RWZ	A	A	H	99	98	99	17.686	-214.566	12.823	12.461
7EHF	A	4RWZ	A	R	W	153	152	153	130.011	-225.756	5.562	6.951
7EHF	A	4RWZ	A	R	W	153	152	153	130.011	-225.756	5.562	6.951
7EHF	A	4RWZ	A	L	A	154	153	154	-402.797	25.793	3.742	-3.211
7EHF	A	4RWZ	A	L	A	154	153	154	-402.797	25.793	3.742	-3.211
