original	chain_o	template	chain_t	pident	variation	ddG	wt_aa	mut_aa	res_o	res_t	res_m	T	pH	id_o	id_t	id_m	ddg_o	ddg_af	ddg_t	ddg_tasser
1aky	A	2c9y	A	58.605	V8I	1.195	V	I	8	19	8	25	7.5	1akyA_V8I	2c9yA_V19I	1aky_V8I	-0.054000000000000006	1.052	0.867	1.905
1aky	A	2c9y	A	58.605	N169D	2.1511	N	D	169	179	169	25	7.5	1akyA_N169D	2c9yA_N179D	1aky_N169D	0.841	1.433	-0.109	-0.457
1ank	A	3x2s	A	98.598	G85V	2.3901	G	V	85	85	85	52	7.2	1ankA_G85V	3x2sA_G85V	1ank_G85V	1.764	-2.2969999999999997	-2.2969999999999997	-2.2969999999999997
1ank	A	3x2s	A	98.598	R88G	0.1912	R	G	88	88	88	52	7.4	1ankA_R88G	3x2sA_R88G	1ank_R88G	1.839	3.056	1.2429999999999999	2.725
1bni	A	2rbi	A	83.333	D8A	0.5975	D	A	8	7	8	25	6.3	1bniA_D8A	2rbiA_D7A	1bni_D8A	0.47100000000000003	-0.252	-0.618	-0.594
1bni	A	2rbi	A	83.333	D8G	1.0038	D	G	8	7	8	25	6.3	1bniA_D8G	2rbiA_D7G	1bni_D8G	4.643	1.9369999999999998	0.027000000000000003	2.9539999999999997
1bni	A	2rbi	A	83.333	L14A	4.2065	L	A	14	13	14	25	6.3	1bniA_L14A	2rbiA_L13A	1bni_L14A	1.6880000000000002	6.01	1.5230000000000001	4.877
1bni	A	2rbi	A	83.333	Y17A	1.8881	Y	A	17	16	17	25	6.3	1bniA_Y17A	2rbiA_Y16A	1bni_Y17A	2.415	3.4189999999999996	3.763	1.105
1bni	A	2rbi	A	83.333	D22M	0.0956	D	M	22	21	22	25	4.4	1bniA_D22M	2rbiA_D21M	1bni_D22M	-0.326	-1.095	0.259	-1.104
1bni	A	2rbi	A	83.333	T26G	1.8881	T	G	26	25	26	25	4.4	1bniA_T26G	2rbiA_T25G	1bni_T26G	0.6579999999999999	4.544	-0.672	1.099
1bni	A	2rbi	A	83.333	G52A	5.3059	G	A	52	51	52	54	6.3	1bniA_G52A	2rbiA_G51A	1bni_G52A	-2.6660000000000004	3.92	1.4680000000000002	-1.8459999999999999
1bni	A	2rbi	A	83.333	G53A	3.3939	G	A	53	52	53	54	6.3	1bniA_G53A	2rbiA_G52A	1bni_G53A	-1.114	-1.13	-1.5590000000000002	1.119
1bni	A	2rbi	A	83.333	G53V	7.7916	G	V	53	52	53	54	6.3	1bniA_G53V	2rbiA_G52V	1bni_G53V	-2.8280000000000003	-2.2969999999999997	-0.087	-2.2969999999999997
1bni	A	2rbi	A	83.333	D54N	2.3901	D	N	54	53	54	25	4.4	1bniA_D54N	2rbiA_D53N	1bni_D54N	2.463	-0.28300000000000003	-1.113	-0.23
1bni	A	2rbi	A	83.333	R69M	2.6769	R	M	69	68	69	25	4.4	1bniA_R69M	2rbiA_R68M	1bni_R69M	6.59	0.413	0.581	-0.65
1bni	A	2rbi	A	83.333	R83Q	1.4101	R	Q	83	82	83	25	4.4	1bniA_R83Q	2rbiA_R82Q	1bni_R83Q	-0.507	4.401	3.781	-1.1740000000000002
1bni	A	2rbi	A	83.333	S91A	1.3862	S	A	91	90	91	25	4.4	1bniA_S91A	2rbiA_S90A	1bni_S91A	1.187	0.324	1.092	-1.736
1bni	A	2rbi	A	83.333	S92A	2.653	S	A	92	91	92	25	4.4	1bniA_S92A	2rbiA_S91A	1bni_S92A	1.946	0.93	-0.124	-3.1710000000000003
1bni	A	2rbi	A	83.333	I96A	3.2983	I	A	96	95	96	25	6.3	1bniA_I96A	2rbiA_I95A	1bni_I96A	1.729	6.437	4.162	3.681
1bni	A	2rbi	A	83.333	I96V	0.9082	I	V	96	95	96	25	6.3	1bniA_I96V	2rbiA_I95V	1bni_I96V	0.9420000000000001	1.7180000000000002	3.372	-0.47100000000000003
1bvc	A	6bmg	A	96.73200000000001	L9A	0.4063	L	A	9	9	9	82	9.6	1bvcA_L9A	6bmgA_L9A	1bvc_L9A	1.508	1.5330000000000001	-0.376	1.6469999999999998
1bvc	A	6bmg	A	96.73200000000001	L11A	0.4302	L	A	11	11	11	82	9.6	1bvcA_L11A	6bmgA_L11A	1bvc_L11A	2.5669999999999997	2.9989999999999997	4.862	2.445
1bvc	A	6bmg	A	96.73200000000001	V13A	0.6692	V	A	13	13	13	82	9.6	1bvcA_V13A	6bmgA_V13A	1bvc_V13A	3.4730000000000003	4.039	-1.348	4.224
1bvc	A	6bmg	A	96.73200000000001	G23A	1.1233	G	A	23	23	23	82	9.6	1bvcA_G23A	6bmgA_G23A	1bvc_G23A	1.85	2.374	-1.13	-2.465
1bvc	A	6bmg	A	96.73200000000001	I28A	1.3384	I	A	28	28	28	77	11	1bvcA_I28A	6bmgA_I28A	1bvc_I28A	4.962	3.7889999999999997	2.0669999999999997	3.767
1bvc	A	6bmg	A	96.73200000000001	I28L	0.5497	I	L	28	28	28	77	11	1bvcA_I28L	6bmgA_I28L	1bvc_I28L	3.1519999999999997	1.219	2.0180000000000002	1.619
1bvc	A	6bmg	A	96.73200000000001	I28M	0.5497	I	M	28	28	28	77	11	1bvcA_I28M	6bmgA_I28M	1bvc_I28M	0.872	1.382	1.325	1.1909999999999998
1bvc	A	6bmg	A	96.73200000000001	I28V	-0.0478	I	V	28	28	28	77	11	1bvcA_I28V	6bmgA_I28V	1bvc_I28V	1.944	1.7009999999999998	5.175	2.403
1bvc	A	6bmg	A	96.73200000000001	L29A	2.3662	L	A	29	29	29	77	11	1bvcA_L29A	6bmgA_L29A	1bvc_L29A	4.415	4.0	4.328	0.622
1bvc	A	6bmg	A	96.73200000000001	L29I	1.1233	L	I	29	29	29	77	11	1bvcA_L29I	6bmgA_L29I	1bvc_L29I	3.678	3.1039999999999996	-0.382	-0.987
1bvc	A	6bmg	A	96.73200000000001	L29M	-0.1195	L	M	29	29	29	77	11	1bvcA_L29M	6bmgA_L29M	1bvc_L29M	1.422	0.192	0.894	-2.62
1bvc	A	6bmg	A	96.73200000000001	L29V	1.7208	L	V	29	29	29	77	11	1bvcA_L29V	6bmgA_L29V	1bvc_L29V	4.7780000000000005	6.013	1.143	-1.578
1bvc	A	6bmg	A	96.73200000000001	L49I	0.7887	L	I	49	49	49	77	11	1bvcA_L49I	6bmgA_L49I	1bvc_L49I	2.79	5.371	-0.069	6.907
1bvc	A	6bmg	A	96.73200000000001	V66A	-0.7409	V	A	66	66	66	82	9.6	1bvcA_V66A	6bmgA_V66A	1bvc_V66A	2.053	2.28	1.975	0.9540000000000001
1bvc	A	6bmg	A	96.73200000000001	T67A	0.2629	T	A	67	67	67	82	9.6	1bvcA_T67A	6bmgA_T67A	1bvc_T67A	1.42	-0.29100000000000004	0.688	0.7859999999999999
1bvc	A	6bmg	A	96.73200000000001	L69A	1.1711	L	A	69	69	69	77	11	1bvcA_L69A	6bmgA_L69A	1bvc_L69A	5.35	4.368	3.0410000000000004	3.38
1bvc	A	6bmg	A	96.73200000000001	L69I	0.0239	L	I	69	69	69	77	11	1bvcA_L69I	6bmgA_L69I	1bvc_L69I	2.8960000000000004	0.574	0.218	4.841
1bvc	A	6bmg	A	96.73200000000001	L69M	0.0	L	M	69	69	69	77	11	1bvcA_L69M	6bmgA_L69M	1bvc_L69M	4.155	1.1740000000000002	-0.191	-1.138
1bvc	A	6bmg	A	96.73200000000001	L69V	0.0956	L	V	69	69	69	77	11	1bvcA_L69V	6bmgA_L69V	1bvc_L69V	4.534	0.6659999999999999	-0.32799999999999996	4.824
1bvc	A	6bmg	A	96.73200000000001	I111A	1.8403	I	A	111	111	111	77	11	1bvcA_I111A	6bmgA_I111A	1bvc_I111A	5.815	4.974	1.2209999999999999	5.033
1bvc	A	6bmg	A	96.73200000000001	I111M	1.1472	I	M	111	111	111	77	11	1bvcA_I111M	6bmgA_I111M	1bvc_I111M	2.237	2.494	1.122	2.062
1bvc	A	6bmg	A	96.73200000000001	V114A	1.4579	V	A	114	114	114	82	9.6	1bvcA_V114A	6bmgA_V114A	1bvc_V114A	3.7260000000000004	2.144	-0.109	1.939
1bvc	A	6bmg	A	96.73200000000001	H116A	-0.1673	H	A	116	116	116	82	9.6	1bvcA_H116A	6bmgA_H116A	1bvc_H116A	-2.495	-2.359	5.735	-2.544
1bvc	A	6bmg	A	96.73200000000001	S117A	0.2629	S	A	117	117	117	82	9.6	1bvcA_S117A	6bmgA_S117A	1bvc_S117A	-0.13699999999999998	-0.555	-2.7560000000000002	-0.5589999999999999
1bvc	A	6bmg	A	96.73200000000001	G129A	-1.0516	G	A	129	129	129	82	9.6	1bvcA_G129A	6bmgA_G129A	1bvc_G129A	-2.536	-1.526	-0.042	-3.3110000000000004
1bvc	A	6bmg	A	96.73200000000001	L135M	0.7887	L	M	135	135	135	77	11	1bvcA_L135M	6bmgA_L135M	1bvc_L135M	-1.0270000000000001	0.97	5.562	1.5930000000000002
1bvc	A	6bmg	A	96.73200000000001	L135V	2.2467	L	V	135	135	135	77	11	1bvcA_L135V	6bmgA_L135V	1bvc_L135V	3.5639999999999996	7.06	4.356	7.455
1bvc	A	6bmg	A	96.73200000000001	L137A	1.7686	L	A	137	137	137	82	9.6	1bvcA_L137A	6bmgA_L137A	1bvc_L137A	2.074	2.99	1.155	1.9380000000000002
1bvc	A	6bmg	A	96.73200000000001	I142A	1.912	I	A	142	142	142	82	9.6	1bvcA_I142A	6bmgA_I142A	1bvc_I142A	4.428	3.075	-0.011000000000000001	-0.735
1bvc	A	6bmg	A	96.73200000000001	I142L	-0.6214	I	L	142	142	142	77	11	1bvcA_I142L	6bmgA_I142L	1bvc_I142L	2.471	-0.10400000000000001	0.406	0.608
1bvc	A	6bmg	A	96.73200000000001	I142M	-0.9321	I	M	142	142	142	77	11	1bvcA_I142M	6bmgA_I142M	1bvc_I142M	1.4340000000000002	-0.754	-2.085	-2.7889999999999997
1bvc	A	6bmg	A	96.73200000000001	I142V	0.1195	I	V	142	142	142	77	11	1bvcA_I142V	6bmgA_I142V	1bvc_I142V	1.085	1.4040000000000001	1.68	-1.791
1bvc	A	6bmg	A	96.73200000000001	L149A	1.6013	L	A	149	149	149	82	9.6	1bvcA_L149A	6bmgA_L149A	1bvc_L149A	3.014	3.625	-1.495	3.158
1c52	A	2zoo	A	39.316	M69H	0.7170000000000001	M	H	69	404	69	25	7	1c52A_M69H	2zooA_M404H	1c52_M69H	2.7039999999999997	0.833	3.443	5.335
1c8c	A	1bf4	A	96.825	W24A	0.7409	W	A	24	24	24	25	7	1c8cA_W24A	1bf4A_W24A	1c8c_W24A	-1.709	0.284	-1.239	-4.156000000000001
1c8c	A	1bf4	A	96.825	I30V	0.7409	I	V	30	30	30	25	7	1c8cA_I30V	1bf4A_I30V	1c8c_I30V	-0.674	-0.287	-1.7309999999999999	0.774
1c8c	A	1bf4	A	96.825	F32Y	2.1511	F	Y	32	32	32	25	7.2	1c8cA_F32Y	1bf4A_F32Y	1c8c_F32Y	2.737	5.216	1.0290000000000001	3.674
1c9o	A	2i5l	X	85.484	E12K	0.4302	E	K	12	12	12	75	7	1c9oA_E12K	2i5lX_E12K	1c9o_E12K	1.996	2.273	1.695	2.1319999999999997
1c9o	A	2i5l	X	85.484	E21A	0.2868	E	A	21	21	21	70	7	1c9oA_E21A	2i5lX_E21A	1c9o_E21A	-0.741	-1.161	-0.7859999999999999	-1.436
1c9o	A	2i5l	X	85.484	E21K	0.2629	E	K	21	21	21	75	7	1c9oA_E21K	2i5lX_E21K	1c9o_E21K	2.073	2.039	0.894	1.3259999999999998
1c9o	A	2i5l	X	85.484	H29E	0.7648	H	E	29	29	29	75	7	1c9oA_H29E	2i5lX_H29E	1c9o_H29E	-0.213	2.1959999999999997	0.785	-1.656
1c9o	A	2i5l	X	85.484	E36K	0.1912	E	K	36	36	36	75	7	1c9oA_E36K	2i5lX_E36K	1c9o_E36K	1.385	1.308	1.4880000000000002	1.8019999999999998
1c9o	A	2i5l	X	85.484	E50K	0.5019	E	K	50	50	50	75	7	1c9oA_E50K	2i5lX_E50K	1c9o_E50K	2.951	3.658	0.99	1.455
1c9o	A	2i5l	X	85.484	N55K	-0.0956	N	K	55	55	55	75	7	1c9oA_N55K	2i5lX_N55K	1c9o_N55K	1.6580000000000001	1.421	2.407	1.781
1c9o	A	2i5l	X	85.484	R56E	-0.7648	R	E	56	56	56	75	7	1c9oA_R56E	2i5lX_R56E	1c9o_R56E	0.826	-0.267	0.919	-0.7709999999999999
1chk	A	4ily	A	72.532	W28F	4.4216	W	F	28	80	28	43	7	1chkA_W28F	4ilyA_W80F	1chk_W28F	5.749	3.843	3.7110000000000003	-1.672
1chk	A	4ily	A	72.532	W101F	4.2782	W	F	101	153	101	43	7	1chkA_W101F	4ilyA_W153F	1chk_W101F	-0.804	0.21899999999999997	1.4240000000000002	-2.6630000000000003
1csp	A	3i2z	A	68.75	N10D	-0.6692	N	D	10	12	10	55	7.5	1cspA_N10D	3i2zA_N12D	1csp_N10D	-1.807	-0.6859999999999999	0.252	1.525
1csp	A	3i2z	A	68.75	F15A	2.2706	F	A	15	17	15	25	7	1cspA_F15A	3i2zA_F17A	1csp_F15A	-0.023	1.442	0.961	-0.243
1csp	A	3i2z	A	68.75	F17A	1.5296	F	A	17	19	17	25	7	1cspA_F17A	3i2zA_F19A	1csp_F17A	1.9480000000000002	1.663	2.003	-0.243
1csp	A	3i2z	A	68.75	D25Q	0.8126	D	Q	25	28	25	55	7.5	1cspA_D25Q	3i2zA_D28Q	1csp_D25Q	1.187	1.151	1.882	-3.0639999999999996
1csp	A	3i2z	A	68.75	F27A	0.8365	F	A	27	30	27	25	7	1cspA_F27A	3i2zA_F30A	1csp_F27A	2.06	2.945	2.0180000000000002	0.795
1csp	A	3i2z	A	68.75	F38A	-0.1434	F	A	38	41	38	25	7	1cspA_F38A	3i2zA_F41A	1csp_F38A	-1.442	-3.028	-0.713	-3.807
1csp	A	3i2z	A	68.75	E43S	-0.2868	E	S	43	46	43	70	7	1cspA_E43S	3i2zA_E46S	1csp_E43S	1.0590000000000002	1.5119999999999998	6.364	1.56
1csp	A	3i2z	A	68.75	E50Q	1.2189	E	Q	50	53	50	55	7.5	1cspA_E50Q	3i2zA_E53Q	1csp_E50Q	0.445	0.795	1.115	0.7140000000000001
1csp	A	3i2z	A	68.75	T64R	-1.0755	T	R	64	67	64	70	7	1cspA_T64R	3i2zA_T67R	1csp_T64R	-0.846	0.195	2.069	-0.7829999999999999
1cyo	A	3x32	A	97.67399999999999	F35H	3.4178	F	H	35	40	35	71	7	1cyoA_F35H	3x32A_F40H	1cyo_F35H	0.509	3.658	0.924	3.0589999999999997
1cyo	A	3x32	A	97.67399999999999	F35L	1.912	F	L	35	40	35	71	7	1cyoA_F35L	3x32A_F40L	1cyo_F35L	-0.8270000000000001	1.122	-0.10400000000000001	-1.3319999999999999
1cyo	A	3x32	A	97.67399999999999	F35Y	-0.1195	F	Y	35	40	35	71	7	1cyoA_F35Y	3x32A_F40Y	1cyo_F35Y	-0.409	-0.875	-1.41	-3.3310000000000004
1cyo	A	3x32	A	97.67399999999999	V45E	2.3662	V	E	45	50	45	71	7	1cyoA_V45E	3x32A_V50E	1cyo_V45E	0.6679999999999999	-2.449	-0.785	2.36
1cyo	A	3x32	A	97.67399999999999	V45H	1.3623	V	H	45	50	45	71	7	1cyoA_V45H	3x32A_V50H	1cyo_V45H	2.8680000000000003	2.8689999999999998	3.844	1.365
1cyo	A	3x32	A	97.67399999999999	V45Y	1.5296	V	Y	45	50	45	71	7	1cyoA_V45Y	3x32A_V50Y	1cyo_V45Y	4.575	2.915	0.111	-2.8489999999999998
1cyo	A	3x32	A	97.67399999999999	V61E	1.0994	V	E	61	66	61	71	7	1cyoA_V61E	3x32A_V66E	1cyo_V61E	0.273	0.34600000000000003	4.918	2.281
1cyo	A	3x32	A	97.67399999999999	V61H	1.6252	V	H	61	66	61	71	7	1cyoA_V61H	3x32A_V66H	1cyo_V61H	-1.723	-0.919	2.7760000000000002	0.721
1cyo	A	3x32	A	97.67399999999999	V61K	2.3423	V	K	61	66	61	71	7	1cyoA_V61K	3x32A_V66K	1cyo_V61K	1.3940000000000001	2.188	5.769	2.56
1cyo	A	3x32	A	97.67399999999999	V61Y	1.2906	V	Y	61	66	61	71	7	1cyoA_V61Y	3x32A_V66Y	1cyo_V61Y	-1.203	-1.713	3.418	-0.355
1f6r	A	1hfy	A	94.167	K114Q	0.5975	K	Q	114	114	114	56	7.4	1f6rA_K114Q	1hfyA_K114Q	1f6r_K114Q	-0.262	0.748	-1.7280000000000002	-1.9040000000000001
1f6r	A	1hfy	A	94.167	Q117A	0.956	Q	A	117	117	117	56	7.4	1f6rA_Q117A	1hfyA_Q117A	1f6r_Q117A	-3.7230000000000003	-1.5	-0.332	-0.812
1f6r	A	1hfy	A	94.167	W118H	0.5975	W	H	118	118	118	56	7.4	1f6rA_W118H	1hfyA_W118H	1f6r_W118H	-1.236	-0.604	0.8320000000000001	-2.481
1f6r	A	1hfy	A	94.167	W118Y	1.1711	W	Y	118	118	118	56	7.4	1f6rA_W118Y	1hfyA_W118Y	1f6r_W118Y	-3.76	-6.796	-2.351	-4.855
1fvk	A	3l9s	A	85.87	P151A	6.8117	P	A	151	150	151	-	7	1fvkA_P151A	3l9sA_P150A	1fvk_P151A	-0.39299999999999996	-1.419	-3.7569999999999997	-0.5670000000000001
1h7m	A	6skf	B	90.52600000000001	D2A	0.5258	D	A	2	3	4	25	7.4	1h7mA_D2A	6skfB_D3A	1h7m_D4A	2.136	2.296	-1.103	-1.2590000000000001
1h7m	A	6skf	B	90.52600000000001	E6A	0.8843	E	A	6	7	8	25	7.4	1h7mA_E6A	6skfB_E7A	1h7m_E8A	-4.887	3.159	-1.273	2.501
1h7m	A	6skf	B	90.52600000000001	R8A	0.7648	R	A	8	9	10	25	7.4	1h7mA_R8A	6skfB_R9A	1h7m_R10A	5.982	1.099	2.051	0.695
1h7m	A	6skf	B	90.52600000000001	K9A	0.6214	K	A	9	10	11	25	7.4	1h7mA_K9A	6skfB_K10A	1h7m_K11A	-3.13	-1.222	-2.5669999999999997	-1.855
1h7m	A	6skf	B	90.52600000000001	K9M	0.5019	K	M	9	10	11	25	7.4	1h7mA_K9M	6skfB_K10M	1h7m_K11M	-3.839	-3.287	-3.841	-3.0789999999999997
1h7m	A	6skf	B	90.52600000000001	D12A	-0.239	D	A	12	13	14	25	7.4	1h7mA_D12A	6skfB_D13A	1h7m_D14A	0.225	-0.9840000000000001	0.428	-1.3090000000000002
1h7m	A	6skf	B	90.52600000000001	K22A	-0.4302	K	A	22	23	24	25	7.4	1h7mA_K22A	6skfB_K23A	1h7m_K24A	-3.96	-2.734	-0.026000000000000002	-2.207
1h7m	A	6skf	B	90.52600000000001	K28A	1.195	K	A	28	29	30	25	7.4	1h7mA_K28A	6skfB_K29A	1h7m_K30A	-2.2030000000000003	-2.01	-0.647	-1.785
1h7m	A	6skf	B	90.52600000000001	K33A	-0.1195	K	A	33	34	35	25	7.4	1h7mA_K33A	6skfB_K34A	1h7m_K35A	-2.2030000000000003	-0.963	3.429	-0.9309999999999999
1h7m	A	6skf	B	90.52600000000001	R39A	0.0717	R	A	39	40	41	25	7.4	1h7mA_R39A	6skfB_R40A	1h7m_R41A	0.45299999999999996	-0.6859999999999999	0.45299999999999996	-0.057
1h7m	A	6skf	B	90.52600000000001	R42A	-0.3346	R	A	42	43	44	25	7.4	1h7mA_R42A	6skfB_R43A	1h7m_R44A	0.45299999999999996	0.301	2.437	0.45799999999999996
1h7m	A	6skf	B	90.52600000000001	D44A	-0.0478	D	A	44	45	46	25	7.4	1h7mA_D44A	6skfB_D45A	1h7m_D46A	-1.85	0.608	0.267	1.261
1h7m	A	6skf	B	90.52600000000001	K46A	1.0994	K	A	46	47	48	25	7.4	1h7mA_K46A	6skfB_K47A	1h7m_K48A	0.076	1.736	-2.758	-0.183
1h7m	A	6skf	B	90.52600000000001	E47A	0.0478	E	A	47	48	49	25	7.4	1h7mA_E47A	6skfB_E48A	1h7m_E49A	-0.27899999999999997	-1.585	3.17	-2.355
1h7m	A	6skf	B	90.52600000000001	D48A	-0.3585	D	A	48	49	50	25	7.4	1h7mA_D48A	6skfB_D49A	1h7m_D50A	-0.997	-1.003	-1.271	-1.504
1h7m	A	6skf	B	90.52600000000001	E62A	1.2906	E	A	62	63	64	25	7.4	1h7mA_E62A	6skfB_E63A	1h7m_E64A	1.018	1.847	-0.81	0.354
1h7m	A	6skf	B	90.52600000000001	E64A	0.2629	E	A	64	65	66	25	7.4	1h7mA_E64A	6skfB_E65A	1h7m_E66A	1.067	-0.977	1.0090000000000001	1.341
1h7m	A	6skf	B	90.52600000000001	E69A	0.7409	E	A	69	70	71	25	7.4	1h7mA_E69A	6skfB_E70A	1h7m_E71A	-1.224	2.1519999999999997	1.689	-0.32299999999999995
1h7m	A	6skf	B	90.52600000000001	R76A	-0.1912	R	A	76	77	78	25	7.4	1h7mA_R76A	6skfB_R77A	1h7m_R78A	1.6980000000000002	-0.701	2.282	-0.39799999999999996
1h7m	A	6skf	B	90.52600000000001	H78A	0.5019	H	A	78	79	80	25	7.4	1h7mA_H78A	6skfB_H79A	1h7m_H80A	-1.7790000000000001	0.439	2.9410000000000003	-2.7739999999999996
1h7m	A	6skf	B	90.52600000000001	D87A	1.3623	D	A	87	88	89	25	7.4	1h7mA_D87A	6skfB_D88A	1h7m_D89A	0.13699999999999998	1.669	-0.348	-1.401
1hfy	A	1hfz	A	95.0	T38A	1.6013	T	A	38	38	38	59	7	1hfyA_T38A	1hfzA_T38A	1hfy_T38A	0.317	1.641	4.553999999999999	-2.407
1io2	A	1uax	A	57.005	D7N	-1.673	D	N	7	7	7	50	9	1io2A_D7N	1uaxA_D7N	1io2_D7N	-1.367	-2.801	-1.8659999999999999	-3.537
1io2	A	1uax	A	57.005	E8Q	-0.5975	E	Q	8	8	8	50	9	1io2A_E8Q	1uaxA_E8Q	1io2_E8Q	-0.713	0.986	0.617	-1.213
1lni	A	1mgr	A	70.968	D79K	-0.7409	D	K	79	82	79	25	7	1lniA_D79K	1mgrA_D82K	1lni_D79K	-0.402	-0.478	6.781000000000001	-5.931
1lni	A	1mgr	A	70.968	T82V	1.6969	T	V	82	85	82	48	7	1lniA_T82V	1mgrA_T85V	1lni_T82V	3.361	4.138999999999999	0.621	-5.01
1lni	A	1mgr	A	70.968	H85Q	0.0	H	Q	85	88	85	49	7	1lniA_H85Q	1mgrA_H88Q	1lni_H85Q	0.752	1.157	0.125	2.105
1lz1	A	1bb6	A	69.23100000000001	K1A	2.2945	K	A	1	1	1	25	2.7	1lz1A_K1A	1bb6A_K1A	1lz1_K1A	-1.506	-2.028	-1.476	-1.365
1lz1	A	1bb6	A	69.23100000000001	K1M	1.3862	K	M	1	1	1	25	2.7	1lz1A_K1M	1bb6A_K1M	1lz1_K1M	-2.13	-3.023	-2.738	-1.635
1lz1	A	1bb6	A	69.23100000000001	V2A	0.7648	V	A	2	2	2	25	2.7	1lz1A_V2A	1bb6A_V2A	1lz1_V2A	2.588	3.8739999999999997	2.158	1.315
1lz1	A	1bb6	A	69.23100000000001	V2D	0.8365	V	D	2	2	2	25	2.7	1lz1A_V2D	1bb6A_V2D	1lz1_V2D	2.133	3.185	0.152	2.434
1lz1	A	1bb6	A	69.23100000000001	V2F	0.8365	V	F	2	2	2	25	2.7	1lz1A_V2F	1bb6A_V2F	1lz1_V2F	6.172999999999999	6.956	5.956	4.131
1lz1	A	1bb6	A	69.23100000000001	V2G	1.2906	V	G	2	2	2	25	2.7	1lz1A_V2G	1bb6A_V2G	1lz1_V2G	4.603	5.144	6.017	6.8839999999999995
1lz1	A	1bb6	A	69.23100000000001	V2I	0.4063	V	I	2	2	2	25	2.7	1lz1A_V2I	1bb6A_V2I	1lz1_V2I	0.128	-0.077	1.131	1.8630000000000002
1lz1	A	1bb6	A	69.23100000000001	V2L	-0.3107	V	L	2	2	2	25	2.7	1lz1A_V2L	1bb6A_V2L	1lz1_V2L	2.471	5.249	2.454	3.267
1lz1	A	1bb6	A	69.23100000000001	V100T	0.8126	V	T	100	99	100	25	2.7	1lz1A_V100T	1bb6A_V99T	1lz1_V100T	2.945	2.416	2.133	0.873
1lz1	A	1bb6	A	69.23100000000001	D102N	0.6692	D	N	102	101	102	65	4	1lz1A_D102N	1bb6A_D101N	1lz1_D102N	-0.1	0.8	4.034	-1.147
1lz1	A	1bb6	A	69.23100000000001	P103G	0.0717	P	G	103	102	103	25	2.8	1lz1A_P103G	1bb6A_P102G	1lz1_P103G	-2.843	-3.832	-1.7630000000000001	-1.19
1tpk	A	3laq	A	46.988	V65A	2.0076	V	A	65	116	70	64	4.5	1tpkA_V65A	3laqA_V116A	1tpk_V70A	1.133	4.35	-3.687	1.151
1tpk	A	3laq	A	46.988	V65I	-0.3107	V	I	65	116	70	64	4.5	1tpkA_V65I	3laqA_V116I	1tpk_V70I	-0.34600000000000003	1.4880000000000002	2.3819999999999997	0.35
1tpk	A	3laq	A	46.988	V65L	1.8881	V	L	65	116	70	64	4.5	1tpkA_V65L	3laqA_V116L	1tpk_V70L	1.329	7.13	-2.372	0.85
1tpk	A	3laq	A	46.988	V65M	2.1989	V	M	65	116	70	64	4.5	1tpkA_V65M	3laqA_V116M	1tpk_V70M	-0.622	4.636	-3.2239999999999998	2.055
1tpk	A	3laq	A	46.988	V65S	2.3901	V	S	65	116	70	64	4.5	1tpkA_V65S	3laqA_V116S	1tpk_V70S	2.8480000000000003	4.718999999999999	-1.6119999999999999	1.85
1tpk	A	3laq	A	46.988	V65T	1.0038	V	T	65	116	70	64	4.5	1tpkA_V65T	3laqA_V116T	1tpk_V70T	5.792999999999999	3.141	3.134	-0.391
1ycc	A	1yeb	A	89.90799999999999	A7L	-0.3585	A	L	7	7	12	25	2.1	1yccA_A7L	1yebA_A7L	1ycc_A12L	0.9990000000000001	-0.122	-0.635	0.132
1ycc	A	1yeb	A	89.90799999999999	A7L	-0.3585	A	L	7	7	12	25	2.1	1yccA_A7L	1yebA_A7L	1ycc_A12L	0.9990000000000001	-0.122	-5.989	0.132
1ycc	A	1yeb	A	89.90799999999999	A7Y	-0.2629	A	Y	7	7	12	25	2.1	1yccA_A7Y	1yebA_A7Y	1ycc_A12Y	2.204	-0.7879999999999999	0.47100000000000003	-1.01
1ycc	A	1yeb	A	89.90799999999999	A7Y	-0.2629	A	Y	7	7	12	25	2.1	1yccA_A7Y	1yebA_A7Y	1ycc_A12Y	2.204	-0.7879999999999999	0.319	-1.01
1ycc	A	1yeb	A	89.90799999999999	F10I	0.9082	F	I	10	10	15	25	4.6	1yccA_F10I	1yebA_F10I	1ycc_F15I	0.797	5.404	0.053	4.248
1ycc	A	1yeb	A	89.90799999999999	F10I	0.9082	F	I	10	10	15	25	4.6	1yccA_F10I	1yebA_F10I	1ycc_F15I	0.797	5.404	-0.8590000000000001	4.248
1ycc	A	1yeb	A	89.90799999999999	F10M	3.3222	F	M	10	10	15	25	4.6	1yccA_F10M	1yebA_F10M	1ycc_F15M	-2.213	4.166	-0.7659999999999999	-0.862
1ycc	A	1yeb	A	89.90799999999999	F10M	3.3222	F	M	10	10	15	25	4.6	1yccA_F10M	1yebA_F10M	1ycc_F15M	-2.213	4.166	-2.093	-0.862
1ycc	A	1yeb	A	89.90799999999999	F10W	1.3384	F	W	10	10	15	25	4.6	1yccA_F10W	1yebA_F10W	1ycc_F15W	4.9030000000000005	4.933	5.608	3.5980000000000003
1ycc	A	1yeb	A	89.90799999999999	F10W	1.3384	F	W	10	10	15	25	4.6	1yccA_F10W	1yebA_F10W	1ycc_F15W	4.9030000000000005	4.933	7.313	3.5980000000000003
1ycc	A	1yeb	A	89.90799999999999	F10Y	0.6692	F	Y	10	10	15	25	4.6	1yccA_F10Y	1yebA_F10Y	1ycc_F15Y	-0.23	-1.3980000000000001	0.732	0.65
1ycc	A	1yeb	A	89.90799999999999	F10Y	0.6692	F	Y	10	10	15	25	4.6	1yccA_F10Y	1yebA_F10Y	1ycc_F15Y	-0.23	-1.3980000000000001	1.5619999999999998	0.65
1ycc	A	1yeb	A	89.90799999999999	T69E	-1.5057	T	E	69	69	74	57	6	1yccA_T69E	1yebA_T69E	1ycc_T74E	1.944	0.024	4.016	2.399
1ycc	A	1yeb	A	89.90799999999999	T69E	-1.5057	T	E	69	69	74	57	6	1yccA_T69E	1yebA_T69E	1ycc_T74E	1.944	0.024	3.0439999999999996	2.399
1ycc	A	1yeb	A	89.90799999999999	K73I	0.4063	K	I	73	73	77	25	5	1yccA_K73I	1yebA_K73I	1ycc_K77I	1.006	-2.053	-4.105	-0.141
1ycc	A	1yeb	A	89.90799999999999	K73I	0.4063	K	I	73	73	77	25	5	1yccA_K73I	1yebA_K73I	1ycc_K77I	1.006	-2.053	-1.02	-0.141
1ycc	A	1yeb	A	89.90799999999999	K73V	-0.0956	K	V	73	73	77	25	5	1yccA_K73V	1yebA_K73V	1ycc_K77V	2.331	-2.286	0.721	-4.38
1ycc	A	1yeb	A	89.90799999999999	K73V	-0.0956	K	V	73	73	77	25	5	1yccA_K73V	1yebA_K73V	1ycc_K77V	2.331	-2.286	-0.18600000000000003	-4.38
1ycc	A	1yeb	A	89.90799999999999	K73W	1.6013	K	W	73	73	77	25	5	1yccA_K73W	1yebA_K73W	1ycc_K77W	3.7110000000000003	2.28	0.568	4.083
1ycc	A	1yeb	A	89.90799999999999	K73W	1.6013	K	W	73	73	77	25	5	1yccA_K73W	1yebA_K73W	1ycc_K77W	3.7110000000000003	2.28	0.569	4.083
1ycc	A	1yeb	A	89.90799999999999	P76G	0.7887	P	G	76	71	76	25	4.6	1yccA_P76G	1yebA_P71G	1ycc_P76G	1.9609999999999999	2.455	0.47600000000000003	4.724
1ycc	A	1yeb	A	89.90799999999999	P76G	0.7887	P	G	76	71	76	25	4.6	1yccA_P76G	1yebA_P71G	1ycc_P76G	1.9609999999999999	2.455	1.692	4.724
1ycc	A	1yeb	A	89.90799999999999	P76R	0.9799	P	R	76	71	76	25	4.6	1yccA_P76R	1yebA_P71R	1ycc_P76R	2.351	0.725	-0.44	2.073
1ycc	A	1yeb	A	89.90799999999999	P76R	0.9799	P	R	76	71	76	25	4.6	1yccA_P76R	1yebA_P71R	1ycc_P76R	2.351	0.725	-0.11800000000000001	2.073
1ycc	A	1yeb	A	89.90799999999999	P76S	1.8881	P	S	76	71	76	25	4.6	1yccA_P76S	1yebA_P71S	1ycc_P76S	0.25	1.7069999999999999	0.643	3.8160000000000003
1ycc	A	1yeb	A	89.90799999999999	P76S	1.8881	P	S	76	71	76	25	4.6	1yccA_P76S	1yebA_P71S	1ycc_P76S	0.25	1.7069999999999999	2.9160000000000004	3.8160000000000003
1ycc	A	1yeb	A	89.90799999999999	P76V	1.0755	P	V	76	71	76	25	4.6	1yccA_P76V	1yebA_P71V	1ycc_P76V	-3.468	-1.633	-1.6840000000000002	2.835
1ycc	A	1yeb	A	89.90799999999999	P76V	1.0755	P	V	76	71	76	25	4.6	1yccA_P76V	1yebA_P71V	1ycc_P76V	-3.468	-1.633	-0.99	2.835
1ycc	A	1yeb	A	89.90799999999999	F82Y	0.6931	F	Y	82	82	87	25	6	1yccA_F82Y	1yebA_F82Y	1ycc_F87Y	6.587999999999999	1.765	4.9910000000000005	0.092
1ycc	A	1yeb	A	89.90799999999999	L85A	2.7964	L	A	85	85	90	25	6	1yccA_L85A	1yebA_L85A	1ycc_L90A	0.8390000000000001	1.926	0.8390000000000001	1.755
1ycc	A	1yeb	A	89.90799999999999	L94A	3.8241	L	A	94	94	99	25	4.6	1yccA_L94A	1yebA_L94A	1ycc_L99A	-1.088	5.228	1.031	3.49
1ycc	A	1yeb	A	89.90799999999999	L94I	0.0239	L	I	94	94	99	25	4.6	1yccA_L94I	1yebA_L94I	1ycc_L99I	-3.312	5.1370000000000005	-0.9059999999999999	-3.924
1ycc	A	1yeb	A	89.90799999999999	L94T	3.2744	L	T	94	94	99	25	4.6	1yccA_L94T	1yebA_L94T	1ycc_L99T	0.051	4.271	2.512	1.528
1ycc	A	1yeb	A	89.90799999999999	L94V	0.7170000000000001	L	V	94	94	99	25	4.6	1yccA_L94V	1yebA_L94V	1ycc_L99V	-1.643	3.785	-1.851	-3.17
1ycc	A	1yeb	A	89.90799999999999	T96A	-1.0038	T	A	96	96	101	57	6	1yccA_T96A	1yebA_T96A	1ycc_T101A	-0.5	2.3819999999999997	-0.175	5.881
1ycc	A	1yeb	A	89.90799999999999	Y97F	-0.0717	Y	F	97	97	102	25	4.6	1yccA_Y97F	1yebA_Y97F	1ycc_Y102F	2.307	1.2670000000000001	1.848	0.139
2hbb	A	5v7q	H	47.5	D23A	0.4541	D	A	23	23	23	25	5.4	2hbbA_D23A	5v7qH_D23A	2hbb_D23A	-1.599	-2.506	2.335	-0.983
2hbb	A	5v7q	H	47.5	D23N	0.7170000000000001	D	N	23	23	23	25	5.4	2hbbA_D23N	5v7qH_D23N	2hbb_D23N	0.048	-0.951	0.159	0.43
2rn2	A	4ly7	A	87.5	D10A	-1.7208	D	A	10	10	10	25	9	2rn2A_D10A	4ly7A_D10A	2rn2_D10A	-1.9369999999999998	-1.0959999999999999	-1.913	-3.722
2rn2	A	4ly7	A	87.5	D10E	-0.5258	D	E	10	10	10	25	9	2rn2A_D10E	4ly7A_D10E	2rn2_D10E	-0.555	0.157	1.091	-0.428
2rn2	A	4ly7	A	87.5	D10H	-1.1472	D	H	10	10	10	25	9	2rn2A_D10H	4ly7A_D10H	2rn2_D10H	-2.697	-3.335	-2.122	5.821000000000001
2rn2	A	4ly7	A	87.5	D10N	-0.9799	D	N	10	10	10	25	9	2rn2A_D10N	4ly7A_D10N	2rn2_D10N	2.354	-0.877	-0.7559999999999999	-2.121
2rn2	A	4ly7	A	87.5	D10S	-1.2667	D	S	10	10	10	25	9	2rn2A_D10S	4ly7A_D10S	2rn2_D10S	-1.43	-1.136	4.136	-4.441
2rn2	A	4ly7	A	87.5	G23A	-1.0277	G	A	23	23	23	25	5.5	2rn2A_G23A	4ly7A_G23A	2rn2_G23A	3.603	3.6660000000000004	2.001	-0.904
2rn2	A	4ly7	A	87.5	A24V	-0.8843	A	V	24	24	24	52	5.5	2rn2A_A24V	4ly7A_A24V	2rn2_A24V	1.014	0.682	3.2260000000000004	2.222
2rn2	A	4ly7	A	87.5	E48A	0.1673	E	A	48	48	48	25	9	2rn2A_E48A	4ly7A_E48A	2rn2_E48A	1.0070000000000001	-0.847	0.685	-0.205
2rn2	A	4ly7	A	87.5	E48D	0.1195	E	D	48	48	48	25	9	2rn2A_E48D	4ly7A_E48D	2rn2_E48D	4.147	1.524	3.852	1.922
2rn2	A	4ly7	A	87.5	E48Q	-0.1673	E	Q	48	48	48	25	9	2rn2A_E48Q	4ly7A_E48Q	2rn2_E48Q	-0.506	0.598	-1.2329999999999999	-3.05
2rn2	A	4ly7	A	87.5	A52C	-0.7648	A	C	52	52	52	53	3	2rn2A_A52C	4ly7A_A52C	2rn2_A52C	-2.296	-1.194	0.6559999999999999	2.055
2rn2	A	4ly7	A	87.5	A52D	1.8403	A	D	52	52	52	53	3	2rn2A_A52D	4ly7A_A52D	2rn2_A52D	1.412	3.735	4.876	4.7589999999999995
2rn2	A	4ly7	A	87.5	A52E	1.5296	A	E	52	52	52	53	3	2rn2A_A52E	4ly7A_A52E	2rn2_A52E	5.861000000000001	7.813	3.947	1.7109999999999999
2rn2	A	4ly7	A	87.5	A52G	2.7008	A	G	52	52	52	53	3	2rn2A_A52G	4ly7A_A52G	2rn2_A52G	1.484	3.5639999999999996	3.96	5.086
2rn2	A	4ly7	A	87.5	A52I	-1.8881	A	I	52	52	52	53	3	2rn2A_A52I	4ly7A_A52I	2rn2_A52I	-5.485	-3.477	-3.2939999999999996	1.511
2rn2	A	4ly7	A	87.5	A52L	-1.3145	A	L	52	52	52	53	3	2rn2A_A52L	4ly7A_A52L	2rn2_A52L	0.046	4.4830000000000005	7.254	-1.9080000000000001
2rn2	A	4ly7	A	87.5	A52M	-0.5019	A	M	52	52	52	53	3	2rn2A_A52M	4ly7A_A52M	2rn2_A52M	0.485	2.9730000000000003	1.9180000000000001	-2.108
2rn2	A	4ly7	A	87.5	A52N	1.7925	A	N	52	52	52	53	3	2rn2A_A52N	4ly7A_A52N	2rn2_A52N	-0.6629999999999999	0.8270000000000001	0.56	2.605
2rn2	A	4ly7	A	87.5	A52Q	1.195	A	Q	52	52	52	53	3	2rn2A_A52Q	4ly7A_A52Q	2rn2_A52Q	3.62	6.131	6.261	-0.51
2rn2	A	4ly7	A	87.5	A52S	1.7686	A	S	52	52	52	53	3	2rn2A_A52S	4ly7A_A52S	2rn2_A52S	-0.436	-0.044000000000000004	5.77	4.542
2rn2	A	4ly7	A	87.5	A52T	0.8126	A	T	52	52	52	53	3	2rn2A_A52T	4ly7A_A52T	2rn2_A52T	-4.1419999999999995	-1.578	-0.547	0.816
2rn2	A	4ly7	A	87.5	A52V	-1.673	A	V	52	52	52	53	3.0-5.5	2rn2A_A52V	4ly7A_A52V	2rn2_A52V	-6.443	-6.2139999999999995	-4.043	-0.813
2rn2	A	4ly7	A	87.5	S68A	0.4541	S	A	68	68	68	52	3	2rn2A_S68A	4ly7A_S68A	2rn2_S68A	0.023	-1.426	0.248	0.39899999999999997
2rn2	A	4ly7	A	87.5	S68G	2.3901	S	G	68	68	68	52	3	2rn2A_S68G	4ly7A_S68G	2rn2_S68G	4.468999999999999	2.655	3.037	4.364
2rn2	A	4ly7	A	87.5	S68L	0.478	S	L	68	68	68	52	3	2rn2A_S68L	4ly7A_S68L	2rn2_S68L	-1.912	-2.278	-3.156	-0.919
2rn2	A	4ly7	A	87.5	S68T	0.1912	S	T	68	68	68	52	3	2rn2A_S68T	4ly7A_S68T	2rn2_S68T	-0.7609999999999999	0.071	2.112	-0.826
2rn2	A	4ly7	A	87.5	S68V	-0.5736	S	V	68	68	68	52	3	2rn2A_S68V	4ly7A_S68V	2rn2_S68V	-4.01	-5.236000000000001	-1.875	-3.3169999999999997
2rn2	A	4ly7	A	87.5	D70A	-0.5736	D	A	70	70	70	25	9	2rn2A_D70A	4ly7A_D70A	2rn2_D70A	-4.247	-1.183	0.203	-4.087
2rn2	A	4ly7	A	87.5	D70E	-0.0717	D	E	70	70	70	25	9	2rn2A_D70E	4ly7A_D70E	2rn2_D70E	-3.555	1.3119999999999998	-0.563	-2.6180000000000003
2rn2	A	4ly7	A	87.5	D70N	-0.8126	D	N	70	70	70	25	9	2rn2A_D70N	4ly7A_D70N	2rn2_D70N	-4.011	-2.588	0.207	-4.36
2rn2	A	4ly7	A	87.5	V74A	3.3939	V	A	74	74	74	52	5.5	2rn2A_V74A	4ly7A_V74A	2rn2_V74A	4.131	4.92	5.224	3.563
2rn2	A	4ly7	A	87.5	V74I	-0.5975	V	I	74	74	74	52	5.5	2rn2A_V74I	4ly7A_V74I	2rn2_V74I	1.506	4.463	0.595	2.315
2rn2	A	4ly7	A	87.5	V74L	-1.0994	V	L	74	74	74	25	5.5	2rn2A_V74L	4ly7A_V74L	2rn2_V74L	1.81	-1.382	-1.298	1.555
2rn2	A	4ly7	A	87.5	H83A	0.1195	H	A	83	83	83	25	7.8	2rn2A_H83A	4ly7A_H83A	2rn2_H83A	-0.03	-2.9730000000000003	-2.089	-2.3819999999999997
2rn2	A	4ly7	A	87.5	K91R	0.0	K	R	91	91	91	52	5.5	2rn2A_K91R	4ly7A_K91R	2rn2_K91R	-4.583	-2.543	-0.532	-1.725
2rn2	A	4ly7	A	87.5	D94E	0.4063	D	E	94	94	94	52	5.5	2rn2A_D94E	4ly7A_D94E	2rn2_D94E	-1.5659999999999998	-1.624	0.431	-0.249
2rn2	A	4ly7	A	87.5	K95A	-0.0956	K	A	95	95	95	52	5.5	2rn2A_K95A	4ly7A_K95A	2rn2_K95A	-1.463	-2.171	-1.795	-1.508
2rn2	A	4ly7	A	87.5	K95G	-1.2906	K	G	95	95	95	25	5.5	2rn2A_K95G	4ly7A_K95G	2rn2_K95G	-1.861	-1.827	-3.742	-1.4069999999999998
2rn2	A	4ly7	A	87.5	K95N	-0.8843	K	N	95	95	95	52	5.5	2rn2A_K95N	4ly7A_K95N	2rn2_K95N	-2.759	-2.733	-2.54	-2.9960000000000004
2rn2	A	4ly7	A	87.5	H124A	-0.0478	H	A	124	124	124	-	7.9	2rn2A_H124A	4ly7A_H124A	2rn2_H124A	-3.7239999999999998	-1.328	-0.653	-1.042
2rn2	A	4ly7	A	87.5	A125T	0.0	A	T	125	125	125	52	5.5	2rn2A_A125T	4ly7A_A125T	2rn2_A125T	1.8119999999999998	4.9430000000000005	2.024	-0.09
2rn2	A	4ly7	A	87.5	H127A	0.3107	H	A	127	127	127	25	3	2rn2A_H127A	4ly7A_H127A	2rn2_H127A	-1.3619999999999999	2.079	3.491	-1.639
2rn2	A	4ly7	A	87.5	D134A	-0.9799	D	A	134	134	134	25	9	2rn2A_D134A	4ly7A_D134A	2rn2_D134A	-2.228	-2.6689999999999996	-2.803	-0.61
2rn2	A	4ly7	A	87.5	D134E	-0.9082	D	E	134	134	134	52	5.5	2rn2A_D134E	4ly7A_D134E	2rn2_D134E	-0.976	-0.534	-1.704	0.525
2rn2	A	4ly7	A	87.5	D134H	-2.9637	D	H	134	134	134	25	5.5	2rn2A_D134H	4ly7A_D134H	2rn2_D134H	-0.945	-1.636	-1.734	-2.7539999999999996
2rn2	A	4ly7	A	87.5	D134I	-1.3623	D	I	134	134	134	52	5.5	2rn2A_D134I	4ly7A_D134I	2rn2_D134I	-3.2510000000000003	-1.5919999999999999	-0.22	-1.043
2rn2	A	4ly7	A	87.5	D134I	-1.3623	D	I	134	134	134	52	5.5	2rn2A_D134I	4ly7A_D134I	2rn2_D134I	-3.2510000000000003	-1.5919999999999999	-0.22	-1.158
2rn2	A	4ly7	A	87.5	D134L	-1.5296	D	L	134	134	134	52	5.5	2rn2A_D134L	4ly7A_D134L	2rn2_D134L	-1.107	-2.375	-2.9589999999999996	-1.415
2rn2	A	4ly7	A	87.5	D134L	-1.5296	D	L	134	134	134	52	5.5	2rn2A_D134L	4ly7A_D134L	2rn2_D134L	-1.107	-2.375	-2.9589999999999996	-1.3630000000000002
2rn2	A	4ly7	A	87.5	D134N	-1.6491	D	N	134	134	134	25	5.5	2rn2A_D134N	4ly7A_D134N	2rn2_D134N	-0.987	-1.239	-1.8840000000000001	-1.2930000000000001
2rn2	A	4ly7	A	87.5	D134N	-1.6491	D	N	134	134	134	25	5.5	2rn2A_D134N	4ly7A_D134N	2rn2_D134N	-0.987	-1.239	-1.8840000000000001	-1.314
2rn2	A	4ly7	A	87.5	D134Q	-1.3384	D	Q	134	134	134	52	5.5	2rn2A_D134Q	4ly7A_D134Q	2rn2_D134Q	-1.1340000000000001	-0.8540000000000001	-1.0590000000000002	0.155
2rn2	A	4ly7	A	87.5	D134Q	-1.3384	D	Q	134	134	134	52	5.5	2rn2A_D134Q	4ly7A_D134Q	2rn2_D134Q	-1.1340000000000001	-0.8540000000000001	-1.0590000000000002	0.149
2rn2	A	4ly7	A	87.5	D134S	-1.1472	D	S	134	134	134	52	5.5	2rn2A_D134S	4ly7A_D134S	2rn2_D134S	0.564	-0.782	-0.426	0.6459999999999999
2rn2	A	4ly7	A	87.5	D134S	-1.1472	D	S	134	134	134	52	5.5	2rn2A_D134S	4ly7A_D134S	2rn2_D134S	0.564	-0.782	-0.426	0.607
2rn2	A	4ly7	A	87.5	D134T	-1.0755	D	T	134	134	134	52	5.5	2rn2A_D134T	4ly7A_D134T	2rn2_D134T	-2.439	-1.7630000000000001	-2.571	-1.2819999999999998
2rn2	A	4ly7	A	87.5	D134T	-1.0755	D	T	134	134	134	52	5.5	2rn2A_D134T	4ly7A_D134T	2rn2_D134T	-2.439	-1.7630000000000001	-2.571	-1.239
2rn2	A	4ly7	A	87.5	D134V	-1.195	D	V	134	134	134	52	5.5	2rn2A_D134V	4ly7A_D134V	2rn2_D134V	-2.323	-1.626	-0.09	0.131
2rn2	A	4ly7	A	87.5	D134V	-1.195	D	V	134	134	134	52	5.5	2rn2A_D134V	4ly7A_D134V	2rn2_D134V	-2.323	-1.626	-0.09	0.21100000000000002
2rn2	A	4ly7	A	87.5	E135K	0.2151	E	K	135	135	135	52	5.5	2rn2A_E135K	4ly7A_E135K	2rn2_E135K	1.694	1.713	3.5989999999999998	2.221
2rn2	A	4ly7	A	87.5	E135K	0.2151	E	K	135	135	135	52	5.5	2rn2A_E135K	4ly7A_E135K	2rn2_E135K	1.694	1.713	3.5989999999999998	2.262
2trx	A	2yn1	A	86.538	D26I	-3.1071	D	I	26	25	26	25	7	2trxA_D26I	2yn1A_D25I	2trx_D26I	-4.05	-2.873	4.541	-5.9510000000000005
2trx	A	2yn1	A	86.538	T66L	1.4101	T	L	66	65	66	25	7	2trxA_T66L	2yn1A_T65L	2trx_T66L	2.784	5.729	3.259	4.104
2trx	A	2yn1	A	86.538	T77V	1.0994	T	V	77	76	77	25	7	2trxA_T77V	2yn1A_T76V	2trx_T77V	0.7390000000000001	-0.8540000000000001	2.693	4.263999999999999
4lyz	A	2ihl	A	95.34899999999999	H15L	-0.7648	H	L	15	15	15	74	6.4	4lyzA_H15L	2ihlA_H15L	4lyz_H15L	-1.084	-0.113	-0.386	-1.084
4lyz	A	2ihl	A	95.34899999999999	A31I	-1.4101	A	I	31	31	31	74	6.4	4lyzA_A31I	2ihlA_A31I	4lyz_A31I	2.938	5.952999999999999	2.5989999999999998	2.615
4lyz	A	2ihl	A	95.34899999999999	A31L	-1.7925	A	L	31	31	31	74	6.4	4lyzA_A31L	2ihlA_A31L	4lyz_A31L	-3.15	3.767	-3.5639999999999996	-2.764
4lyz	A	2ihl	A	95.34899999999999	A31V	-1.195	A	V	31	31	31	74	6.4	4lyzA_A31V	2ihlA_A31V	4lyz_A31V	2.169	1.9240000000000002	-2.0909999999999997	1.008
4lyz	A	2ihl	A	95.34899999999999	T40I	2.1989	T	I	40	40	40	74	6.4	4lyzA_T40I	2ihlA_T40I	4lyz_T40I	2.6630000000000003	4.505	8.487	-0.387
4lyz	A	2ihl	A	95.34899999999999	T40S	0.2629	T	S	40	40	40	74	6.4	4lyzA_T40S	2ihlA_T40S	4lyz_T40S	-0.024	5.75	4.032	-3.346
4lyz	A	2ihl	A	95.34899999999999	G49A	0.7409	G	A	49	49	49	25	2.7	4lyzA_G49A	2ihlA_G49A	4lyz_G49A	1.726	1.531	-1.13	-1.8019999999999998
4lyz	A	2ihl	A	95.34899999999999	I55A	4.3977	I	A	55	55	55	74	6.4	4lyzA_I55A	2ihlA_I55A	4lyz_I55A	2.313	4.894	2.563	5.03
4lyz	A	2ihl	A	95.34899999999999	I55L	0.4541	I	L	55	55	55	74	6.4	4lyzA_I55L	2ihlA_I55L	4lyz_I55L	-0.6729999999999999	0.622	-0.017	1.381
4lyz	A	2ihl	A	95.34899999999999	I55M	2.2706	I	M	55	55	55	74	6.4	4lyzA_I55M	2ihlA_I55M	4lyz_I55M	1.371	3.8480000000000003	0.278	2.835
4lyz	A	2ihl	A	95.34899999999999	I55T	4.9713	I	T	55	55	55	74	6.4	4lyzA_I55T	2ihlA_I55T	4lyz_I55T	3.342	6.6979999999999995	3.355	4.532
4lyz	A	2ihl	A	95.34899999999999	I55V	0.9082	I	V	55	55	55	74	6.4	4lyzA_I55V	2ihlA_I55V	4lyz_I55V	0.445	2.906	1.4880000000000002	3.8989999999999996
4lyz	A	2ihl	A	95.34899999999999	G67A	0.5258	G	A	67	67	67	25	2.7	4lyzA_G67A	2ihlA_G67A	4lyz_G67A	5.127000000000001	1.095	1.682	1.2329999999999999
4lyz	A	2ihl	A	95.34899999999999	R68K	0.0478	R	K	68	68	68	74	6.4	4lyzA_R68K	2ihlA_R68K	4lyz_R68K	2.315	1.5590000000000002	3.565	1.98
4lyz	A	2ihl	A	95.34899999999999	G71A	2.1272	G	A	71	71	71	25	2.7	4lyzA_G71A	2ihlA_G71A	4lyz_G71A	1.669	-0.402	4.302	-0.33899999999999997
4lyz	A	2ihl	A	95.34899999999999	R73K	-0.239	R	K	73	73	73	74	6.4	4lyzA_R73K	2ihlA_R73K	4lyz_R73K	-0.342	0.34	-1.172	2.351
4lyz	A	2ihl	A	95.34899999999999	N77H	0.3824	N	H	77	77	77	74	6.4	4lyzA_N77H	2ihlA_N77H	4lyz_N77H	2.501	1.3090000000000002	0.7020000000000001	1.895
4lyz	A	2ihl	A	95.34899999999999	S91A	0.1434	S	A	91	91	91	74	6.4	4lyzA_S91A	2ihlA_S91A	4lyz_S91A	-4.774	-1.016	-2.472	-3.238
4lyz	A	2ihl	A	95.34899999999999	S91D	2.3184	S	D	91	91	91	74	6.4	4lyzA_S91D	2ihlA_S91D	4lyz_S91D	1.4280000000000002	5.404	1.837	5.063
4lyz	A	2ihl	A	95.34899999999999	S91T	-1.0038	S	T	91	91	91	74	6.4	4lyzA_S91T	2ihlA_S91T	4lyz_S91T	-6.061	-1.4469999999999998	-1.6159999999999999	-3.342
4lyz	A	2ihl	A	95.34899999999999	S91V	0.0717	S	V	91	91	91	74	6.4	4lyzA_S91V	2ihlA_S91V	4lyz_S91V	-5.688	-4.242	-5.712999999999999	-4.843
4lyz	A	2ihl	A	95.34899999999999	D101A	-0.7648	D	A	101	101	101	74	6.4	4lyzA_D101A	2ihlA_D101A	4lyz_D101A	-1.249	-4.12	3.0060000000000002	-1.8359999999999999
4lyz	A	2ihl	A	95.34899999999999	D101E	0.0	D	E	101	101	101	74	6.4	4lyzA_D101E	2ihlA_D101E	4lyz_D101E	-1.383	-4.635	1.068	0.5529999999999999
4lyz	A	2ihl	A	95.34899999999999	D101F	-0.7170000000000001	D	F	101	101	101	74	6.4	4lyzA_D101F	2ihlA_D101F	4lyz_D101F	-0.392	-2.1	2.275	0.015
4lyz	A	2ihl	A	95.34899999999999	D101G	-0.4541	D	G	101	101	101	74	6.4	4lyzA_D101G	2ihlA_D101G	4lyz_D101G	0.184	-2.608	3.4410000000000003	-0.221
4lyz	A	2ihl	A	95.34899999999999	D101K	-0.1912	D	K	101	101	101	74	6.4	4lyzA_D101K	2ihlA_D101K	4lyz_D101K	0.16	-1.804	3.995	1.79
4lyz	A	2ihl	A	95.34899999999999	D101N	-0.0478	D	N	101	101	101	74	6.4	4lyzA_D101N	2ihlA_D101N	4lyz_D101N	-0.9129999999999999	-3.111	0.48700000000000004	0.912
4lyz	A	2ihl	A	95.34899999999999	D101Q	0.0717	D	Q	101	101	101	74	6.4	4lyzA_D101Q	2ihlA_D101Q	4lyz_D101Q	0.434	-2.585	3.199	0.927
4lyz	A	2ihl	A	95.34899999999999	D101R	-0.2629	D	R	101	101	101	74	6.4	4lyzA_D101R	2ihlA_D101R	4lyz_D101R	-1.2429999999999999	-2.597	3.327	-1.475
4lyz	A	2ihl	A	95.34899999999999	D101S	-0.8604	D	S	101	101	101	74	6.4	4lyzA_D101S	2ihlA_D101S	4lyz_D101S	-0.152	-0.682	1.104	-1.35
4lyz	A	2ihl	A	95.34899999999999	R114H	-0.6692	R	H	114	114	114	74	6.4	4lyzA_R114H	2ihlA_R114H	4lyz_R114H	1.4909999999999999	1.7009999999999998	-0.992	-0.769
4lyz	A	2ihl	A	95.34899999999999	G117A	0.8126	G	A	117	117	117	25	2.7	4lyzA_G117A	2ihlA_G117A	4lyz_G117A	0.24100000000000002	-0.55	3.048	0.402
5pti	A	3l3t	E	48.214	Y35A	4.9952	Y	A	35	35	35	25	3	5ptiA_Y35A	3l3tE_Y35A	5pti_Y35A	-0.146	4.454	2.818	4.8389999999999995
