original	chain_o	template	chain_t	pident	variation	ddG	wt_aa	mut_aa	res_o	res_t	res_m	T	pH	ddg_o	ddg_t	ddg_af	ddg_tasser
1aky	A	2c9y	A	58.605	V8I	1.195	V	I	8	19	8	25	7.5	0.4348	-0.9769	-0.2542	-0.0526
1aky	A	2c9y	A	58.605	N169D	2.1511	N	D	169	179	169	25	7.5	0.1619	-0.0227	-0.1192	0.0016
1aky	A	2c9y	A	58.605	I213F	1.912	I	F	213	223	213	25	7.5	-0.2626	0.4604	0.1953	-0.9848
1ank	A	3x2s	A	98.598	D84H	1.4101	D	H	84	84	84	52	7.2	0.441	0.2665	-0.2948	0.4015
1ank	A	3x2s	A	98.598	G85V	2.3901	G	V	85	85	85	52	7.2	0.8658	-0.8613	-1.1573	-0.0778
1ank	A	3x2s	A	98.598	F86L	0.7887	F	L	86	86	86	52	7.2	0.0928	1.2291	-0.1737	-0.9161
1ank	A	3x2s	A	98.598	R88G	0.1912	R	G	88	88	88	52	7.4	0.2531	1.0234	0.9007	0.5235
1ayf	A	7m8i	A	94.175	T54A	1.4818	T	A	54	114	51	25	8.5	0.1213	0.0894	0.2946	0.179
1ayf	A	7m8i	A	94.175	T54S	0.1195	T	S	54	114	51	25	8.5	0.1145	0.1014	0.3736	0.2632
1ayf	A	7m8i	A	94.175	H56Q	2.175	H	Q	56	116	53	25	8.5	-0.3408	-0.2912	-0.1466	-0.2966
1ayf	A	7m8i	A	94.175	H56R	1.3623	H	R	56	116	53	25	8.5	-0.1142	-0.3678	-0.6801	-0.5964
1ayf	A	7m8i	A	94.175	H56T	1.4101	H	T	56	116	53	25	8.5	-0.0863	-0.3258	-0.8478	0.2514
1ayf	A	7m8i	A	94.175	D76E	0.478	D	E	76	136	73	25	8.5	0.091	0.2766	-0.2317	-0.0112
1ayf	A	7m8i	A	94.175	Y82F	0.0956	Y	F	82	142	79	25	8.5	-0.0482	0.0578	-0.0115	0.0348
1ayf	A	7m8i	A	94.175	Y82L	0.6931	Y	L	82	142	79	25	8.5	0.0918	0.0553	-0.0217	0.0298
1ayf	A	7m8i	A	94.175	Y82S	0.6453	Y	S	82	142	79	25	8.5	0.5546	1.5261	0.8674	0.4892
1ayf	A	7m8i	A	94.175	C95S	-0.9321	C	S	95	155	92	25	8.5	-0.0257	0.0277	0.0015	0.0933
1bni	A	2rbi	A	83.333	D8A	0.5975	D	A	8	7	8	25	6.3	0.0603	-0.0652	0.1057	0.0162
1bni	A	2rbi	A	83.333	D8G	1.0038	D	G	8	7	8	25	6.3	0.2165	0.3052	0.331	-0.0912
1bni	A	2rbi	A	83.333	D12G	0.5975	D	G	12	11	12	25	4.4	-0.1682	0.168	-0.2095	-0.3798
1bni	A	2rbi	A	83.333	L14A	4.2065	L	A	14	13	14	25	6.3	2.2404	2.3821	2.0357	1.5724
1bni	A	2rbi	A	83.333	Y17A	1.8881	Y	A	17	16	17	25	6.3	0.8351	1.3227	0.6128	1.1673
1bni	A	2rbi	A	83.333	D22M	0.0956	D	M	22	21	22	25	4.4	-0.0973	-0.6824	-0.2901	-0.698
1bni	A	2rbi	A	83.333	T26G	1.8881	T	G	26	25	26	25	4.4	0.2875	-0.018	0.2758	-0.1638
1bni	A	2rbi	A	83.333	I51V	1.8642	I	V	51	50	51	25	4.4	0.6057	0.643	0.7902	0.1409
1bni	A	2rbi	A	83.333	G52A	5.3059	G	A	52	51	52	54	6.3	-0.7712	-0.3018	0.0115	-0.9434
1bni	A	2rbi	A	83.333	G53A	3.3939	G	A	53	52	53	54	6.3	0.3748	0.4697	0.389	0.3042
1bni	A	2rbi	A	83.333	G53V	7.7916	G	V	53	52	53	54	6.3	0.1036	-0.4977	0.0541	-0.9052
1bni	A	2rbi	A	83.333	D54N	2.3901	D	N	54	53	54	25	4.4	0.1535	-0.1424	0.0243	0.1855
1bni	A	2rbi	A	83.333	R69M	2.6769	R	M	69	68	69	25	4.4	-0.0656	-0.0301	-0.1665	-1.0715
1bni	A	2rbi	A	83.333	R83Q	1.4101	R	Q	83	82	83	25	4.4	-0.2227	0.1644	0.1126	0.0586
1bni	A	2rbi	A	83.333	S91A	1.3862	S	A	91	90	91	25	4.4	0.074	-0.0209	-0.0923	-0.0811
1bni	A	2rbi	A	83.333	S92A	2.653	S	A	92	91	92	25	4.4	-0.0307	-0.028	-0.0374	0.1165
1bni	A	2rbi	A	83.333	I96A	3.2983	I	A	96	95	96	25	6.3	1.7626	1.4777	2.3017	2.093
1bni	A	2rbi	A	83.333	I96V	0.9082	I	V	96	95	96	25	6.3	0.4664	0.5144	0.6307	0.4259
1c52	A	2zoo	A	39.316	M69A	-5.0191	M	A	69	404	69	25	7	0.4881	0.9456	0.209	0.5292
1c52	A	2zoo	A	39.316	M69H	0.717	M	H	69	404	69	25	7	0.7086	0.6469	0.186	0.3559
1c9o	A	2i5l	X	85.484	E12K	0.4302	E	K	12	12	12	75	7	0.0285	-0.0352	0.0348	0.0544
1c9o	A	2i5l	X	85.484	E21A	0.2868	E	A	21	21	21	70	7	0.012	0.1027	0.1483	0.0707
1c9o	A	2i5l	X	85.484	E21K	0.2629	E	K	21	21	21	75	7	-0.0105	-0.0341	-0.0151	0.0871
1c9o	A	2i5l	X	85.484	H29E	0.7648	H	E	29	29	29	75	7	-0.1058	-0.1849	-0.1447	-0.33
1c9o	A	2i5l	X	85.484	E36K	0.1912	E	K	36	36	36	75	7	-0.0278	-0.0508	0.0035	-0.0572
1c9o	A	2i5l	X	85.484	E50K	0.5019	E	K	50	50	50	75	7	-0.3938	-0.0624	-0.1588	-0.1537
1c9o	A	2i5l	X	85.484	N55K	-0.0956	N	K	55	55	55	75	7	-0.2846	-0.0484	-0.0705	-0.0754
1c9o	A	2i5l	X	85.484	R56E	-0.7648	R	E	56	56	56	75	7	-0.0001	0.0887	0.0281	0.0825
1chk	A	4ily	A	72.532	W28F	4.4216	W	F	28	80	28	43	7	1.0311	-1.2507	-0.031	-0.0862
1chk	A	4ily	A	72.532	W101F	4.2782	W	F	101	153	101	43	7	0.6371	-0.4075	0.1229	-0.2883
1chk	A	4ily	A	72.532	W227F	2.5096	W	F	227	279	227	43	7	-0.0029	-0.2058	-0.377	-1.0427
1csp	A	3i2z	A	68.75	N10D	-0.6692	N	D	10	12	10	55	7.5	-0.0634	-0.0359	-0.0475	-0.022
1csp	A	3i2z	A	68.75	F15A	2.2706	F	A	15	17	15	25	7	1.1399	0.8646	1.1361	0.9715
1csp	A	3i2z	A	68.75	F17A	1.5296	F	A	17	19	17	25	7	1.6913	1.4642	1.8061	0.426
1csp	A	3i2z	A	68.75	D25Q	0.8126	D	Q	25	28	25	55	7.5	-0.0926	0.0597	-0.0083	0.3272
1csp	A	3i2z	A	68.75	F27A	0.8365	F	A	27	30	27	25	7	1.2944	0.7408	1.2789	1.1864
1csp	A	3i2z	A	68.75	F38A	-0.1434	F	A	38	41	38	25	7	0.2101	1.4812	0.5018	0.7511
1csp	A	3i2z	A	68.75	E43S	-0.2868	E	S	43	46	43	70	7	0.0953	0.1377	0.1031	-0.065
1csp	A	3i2z	A	68.75	E50Q	1.2189	E	Q	50	53	50	55	7.5	0.0764	-0.0409	-0.1656	0.0121
1csp	A	3i2z	A	68.75	T64R	-1.0755	T	R	64	67	64	70	7	-0.2325	-0.4466	-0.2446	-0.4327
1cyo	A	3x32	A	97.674	F35H	3.4178	F	H	35	40	35	71	7	2.4661	0.8589	2.5207	1.0585
1cyo	A	3x32	A	97.674	F35L	1.912	F	L	35	40	35	71	7	0.4843	-0.3307	1.7014	-0.052
1cyo	A	3x32	A	97.674	F35Y	-0.1195	F	Y	35	40	35	71	7	-0.0857	-0.0196	1.3897	-0.2779
1cyo	A	3x32	A	97.674	V45E	2.3662	V	E	45	50	45	71	7	0.3423	-0.0556	0.3856	-0.0154
1cyo	A	3x32	A	97.674	V45H	1.3623	V	H	45	50	45	71	7	0.1762	0.148	1.0221	0.188
1cyo	A	3x32	A	97.674	V45Y	1.5296	V	Y	45	50	45	71	7	0.3775	-0.4889	-1.3483	-0.4235
1cyo	A	3x32	A	97.674	V61E	1.0994	V	E	61	66	61	71	7	0.5444	0.2793	0.1764	0.2367
1cyo	A	3x32	A	97.674	V61H	1.6252	V	H	61	66	61	71	7	1.0486	0.2669	0.4448	0.425
1cyo	A	3x32	A	97.674	V61K	2.3423	V	K	61	66	61	71	7	0.5386	-0.0444	0.1851	0.173
1cyo	A	3x32	A	97.674	V61Y	1.2906	V	Y	61	66	61	71	7	0.2658	0.0108	0.0876	-0.1588
1e0w	A	2g3i	A	90.397	W85A	-1.0755	W	A	85	85	85	68	6	1.0753	1.4686	0.8275	0.6093
1e0w	A	2g3i	A	90.397	W85F	2.1989	W	F	85	85	85	68	6	-0.3163	0.1596	-0.1342	-0.1498
1e0w	A	2g3i	A	90.397	W85H	0.5258	W	H	85	85	85	68	6	0.7794	1.9579	0.6739	0.8657
1e0w	A	2g3i	A	90.397	Y172A	2.7725	Y	A	172	172	172	68	6	0.5462	1.4482	0.8187	0.2813
1e0w	A	2g3i	A	90.397	Y172F	0.5019	Y	F	172	172	172	68	6	0.0527	0.1259	0.0591	-0.0356
1e0w	A	2g3i	A	90.397	Y172S	-0.8604	Y	S	172	172	172	68	6	0.2002	0.7678	0.5965	0.4757
1e0w	A	2g3i	A	90.397	W266A	2.5813	W	A	266	266	266	68	6	0.5968	0.3507	1.3514	0.6276
1e0w	A	2g3i	A	90.397	W266F	1.8164	W	F	266	266	266	68	6	-0.1152	-0.5034	0.099	-0.3664
1e0w	A	2g3i	A	90.397	W266H	3.9914	W	H	266	266	266	68	6	0.4616	0.2908	1.2852	0.945
1e0w	A	2g3i	A	90.397	W274A	-2.2706	W	A	274	274	274	68	6	0.7881	0.3892	0.3595	1.0937
1e0w	A	2g3i	A	90.397	W274F	-0.4302	W	F	274	274	274	68	6	0.1058	0.0806	0.2463	0.2001
1e0w	A	2g3i	A	90.397	W274H	-0.1434	W	H	274	274	274	68	6	0.665	0.3335	0.5747	0.6129
1f6r	A	1hfy	A	94.167	H32A	2.1272	H	A	32	32	32	56	7.4	-0.749	0.1368	-0.3251	0.3347
1f6r	A	1hfy	A	94.167	H32Y	-0.0717	H	Y	32	32	32	56	7.4	-1.1539	-1.4554	-1.0114	-0.4545
1f6r	A	1hfy	A	94.167	V42A	0.9321	V	A	42	42	42	56	7.4	0.6537	0.1355	0.8338	0.4213
1f6r	A	1hfy	A	94.167	V42G	1.1472	V	G	42	42	42	56	7.4	0.2092	0.2176	0.2334	0.0865
1f6r	A	1hfy	A	94.167	V42N	0.239	V	N	42	42	42	56	7.4	0.3094	0.0791	0.2687	0.292
1f6r	A	1hfy	A	94.167	Q54A	0.4063	Q	A	54	54	54	56	7.4	0.097	0.2567	0.3302	0.1923
1f6r	A	1hfy	A	94.167	I59W	0.9321	I	W	59	59	59	56	7.4	0.467	-0.0239	0.0101	-0.3941
1f6r	A	1hfy	A	94.167	Y103A	2.5574	Y	A	103	103	103	56	7.4	2.3877	2.0541	1.8087	2.8321
1f6r	A	1hfy	A	94.167	Y103P	0.2629	Y	P	103	103	103	56	7.4	2.6746	1.2193	0.5175	2.8859
1f6r	A	1hfy	A	94.167	W104Y	2.4379	W	Y	104	104	104	56	7.4	0.039	0.3175	-0.175	-0.0107
1f6r	A	1hfy	A	94.167	A106S	1.0516	A	S	106	106	106	56	7.4	-0.0236	0.0209	0.051	0.0557
1f6r	A	1hfy	A	94.167	H107A	0.7887	H	A	107	107	107	56	7.4	-0.0784	0.0099	0.1934	-0.1465
1f6r	A	1hfy	A	94.167	H107W	1.7208	H	W	107	107	107	56	7.4	-0.6075	-0.5267	-0.4393	-0.3811
1f6r	A	1hfy	A	94.167	H107Y	0.1912	H	Y	107	107	107	56	7.4	-0.969	-0.0749	-0.3248	-0.5013
1f6r	A	1hfy	A	94.167	L110E	0.1912	L	E	110	110	110	56	7.4	0.3249	0.2418	0.5857	0.3113
1f6r	A	1hfy	A	94.167	L110H	-1.3862	L	H	110	110	110	56	7.4	0.8574	0.6724	0.9491	0.9406
1f6r	A	1hfy	A	94.167	L110R	-0.4302	L	R	110	110	110	56	7.4	0.3964	1.0075	0.8074	0.7053
1f6r	A	1hfy	A	94.167	K114E	0.6453	K	E	114	114	114	56	7.4	0.0375	-0.0057	-0.0218	-0.0443
1f6r	A	1hfy	A	94.167	K114N	-2.653	K	N	114	114	114	56	7.4	0.0827	0.0514	0.0405	0.0469
1f6r	A	1hfy	A	94.167	K114Q	0.5975	K	Q	114	114	114	56	7.4	0.0401	-0.0416	-0.1198	-0.0291
1f6r	A	1hfy	A	94.167	Q117A	0.956	Q	A	117	117	117	56	7.4	0.2372	0.0799	0.0813	0.0914
1f6r	A	1hfy	A	94.167	W118H	0.5975	W	H	118	118	118	56	7.4	2.3553	0.8669	1.0564	1.4736
1f6r	A	1hfy	A	94.167	W118Y	1.1711	W	Y	118	118	118	56	7.4	-0.3847	-0.2514	-0.5741	-0.1659
1fvk	A	3l9s	A	85.87	P151A	6.8117	P	A	151	150	151	-	7	1.7737	0.6625	0.5019	0.3997
1gv5	A	1h8a	C	92.308	V103I	-0.717	V	I	103	103	14	25	7	-0.661	-0.5054	0.032	-0.3002
1h7m	A	6skf	B	90.526	D2A	0.5258	D	A	2	3	4	25	7.4	-0.0663	0.0651	-0.0878	0.1089
1h7m	A	6skf	B	90.526	E6A	0.8843	E	A	6	7	8	25	7.4	0.1775	0.1176	0.2507	0.4686
1h7m	A	6skf	B	90.526	R8A	0.7648	R	A	8	9	10	25	7.4	0.4665	0.186	0.3265	0.2421
1h7m	A	6skf	B	90.526	K9A	0.6214	K	A	9	10	11	25	7.4	0.5045	0.5284	0.7775	0.8756
1h7m	A	6skf	B	90.526	K9M	0.5019	K	M	9	10	11	25	7.4	-0.1014	-0.1517	-0.2636	0.4355
1h7m	A	6skf	B	90.526	D12A	-0.239	D	A	12	13	14	25	7.4	-0.0113	-0.0575	0.1087	-0.1533
1h7m	A	6skf	B	90.526	K15A	0.9082	K	A	15	16	17	25	7.4	1.1574	0.4579	0.8246	0.5082
1h7m	A	6skf	B	90.526	K22A	-0.4302	K	A	22	23	24	25	7.4	0.7097	0.7228	0.8046	0.2352
1h7m	A	6skf	B	90.526	K28A	1.195	K	A	28	29	30	25	7.4	1.0368	0.3933	1.2043	0.3216
1h7m	A	6skf	B	90.526	K33A	-0.1195	K	A	33	34	35	25	7.4	0.3244	0.3894	0.2032	0.8481
1h7m	A	6skf	B	90.526	R39A	0.0717	R	A	39	40	41	25	7.4	0.0637	0.1961	0.139	0.2443
1h7m	A	6skf	B	90.526	R42A	-0.3346	R	A	42	43	44	25	7.4	0.2343	0.2348	0.0939	0.4247
1h7m	A	6skf	B	90.526	D44A	-0.0478	D	A	44	45	46	25	7.4	0.0325	-0.0971	0.0387	0.0075
1h7m	A	6skf	B	90.526	K46A	1.0994	K	A	46	47	48	25	7.4	0.5765	0.8233	0.7002	1.2399
1h7m	A	6skf	B	90.526	E47A	0.0478	E	A	47	48	49	25	7.4	0.1817	0.1055	0.2075	0.1647
1h7m	A	6skf	B	90.526	D48A	-0.3585	D	A	48	49	50	25	7.4	0.0701	0.1277	0.162	0.1098
1h7m	A	6skf	B	90.526	E62A	1.2906	E	A	62	63	64	25	7.4	0.4302	0.2816	0.2149	0.3406
1h7m	A	6skf	B	90.526	E64A	0.2629	E	A	64	65	66	25	7.4	0.0767	0.0125	0.0086	0.4386
1h7m	A	6skf	B	90.526	E69A	0.7409	E	A	69	70	71	25	7.4	0.0263	0.0616	0.1645	0.3107
1h7m	A	6skf	B	90.526	R76A	-0.1912	R	A	76	77	78	25	7.4	0.4536	0.5058	0.4146	0.2088
1h7m	A	6skf	B	90.526	H78A	0.5019	H	A	78	79	80	25	7.4	0.0222	-0.1504	-0.0652	0.0428
1h7m	A	6skf	B	90.526	D87A	1.3623	D	A	87	88	89	25	7.4	0.3018	0.0304	0.2106	0.181
1h7m	A	6skf	B	90.526	E90A	0.4541	E	A	90	91	92	25	7.4	0.0425	0.0281	0.3746	-0.0376
1io2	A	1uax	A	57.005	D7N	-1.673	D	N	7	7	7	50	9	-0.0411	0.0921	-0.0003	0.0406
1io2	A	1uax	A	57.005	E8A	-2.653	E	A	8	8	8	50	9	-0.0329	0.0518	0.4358	-0.0855
1io2	A	1uax	A	57.005	E8Q	-0.5975	E	Q	8	8	8	50	9	0.2684	-0.2094	0.7275	-0.0887
1io2	A	1uax	A	57.005	I15A	2.1272	I	A	15	15	15	50	9	2.4496	2.4747	2.3299	2.1939
1io2	A	1uax	A	57.005	I20A	4.4216	I	A	20	20	20	50	9	2.8894	2.5206	2.6596	2.1565
1io2	A	1uax	A	57.005	L33A	4.5411	L	A	33	33	33	50	9	3.2431	3.3626	3.4005	3.1173
1io2	A	1uax	A	57.005	L92A	2.8681	L	A	92	92	92	50	9	2.2564	2.3247	1.3306	1.7262
1io2	A	1uax	A	57.005	I102A	4.0392	I	A	102	102	102	50	9	3.1749	3.1373	2.6157	2.8322
1io2	A	1uax	A	57.005	D105A	-1.5774	D	A	105	105	105	50	9	-0.1082	0.0631	-0.0014	0.2835
1io2	A	1uax	A	57.005	D135A	-2.5574	D	A	135	135	135	50	9	0.0156	0.1297	0.1018	-0.0269
1ke4	A	6wgq	A	96.648	Y150F	0.6931	Y	F	150	166	147	55	6.8	-0.0869	-0.0353	0.1523	0.3944
1kf2	A	6qmn	A	95.968	V47A	3.7285	V	A	47	47	47	40	5	1.7677	1.9513	1.708	1.5221
1kf2	A	6qmn	A	95.968	V54A	2.5813	V	A	54	54	54	40	5	1.5334	0.8848	1.7507	1.5627
1kf2	A	6qmn	A	95.968	V54G	4.8757	V	G	54	54	54	40	5	2.1706	1.632	1.7453	1.0358
1kf2	A	6qmn	A	95.968	V54I	1.9598	V	I	54	54	54	40	5	0.2182	-0.1024	-0.1961	-0.9384
1kf2	A	6qmn	A	95.968	V54L	1.0755	V	L	54	54	54	40	5	-0.1863	-0.5454	0.1369	-0.8399
1kf2	A	6qmn	A	95.968	V57A	2.8442	V	A	57	57	57	40	5	1.0323	1.9462	1.7446	1.3035
1kf2	A	6qmn	A	95.968	V57G	5.521	V	G	57	57	57	40	5	1.9	1.1555	1.9772	1.1177
1kf2	A	6qmn	A	95.968	V57I	1.2906	V	I	57	57	57	40	5	-0.4963	-0.9257	0.4972	-0.4109
1kf2	A	6qmn	A	95.968	V57L	2.3662	V	L	57	57	57	40	5	0.1034	0.4939	0.0999	-0.0813
1kf2	A	6qmn	A	95.968	V63A	2.0315	V	A	63	63	63	40	5	1.2157	0.4304	0.4486	0.4668
1kf2	A	6qmn	A	95.968	V63G	3.4895	V	G	63	63	63	40	5	1.325	0.2914	0.9054	0.4466
1kf2	A	6qmn	A	95.968	A64G	0.4302	A	G	64	64	64	40	5	0.0304	-0.0093	0.1301	-0.0893
1kf2	A	6qmn	A	95.968	I81A	2.9876	I	A	81	81	81	40	5	2.9033	1.4389	1.421	2.2132
1kf2	A	6qmn	A	95.968	I81G	4.804	I	G	81	81	81	40	5	2.1198	2.5938	1.3872	1.6772
1kf2	A	6qmn	A	95.968	I81V	0.4302	I	V	81	81	81	40	5	0.6896	0.6196	0.1525	0.7201
1kf2	A	6qmn	A	95.968	Y97F	3.5373	Y	F	97	97	97	64	5	-0.0694	-0.0417	0.0757	0.0105
1kf2	A	6qmn	A	95.968	I106A	4.3738	I	A	106	106	106	40	5	2.4159	2.9039	2.4967	1.8354
1kf2	A	6qmn	A	95.968	I106L	1.7925	I	L	106	106	106	40	5	0.4428	0.139	0.9525	0.0723
1kf2	A	6qmn	A	95.968	I106V	0.7887	I	V	106	106	106	40	5	0.9399	0.8167	1.1598	0.4326
1kf2	A	6qmn	A	95.968	I107A	2.8442	I	A	107	107	107	40	5	2.2401	1.5219	2.1188	2.1671
1kf2	A	6qmn	A	95.968	I107L	2.1989	I	L	107	107	107	40	5	0.46	0.4395	0.661	0.2499
1kf2	A	6qmn	A	95.968	I107V	0.0717	I	V	107	107	107	40	5	0.5373	0.2475	0.4046	1.0214
1kf2	A	6qmn	A	95.968	V108A	4.2065	V	A	108	108	108	40	5	1.2902	1.8366	1.5366	1.1541
1kf2	A	6qmn	A	95.968	V108I	0.4302	V	I	108	108	108	40	5	-0.3975	-0.3657	-0.956	-0.2706
1kf2	A	6qmn	A	95.968	V108L	0.6931	V	L	108	108	108	40	5	-0.3601	0.07	-0.8184	0.153
1kf2	A	6qmn	A	95.968	A109G	0.4302	A	G	109	109	109	40	5	-0.2547	0.0024	0.8441	0.0956
1kf2	A	6qmn	A	95.968	V118A	1.912	V	A	118	116	118	40	5	0.5564	0.9255	1.3897	0.5393
1kf2	A	6qmn	A	95.968	V118G	2.7725	V	G	118	116	118	40	5	0.3022	1.1549	1.5142	0.4678
1kf3	A	6qmn	A	95.968	F46L	3.2027	F	L	46	46	46	25	6	-0.1005	1.5896	0.2693	0.1922
1kf3	A	6qmn	A	95.968	F46V	4.5411	F	V	46	46	46	25	6	-0.0744	1.4847	0.5519	-0.0197
1kf3	A	6qmn	A	95.968	N67D	-0.6214	N	D	67	67	67	25	6	0.0009	-0.0298	-0.0119	-0.0236
1kf3	A	6qmn	A	95.968	S75A	2.5096	S	A	75	75	75	-	6	-0.0753	-0.0154	0.0068	0.0069
1kf3	A	6qmn	A	95.968	S75T	2.7964	S	T	75	75	75	25	6	-0.4592	-0.177	-0.0243	-0.0834
1kf3	A	6qmn	A	95.968	P93G	2.1989	P	G	93	93	93	62	6	0.2519	0.3684	0.0797	0.0487
1lni	A	1mgr	A	70.968	T18V	1.4101	T	V	18	21	18	48	7	-0.001	-0.3557	-0.0097	-0.2635
1lni	A	1mgr	A	70.968	D33A	4.0392	D	A	33	36	33	25	7	0.096	-0.0007	-0.0447	0.0152
1lni	A	1mgr	A	70.968	V36T	1.2906	V	T	36	39	36	48	7	0.068	0.1634	0.0502	0.2488
1lni	A	1mgr	A	70.968	Q38A	-1.0038	Q	A	38	41	38	49	7	0.078	0.4566	0.0331	0.4445
1lni	A	1mgr	A	70.968	N39A	2.1989	N	A	39	42	39	48	7	-0.0056	-0.0355	0.1743	0.0941
1lni	A	1mgr	A	70.968	N39D	1.5057	N	D	39	42	39	48	7	0.0414	-0.0967	0.2971	0.1005
1lni	A	1mgr	A	70.968	N39S	2.2945	N	S	39	42	39	48	7	0.0665	0.0011	0.1942	-0.0179
1lni	A	1mgr	A	70.968	E41K	0.6931	E	K	41	44	41	49	7	-0.1823	-0.4395	-0.3009	-0.0936
1lni	A	1mgr	A	70.968	E54Q	1.6969	E	Q	54	57	54	49	7	-0.0412	0.0144	0.0167	0.1784
1lni	A	1mgr	A	70.968	T56V	1.8881	T	V	56	59	56	48	7	-0.3789	0.0089	0.0538	-1.6518
1lni	A	1mgr	A	70.968	V57T	4.3977	V	T	57	60	57	48	7	0.3166	0.6065	0.5774	0.1705
1lni	A	1mgr	A	70.968	T59V	1.6969	T	V	59	62	59	48	7	-0.0917	-0.1923	-0.3894	-0.2144
1lni	A	1mgr	A	70.968	R65A	1.0038	R	A	65	68	65	49	7	0.2339	0.3812	0.4972	1.0494
1lni	A	1mgr	A	70.968	T72V	0.1912	T	V	72	75	72	48	7	-0.2246	-0.0017	-0.1817	-0.3817
1lni	A	1mgr	A	70.968	D79A	-1.4818	D	A	79	82	79	25	7	-0.0102	-0.2435	-0.2935	0.0102
1lni	A	1mgr	A	70.968	D79E	-1.2667	D	E	79	82	79	25	7	-0.0013	-0.2416	-0.2467	0.1362
1lni	A	1mgr	A	70.968	D79F	-1.0516	D	F	79	82	79	25	7	-0.6613	-1.2728	-0.9487	-1.1038
1lni	A	1mgr	A	70.968	D79H	-1.2189	D	H	79	82	79	25	7	0.0785	-0.2934	-0.0324	0.5799
1lni	A	1mgr	A	70.968	D79I	-1.0277	D	I	79	82	79	25	7	-0.8348	-0.9108	-0.4961	-0.2239
1lni	A	1mgr	A	70.968	D79K	-0.7409	D	K	79	82	79	25	7	0.0543	-0.5328	-0.2536	-0.0072
1lni	A	1mgr	A	70.968	D79L	0.3824	D	L	79	82	79	25	7	-0.4493	-0.5951	-0.6397	-0.2071
1lni	A	1mgr	A	70.968	D79N	-1.2189	D	N	79	82	79	25	7	0.0438	-0.1584	-0.0353	0.027
1lni	A	1mgr	A	70.968	D79R	0.1912	D	R	79	82	79	25	7	-0.0783	-0.4672	-0.1597	0.329
1lni	A	1mgr	A	70.968	D79W	-0.7409	D	W	79	82	79	25	7	-0.3661	-0.8057	-0.3482	-1.0379
1lni	A	1mgr	A	70.968	D79Y	-0.5258	D	Y	79	82	79	25	7	-0.8654	-1.0279	-0.9941	-0.9984
1lni	A	1mgr	A	70.968	T82V	1.6969	T	V	82	85	82	48	7	-0.7574	-0.1207	-0.1915	-0.5721
1lni	A	1mgr	A	70.968	H85Q	0.0	H	Q	85	88	85	49	7	0.0654	-0.5216	-0.0634	-0.2763
1lz1	A	1bb6	A	69.23100000000001	K1A	2.2945	K	A	1	1	1	25	2.7	1.2967	0.67	0.2797	0.455
1lz1	A	1bb6	A	69.23100000000001	K1M	1.3862	K	M	1	1	1	25	2.7	0.0654	0.2333	-0.1044	0.1966
1lz1	A	1bb6	A	69.23100000000001	V2A	0.7648	V	A	2	2	2	25	2.7	0.7868	0.6045	0.1748	0.0651
1lz1	A	1bb6	A	69.23100000000001	V2D	0.8365	V	D	2	2	2	25	2.7	0.5054	0.3141	0.1552	0.218
1lz1	A	1bb6	A	69.23100000000001	V2F	0.8365	V	F	2	2	2	25	2.7	-0.3919	-0.1237	-0.2225	0.0655
1lz1	A	1bb6	A	69.23100000000001	V2G	1.2906	V	G	2	2	2	25	2.7	0.916	0.4191	0.1728	0.2291
1lz1	A	1bb6	A	69.23100000000001	V2I	0.4063	V	I	2	2	2	25	2.7	-0.3693	-0.2308	-0.0451	-0.0854
1lz1	A	1bb6	A	69.23100000000001	V2L	-0.3107	V	L	2	2	2	25	2.7	-0.0903	-0.2307	0.03	0.1198
1lz1	A	1bb6	A	69.23100000000001	V2M	0.2151	V	M	2	2	2	25	2.7	0.0394	-0.0602	-0.026	0.1464
1lz1	A	1bb6	A	69.23100000000001	V2N	0.7648	V	N	2	2	2	25	2.7	0.682	0.2883	0.1535	0.0936
1lz1	A	1bb6	A	69.23100000000001	V2R	0.6453	V	R	2	2	2	25	2.7	0.2673	0.1273	0.1242	-0.3258
1lz1	A	1bb6	A	69.23100000000001	V2S	0.8126	V	S	2	2	2	25	2.7	0.5754	0.3237	0.223	0.0277
1lz1	A	1bb6	A	69.23100000000001	V2Y	1.6013	V	Y	2	2	2	25	2.7	-0.1429	-0.0833	-0.0183	0.0324
1lz1	A	1bb6	A	69.23100000000001	E7Q	1.434	E	Q	7	7	7	65	4	-0.0761	0.148	-0.1135	0.2385
1lz1	A	1bb6	A	69.23100000000001	L8T	2.2467	L	T	8	8	8	25	2.7	1.4855	0.8197	1.0936	0.7368
1lz1	A	1bb6	A	69.23100000000001	A9S	0.1912	A	S	9	9	9	25	2.7	0.3371	0.1054	0.1292	1.1814
1lz1	A	1bb6	A	69.23100000000001	G16A	1.6969	G	A	16	16	16	25	2.7	-0.2087	-0.1957	-0.03	-0.2141
1lz1	A	1bb6	A	69.23100000000001	D18N	1.6969	D	N	18	18	18	65	4	-0.0402	-0.0552	0.1368	0.0144
1lz1	A	1bb6	A	69.23100000000001	G19A	1.0516	G	A	19	19	19	25	2.7	-0.195	-0.0575	0.1752	0.105
1lz1	A	1bb6	A	69.23100000000001	Y20F	0.4302	Y	F	20	20	20	25	2.7	0.0116	-0.1641	0.2559	0.0339
1lz1	A	1bb6	A	69.23100000000001	G22A	3.4895	G	A	22	22	22	25	2.7	-0.0183	0.1296	-0.1219	0.0595
1lz1	A	1bb6	A	69.23100000000001	S24A	0.4541	S	A	24	24	24	25	2.7	0.0562	0.1008	-0.0348	0.0595
1lz1	A	1bb6	A	69.23100000000001	E35L	0.7409	E	L	35	35	35	25	2.7	-0.1649	-0.2625	-0.0106	-0.4372
1lz1	A	1bb6	A	69.23100000000001	S36A	0.4541	S	A	36	36	36	25	2.7	-0.0626	0.1509	0.0384	-0.0536
1lz1	A	1bb6	A	69.23100000000001	Y38A	2.7725	Y	A	38	38	38	25	2.7	2.1682	1.5349	1.4011	0.7281
1lz1	A	1bb6	A	69.23100000000001	Y38F	-0.5497	Y	F	38	38	38	25	2.7	-0.1591	-0.0903	-0.0056	0.0986
1lz1	A	1bb6	A	69.23100000000001	Y38G	2.5335	Y	G	38	38	38	25	2.7	1.8316	1.0774	1.2206	1.0246
1lz1	A	1bb6	A	69.23100000000001	T40A	1.2428	T	A	40	40	40	25	2.7	0.1131	0.6947	0.2063	0.5082
1lz1	A	1bb6	A	69.23100000000001	T40V	1.0277	T	V	40	40	40	25	2.7	-0.3205	-0.3257	0.0433	-0.4293
1lz1	A	1bb6	A	69.23100000000001	T43A	-0.1673	T	A	43	43	43	25	2.7	0.5675	0.2265	0.1791	0.2568
1lz1	A	1bb6	A	69.23100000000001	T43V	0.2629	T	V	43	43	43	25	2.7	-0.2209	-0.0461	-0.0357	-0.0878
1lz1	A	1bb6	A	69.23100000000001	D49N	1.0038	D	N	49	48	49	65	4	-0.0562	-0.0478	0.0069	0.0893
1lz1	A	1bb6	A	69.23100000000001	S51A	-0.0	S	A	51	50	51	25	2.7	0.0044	0.1524	0.1539	0.0109
1lz1	A	1bb6	A	69.23100000000001	T52A	-0.3824	T	A	52	51	52	25	2.7	0.7491	0.119	0.4991	0.2096
1lz1	A	1bb6	A	69.23100000000001	T52V	0.4302	T	V	52	51	52	25	2.7	-0.0788	-0.1901	-0.154	-0.1476
1lz1	A	1bb6	A	69.23100000000001	Y54F	0.9799	Y	F	54	53	54	25	2.7	-0.128	0.0376	0.0814	-0.0134
1lz1	A	1bb6	A	69.23100000000001	I56A	2.3184	I	A	56	55	56	25	2.7	2.2702	1.7921	2.9434	1.8232
1lz1	A	1bb6	A	69.23100000000001	I56F	3.5373	I	F	56	55	56	25	2.7	-0.0906	-1.2143	-0.3721	-0.6932
1lz1	A	1bb6	A	69.23100000000001	I56L	0.4063	I	L	56	55	56	25	2.7	0.1645	-0.1826	-0.3749	-0.1741
1lz1	A	1bb6	A	69.23100000000001	I56M	1.4818	I	M	56	55	56	25	2.7	0.29	0.6655	-0.3757	1.1244
1lz1	A	1bb6	A	69.23100000000001	I56T	2.3184	I	T	56	55	56	25	2.7	1.2076	1.2343	2.0601	0.9394
1lz1	A	1bb6	A	69.23100000000001	I56V	0.0	I	V	56	55	56	25	2.7	0.6427	0.5419	1.0072	0.5273
1lz1	A	1bb6	A	69.23100000000001	Q58A	1.2189	Q	A	58	57	58	25	2.7	-0.0136	0.2119	-0.0026	0.5368
1lz1	A	1bb6	A	69.23100000000001	Q58G	-1.6013	Q	G	58	57	58	25	2.7	0.3202	0.7629	0.8923	0.8957
1lz1	A	1bb6	A	69.23100000000001	I59A	0.3585	I	A	59	58	59	25	2.7	2.1395	1.946	2.3885	2.2759
1lz1	A	1bb6	A	69.23100000000001	I59F	0.6692	I	F	59	58	59	25	2.7	-0.2914	-0.7619	-2.0032	-0.2042
1lz1	A	1bb6	A	69.23100000000001	I59G	2.175	I	G	59	58	59	25	2.7	1.7684	2.5439	2.3764	2.832
1lz1	A	1bb6	A	69.23100000000001	I59L	-0.6931	I	L	59	58	59	25	2.7	-0.0214	0.1562	-0.0035	0.7294
1lz1	A	1bb6	A	69.23100000000001	I59M	0.7887	I	M	59	58	59	25	2.7	0.3918	0.6567	-0.3999	1.1684
1lz1	A	1bb6	A	69.23100000000001	I59S	2.0554	I	S	59	58	59	25	2.7	2.0015	1.6364	2.3516	1.7787
1lz1	A	1bb6	A	69.23100000000001	I59T	1.0038	I	T	59	58	59	25	2.7	0.7933	1.4524	1.3206	1.5369
1lz1	A	1bb6	A	69.23100000000001	I59V	1.195	I	V	59	58	59	25	2.7	0.497	0.7955	0.7474	0.5735
1lz1	A	1bb6	A	69.23100000000001	I59Y	3.1549	I	Y	59	58	59	25	2.7	-0.2382	-1.0116	-1.1652	-0.1887
1lz1	A	1bb6	A	69.23100000000001	S61A	0.5019	S	A	61	60	61	25	2.7	0.1056	-0.0813	0.0689	0.2574
1lz1	A	1bb6	A	69.23100000000001	Y63F	0.3585	Y	F	63	62	63	25	2.7	-0.0257	0.071	-0.0363	0.1156
1lz1	A	1bb6	A	69.23100000000001	D67N	2.2467	D	N	67	66	67	25	4	-0.0576	-0.0136	-0.1716	-0.0112
1lz1	A	1bb6	A	69.23100000000001	G68A	0.9799	G	A	68	67	68	25	2.7	0.1263	0.0313	-0.0212	-0.0821
1lz1	A	1bb6	A	69.23100000000001	T70A	0.5736	T	A	70	69	70	25	2.7	0.6897	0.3315	0.4481	0.4728
1lz1	A	1bb6	A	69.23100000000001	T70V	0.6214	T	V	70	69	70	25	2.7	-0.1662	-0.054	-0.0455	-0.1205
1lz1	A	1bb6	A	69.23100000000001	P71G	0.5019	P	G	71	70	71	25	2.8	0.176	0.3131	0.5148	-0.0
1lz1	A	1bb6	A	69.23100000000001	G72A	0.3107	G	A	72	71	72	25	2.7	-0.095	-0.2381	-0.1193	0.1418
1lz1	A	1bb6	A	69.23100000000001	S82A	-0.9799	S	A	82	81	82	25	2.7	0.0829	-0.1014	0.0237	-0.041
1lz1	A	1bb6	A	69.23100000000001	A92S	2.1989	A	S	92	91	92	25	2.7	0.0199	-0.1517	0.4659	-0.237
1lz1	A	1bb6	A	69.23100000000001	A96M	1.1472	A	M	96	95	96	25	2.7	-0.5172	0.3176	-0.4556	-0.593
1lz1	A	1bb6	A	69.23100000000001	A96S	0.9799	A	S	96	95	96	25	2.7	0.4361	0.0118	0.162	0.3185
1lz1	A	1bb6	A	69.23100000000001	V99A	0.717	V	A	99	98	99	25	2.7	0.505	1.1293	1.2166	0.5741
1lz1	A	1bb6	A	69.23100000000001	V99T	0.8843	V	T	99	98	99	25	2.7	-0.3345	0.3659	0.0201	0.2444
1lz1	A	1bb6	A	69.23100000000001	V100A	-0.8126	V	A	100	99	100	25	2.7	0.9128	1.2268	1.5404	1.1827
1lz1	A	1bb6	A	69.23100000000001	V100F	2.414	V	F	100	99	100	25	2.7	-0.572	-0.6872	0.6842	-0.6579
1lz1	A	1bb6	A	69.23100000000001	V100T	0.8126	V	T	100	99	100	25	2.7	0.2159	0.585	0.5188	0.6946
1lz1	A	1bb6	A	69.23100000000001	D102N	0.6692	D	N	102	101	102	65	4	-0.1198	-0.2628	-0.0953	-0.0015
1lz1	A	1bb6	A	69.23100000000001	P103G	0.0717	P	G	103	102	103	25	2.8	-0.0629	0.0621	0.4595	0.232
1lz1	A	1bb6	A	69.23100000000001	G105A	1.0516	G	A	105	104	105	25	2.7	0.3024	-0.1704	-0.3588	0.7915
1lz1	A	1bb6	A	69.23100000000001	I106A	0.7887	I	A	106	105	106	25	2.7	1.9419	1.9246	2.0108	1.7355
1lz1	A	1bb6	A	69.23100000000001	I106V	1.3145	I	V	106	105	106	25	2.7	0.6249	0.8605	1.2051	0.8352
1lz1	A	1bb6	A	69.23100000000001	V110A	-1.2428	V	A	110	109	110	25	2.7	0.3312	0.1123	0.276	0.1813
1lz1	A	1bb6	A	69.23100000000001	V110D	2.6052	V	D	110	109	110	25	2.7	0.2777	0.2116	0.1379	0.3682
1lz1	A	1bb6	A	69.23100000000001	V110F	1.8881	V	F	110	109	110	25	2.7	0.0608	-0.3621	0.0417	0.029
1lz1	A	1bb6	A	69.23100000000001	V110G	2.175	V	G	110	109	110	25	2.7	0.5895	0.14	0.3633	0.2236
1lz1	A	1bb6	A	69.23100000000001	V110I	0.8126	V	I	110	109	110	25	2.7	-0.156	-0.1103	-0.1964	-0.2488
1lz1	A	1bb6	A	69.23100000000001	V110L	-0.0717	V	L	110	109	110	25	2.7	0.1004	-0.2014	-0.0807	-0.3688
1lz1	A	1bb6	A	69.23100000000001	V110M	-0.3585	V	M	110	109	110	25	2.7	0.3923	0.1251	0.0137	-0.0165
1lz1	A	1bb6	A	69.23100000000001	V110N	0.478	V	N	110	109	110	25	2.7	0.4256	0.17	0.0574	0.0922
1lz1	A	1bb6	A	69.23100000000001	V110P	-0.1673	V	P	110	109	110	25	2.7	0.1508	-0.0657	-0.0891	-0.0915
1lz1	A	1bb6	A	69.23100000000001	V110R	1.5774	V	R	110	109	110	25	2.7	0.1587	0.0495	-0.0588	0.0387
1lz1	A	1bb6	A	69.23100000000001	V110Y	0.8365	V	Y	110	109	110	25	2.7	-0.1778	-0.1738	-0.0237	0.0094
1lz1	A	1bb6	A	69.23100000000001	N118A	0.2629	N	A	118	117	118	25	2.7	-0.0533	0.0369	-0.0476	0.0061
1lz1	A	1bb6	A	69.23100000000001	N118G	1.673	N	G	118	117	118	25	2.7	-0.0255	-0.0375	0.0113	0.1045
1lz1	A	1bb6	A	69.23100000000001	D120N	0.6692	D	N	120	119	120	65	4	0.0083	0.0861	0.0236	-0.1917
1lz1	A	1bb6	A	69.23100000000001	Y124F	-0.1434	Y	F	124	123	124	25	2.7	-0.23	-0.1072	0.0727	0.2844
1lz1	A	1bb6	A	69.23100000000001	V125A	0.0478	V	A	125	124	125	25	2.7	1.0703	2.1609	1.3075	0.6872
1lz1	A	1bb6	A	69.23100000000001	G127A	0.5019	G	A	127	126	127	25	2.7	-0.1021	0.1573	-0.0296	0.0498
1lz1	A	1bb6	A	69.23100000000001	G129A	0.9321	G	A	129	128	129	25	2.7	-0.0551	0.0898	-0.0257	-0.0468
1lz1	A	1bb6	A	69.23100000000001	V130A	0.5019	V	A	130	129	130	25	2.7	0.9143	1.4625	1.6189	0.6789
1mjc	A	3i2z	A	71.642	T68W	-0.6931	T	W	68	67	67	25	7	-0.0457	-1.4811	-0.2835	-0.7008
1rbp	A	1kt5	A	93.143	W24F	2.5096	W	F	24	24	24	69	7.4	-0.1858	-0.0108	0.6601	0.0627
1rbp	A	1kt5	A	93.143	W24L	2.6052	W	L	24	24	24	69	7.4	-0.3523	-0.0702	0.1707	0.2426
1rbp	A	1kt5	A	93.143	W24Y	2.1989	W	Y	24	24	24	69	7.4	-0.272	-0.0446	0.174	-0.1345
1rbp	A	1kt5	A	93.143	W91H	0.0956	W	H	91	91	91	69	7.4	0.6032	0.5895	0.1059	1.2248
1rbp	A	1kt5	A	93.143	W105F	0.4302	W	F	105	105	105	69	7.4	-0.0416	-0.0501	0.4778	-0.2626
1rbp	A	1kt5	A	93.143	R139Q	2.6052	R	Q	139	139	139	69	7.4	0.0571	0.014	-0.0581	0.1227
1shf	A	7d7s	C	98.305	F87A	1.3384	F	A	87	87	4	25	8	2.3972	1.7541	2.407	2.2264
1shf	A	7d7s	C	98.305	F87L	1.9837	F	L	87	87	4	25	8	-0.0924	0.4672	0.2317	0.6377
1shf	A	7d7s	C	98.305	F87V	0.478	F	V	87	87	4	25	8	0.132	0.2971	0.3176	0.9018
1shf	A	7d7s	C	98.305	A89G	1.5535	A	G	89	89	6	25	8	0.6631	1.4525	0.6274	1.517
1shf	A	7d7s	C	98.305	A89S	1.2667	A	S	89	89	6	25	8	-0.0146	-0.0149	0.0596	0.1429
1shf	A	7d7s	C	98.305	L101F	1.195	L	F	101	101	18	25	8	-0.159	0.1059	-0.2004	0.0379
1shf	A	7d7s	C	98.305	L101I	0.6931	L	I	101	101	18	25	8	0.4349	0.3147	-0.3473	-0.2054
1shf	A	7d7s	C	98.305	L101V	1.6252	L	V	101	101	18	25	8	0.7556	0.4889	0.269	0.3561
1shf	A	7d7s	C	98.305	F103L	1.0994	F	L	103	103	20	25	8	0.4026	1.4832	0.2195	0.9474
1shf	A	7d7s	C	98.305	F103V	1.8881	F	V	103	103	20	25	8	0.5367	3.1523	0.887	0.9825
1shf	A	7d7s	C	98.305	E107A	1.2667	E	A	107	107	24	25	8	0.627	0.0748	0.298	0.1777
1shf	A	7d7s	C	98.305	E107D	-0.6692	E	D	107	107	24	25	8	0.331	-0.0693	0.1045	0.0358
1shf	A	7d7s	C	98.305	E107F	1.6252	E	F	107	107	24	25	8	0.0392	-1.0091	-0.7933	-0.4061
1shf	A	7d7s	C	98.305	E107H	0.9799	E	H	107	107	24	25	8	0.5134	0.1547	0.2451	-0.0876
1shf	A	7d7s	C	98.305	E107K	0.9799	E	K	107	107	24	25	8	0.3953	-0.301	-0.4338	-0.1432
1shf	A	7d7s	C	98.305	E107P	1.7208	E	P	107	107	24	25	8	0.6408	0.2373	0.8019	-0.3699
1shf	A	7d7s	C	98.305	E107Q	0.7409	E	Q	107	107	24	25	8	0.2814	0.0612	0.0825	-0.0078
1shf	A	7d7s	C	98.305	E107S	1.6491	E	S	107	107	24	25	8	0.6747	-0.0607	0.16	0.1863
1shf	A	7d7s	C	98.305	E107T	0.5975	E	T	107	107	24	25	8	0.5229	-0.2978	0.1079	-0.015
1shf	A	7d7s	C	98.305	E107V	2.0076	E	V	107	107	24	25	8	0.2432	-0.3869	-0.2325	-0.1839
1shf	A	7d7s	C	98.305	E107Y	2.3901	E	Y	107	107	24	25	8	-0.0645	-0.6645	-0.6537	-0.4035
1shf	A	7d7s	C	98.305	F109I	1.9837	F	I	109	109	26	25	8	-0.1563	-1.5822	0.2479	0.6054
1shf	A	7d7s	C	98.305	F109L	0.7648	F	L	109	109	26	25	8	-0.2139	-0.1558	0.3262	0.1008
1shf	A	7d7s	C	98.305	F109V	2.1033	F	V	109	109	26	25	8	0.1794	-0.591	0.4316	0.1862
1shf	A	7d7s	C	98.305	I111L	1.0038	I	L	111	111	28	25	8	0.8689	0.5433	0.6536	0.0697
1shf	A	7d7s	C	98.305	I111V	0.1673	I	V	111	111	28	25	8	0.6614	0.6393	0.7679	0.8374
1shf	A	7d7s	C	98.305	W120F	0.5497	W	F	120	120	37	25	8	-0.1601	0.353	0.6075	-0.7122
1shf	A	7d7s	C	98.305	W120L	0.4063	W	L	120	120	37	25	8	-0.4002	0.6464	0.4875	-0.763
1shf	A	7d7s	C	98.305	W120V	0.9799	W	V	120	120	37	25	8	0.0558	0.7485	1.0439	-0.6034
1shf	A	7d7s	C	98.305	A122G	1.3384	A	G	122	122	39	25	8	0.9476	1.657	1.6956	1.4926
1shf	A	7d7s	C	98.305	A122V	-0.1912	A	V	122	122	39	25	8	-1.4357	-0.7917	-0.5897	-1.6687
1shf	A	7d7s	C	98.305	S124A	0.717	S	A	124	124	41	25	8	0.1289	0.0079	0.069	0.0445
1shf	A	7d7s	C	98.305	S124F	1.8881	S	F	124	124	41	25	8	0.4388	-1.2202	-1.4188	-1.6755
1shf	A	7d7s	C	98.305	S124H	1.2428	S	H	124	124	41	25	8	1.2118	1.6881	-0.0648	0.6536
1shf	A	7d7s	C	98.305	S124I	1.4101	S	I	124	124	41	25	8	-0.2879	-1.055	-1.2511	-0.7817
1shf	A	7d7s	C	98.305	S124K	-0.1195	S	K	124	124	41	25	8	-0.3773	-0.5251	-1.0511	-0.7677
1shf	A	7d7s	C	98.305	S124L	0.3585	S	L	124	124	41	25	8	-0.0918	-0.3216	-0.6636	-0.7955
1shf	A	7d7s	C	98.305	S124N	0.7409	S	N	124	124	41	25	8	0.0145	0.4933	0.0767	0.0393
1shf	A	7d7s	C	98.305	S124R	0.1912	S	R	124	124	41	25	8	-0.0653	0.0508	-0.6608	-0.4626
1shf	A	7d7s	C	98.305	S124T	1.6491	S	T	124	124	41	25	8	0.1762	-0.6455	0.037	-0.0642
1shf	A	7d7s	C	98.305	S124V	1.0994	S	V	124	124	41	25	8	-0.0664	-0.4733	-0.3688	-0.4083
1shf	A	7d7s	C	98.305	S124Y	2.2706	S	Y	124	124	41	25	8	0.3318	-0.8707	-1.2211	-0.9073
1shf	A	7d7s	C	98.305	I133L	0.7409	I	L	133	133	50	25	8	1.0353	1.1671	1.1252	-0.0429
1shf	A	7d7s	C	98.305	I133V	0.0478	I	V	133	133	50	25	8	0.7243	0.9681	0.9105	0.6232
1shf	A	7d7s	C	98.305	V138A	2.1272	V	A	138	138	55	25	8	2.1205	1.2286	1.9831	1.0433
1shf	A	7d7s	C	98.305	V138F	0.7409	V	F	138	138	55	25	8	-0.1256	-0.2886	-0.0512	0.0348
1shf	A	7d7s	C	98.305	V138I	-0.1673	V	I	138	138	55	25	8	-0.6838	-0.381	-0.1554	-0.7554
1shf	A	7d7s	C	98.305	V138L	0.1195	V	L	138	138	55	25	8	0.817	-0.5724	-0.3811	0.0526
1tpk	A	3laq	A	46.988	V65A	2.0076	V	A	65	116	70	64	4.5	1.6008	1.6731	0.9567	0.8388
1tpk	A	3laq	A	46.988	V65I	-0.3107	V	I	65	116	70	64	4.5	-0.3408	-0.4389	-0.5561	-0.2616
1tpk	A	3laq	A	46.988	V65L	1.8881	V	L	65	116	70	64	4.5	0.1618	0.535	0.077	-0.5679
1tpk	A	3laq	A	46.988	V65M	2.1989	V	M	65	116	70	64	4.5	0.7924	0.8795	-0.2832	-0.25
1tpk	A	3laq	A	46.988	V65S	2.3901	V	S	65	116	70	64	4.5	1.368	1.4693	0.5368	0.4496
1tpk	A	3laq	A	46.988	V65T	1.0038	V	T	65	116	70	64	4.5	0.4111	0.498	0.2135	0.0152
1wq5	A	3pr2	A	85.338	C81A	-0.1912	C	A	81	81	81	25	9	0.0081	-0.1528	0.2002	-0.0762
1wq5	A	3pr2	A	85.338	C81G	0.4541	C	G	81	81	81	25	9	1.142	0.7972	1.4594	0.8623
1wq5	A	3pr2	A	85.338	C81S	-0.2629	C	S	81	81	81	25	9	0.0516	-0.0181	0.1543	0.0303
1wq5	A	3pr2	A	85.338	C81V	1.7208	C	V	81	81	81	25	9	-0.2528	-0.6827	-0.0987	-0.8847
1wq5	A	3pr2	A	85.338	P96A	-0.478	P	A	96	96	96	25	9	0.797	1.2217	1.3078	1.1154
1wq5	A	3pr2	A	85.338	C118A	-1.0755	C	A	118	118	118	25	9	0.1489	-0.1377	-0.1159	-0.2839
1wq5	A	3pr2	A	85.338	C118S	-1.2428	C	S	118	118	118	25	9	0.2014	0.0514	0.1634	0.0187
1wq5	A	3pr2	A	85.338	C118V	-1.195	C	V	118	118	118	25	9	-0.1175	-0.5397	-0.7315	-0.8728
1wq5	A	3pr2	A	85.338	P132A	0.0	P	A	132	132	132	25	9	0.3523	1.198	0.8144	0.8569
1wq5	A	3pr2	A	85.338	P132G	0.7409	P	G	132	132	132	25	9	0.1554	0.9733	1.3453	0.7602
1wq5	A	3pr2	A	85.338	C154A	0.5497	C	A	154	154	154	25	9	0.0799	-0.144	-0.2151	-0.4457
1wq5	A	3pr2	A	85.338	C154S	1.4101	C	S	154	154	154	25	9	0.1906	0.0194	-0.1574	-0.1263
1wq5	A	3pr2	A	85.338	C154V	-0.9082	C	V	154	154	154	25	9	-0.4317	-1.2524	-0.7305	-0.853
1wq5	A	3pr2	A	85.338	P207A	1.8403	P	A	207	207	207	25	9	1.2631	0.7357	0.3059	0.6093
1wq5	A	3pr2	A	85.338	G211E	-0.5258	G	E	211	211	211	25	7.8	0.0114	-0.1137	0.1949	-0.0939
1wq5	A	3pr2	A	85.338	G211R	-0.5258	G	R	211	211	211	25	7.8	-0.1323	-0.2336	0.0121	0.0299
1ycc	A	1yeb	A	89.90799999999999	A7L	-0.3585	A	L	7	7	12	25	2.1	-0.7572	-0.6058	-0.9281	-0.5465
1ycc	A	1yeb	A	89.90799999999999	A7Y	-0.2629	A	Y	7	7	12	25	2.1	-1.2922	-0.9267	-1.1685	-0.733
1ycc	A	1yeb	A	89.90799999999999	F10I	0.9082	F	I	10	10	15	25	4.6	0.6526	0.3613	0.4215	0.4818
1ycc	A	1yeb	A	89.90799999999999	F10M	3.3222	F	M	10	10	15	25	4.6	0.3859	0.3827	0.3204	-0.0435
1ycc	A	1yeb	A	89.90799999999999	F10W	1.3384	F	W	10	10	15	25	4.6	0.0339	0.27	-0.0211	-0.4813
1ycc	A	1yeb	A	89.90799999999999	F10Y	0.6692	F	Y	10	10	15	25	4.6	0.0826	0.1414	0.1064	-0.1338
1ycc	A	1yeb	A	89.90799999999999	T69E	-1.5057	T	E	69	69	74	57	6	-0.1426	-0.1364	0.1857	0.1234
1ycc	A	1yeb	A	89.90799999999999	K73I	0.4063	K	I	73	73	77	25	5	-0.2045	-0.1758	-0.7994	-0.0394
1ycc	A	1yeb	A	89.90799999999999	K73V	-0.0956	K	V	73	73	77	25	5	0.0539	0.0665	-0.4937	0.0815
1ycc	A	1yeb	A	89.90799999999999	K73W	1.6013	K	W	73	73	77	25	5	-0.5012	-0.4669	-0.2778	0.0906
1ycc	A	1yeb	A	89.90799999999999	P76G	0.7887	P	G	76	71	76	25	4.6	0.3769	0.3519	1.3731	1.7979
1ycc	A	1yeb	A	89.90799999999999	P76L	3.4417	P	L	76	71	76	25	4.6	0.4856	-0.5646	-0.4385	-0.5293
1ycc	A	1yeb	A	89.90799999999999	P76R	0.9799	P	R	76	71	76	25	4.6	0.4864	0.8461	0.8017	0.8232
1ycc	A	1yeb	A	89.90799999999999	P76S	1.8881	P	S	76	71	76	25	4.6	0.9532	0.6809	1.0193	1.4138
1ycc	A	1yeb	A	89.90799999999999	P76V	1.0755	P	V	76	71	76	25	4.6	0.6215	0.0965	0.2217	0.0453
1ycc	A	1yeb	A	89.90799999999999	P76W	2.3901	P	W	76	71	76	25	4.6	0.9785	-0.2848	-1.0348	-0.5711
1ycc	A	1yeb	A	89.90799999999999	P76Y	2.0793	P	Y	76	71	76	25	4.6	0.0398	-0.2541	-0.2236	-1.1782
1ycc	A	1yeb	A	89.90799999999999	F82Y	0.6931	F	Y	82	83	87	25	6	0.0823	-1.477	0.0716	-0.5756
1ycc	A	1yeb	A	89.90799999999999	L85A	2.7964	L	A	85	86	90	25	6	1.96	0.359	1.6402	1.133
1ycc	A	1yeb	A	89.90799999999999	L94A	3.8241	L	A	94	95	99	25	4.6	1.2836	1.6894	1.9758	2.3603
1ycc	A	1yeb	A	89.90799999999999	L94I	0.0239	L	I	94	95	99	25	4.6	-0.0455	-0.0735	0.5157	0.0014
1ycc	A	1yeb	A	89.90799999999999	L94T	3.2744	L	T	94	95	99	25	4.6	0.6787	1.142	0.8837	1.611
1ycc	A	1yeb	A	89.90799999999999	L94V	0.717	L	V	94	95	99	25	4.6	0.1949	0.4439	0.8107	0.5938
1ycc	A	1yeb	A	89.90799999999999	T96A	-1.0038	T	A	96	97	101	57	6	0.7636	2.5925	0.1515	0.7756
1ycc	A	1yeb	A	89.90799999999999	Y97F	-0.0717	Y	F	97	98	102	25	4.6	0.0343	-0.0329	-0.0216	-0.1301
1ycc	A	1yeb	A	89.90799999999999	C102A	-2.892	C	A	102	103	107	47	6	-0.4405	0.3253	0.0156	0.0555
1ycc	A	1yeb	A	89.90799999999999	C102S	-2.7964	C	S	102	103	107	47	6	-0.7598	0.2578	0.041	0.0326
1ycc	A	1yeb	A	89.90799999999999	C102T	-0.7887	C	T	102	103	107	57	6	-1.0189	0.1953	-0.1167	-0.0757
2rn2	A	4ly7	A	87.5	D10A	-1.7208	D	A	10	10	10	25	9	-0.0794	-0.4501	-0.1573	-0.1515
2rn2	A	4ly7	A	87.5	D10E	-0.5258	D	E	10	10	10	25	9	-0.1332	-0.1616	-0.372	-0.0039
2rn2	A	4ly7	A	87.5	D10H	-1.1472	D	H	10	10	10	25	9	0.0222	-0.3151	-0.1833	-0.137
2rn2	A	4ly7	A	87.5	D10N	-0.9799	D	N	10	10	10	25	9	-0.0262	-0.2648	-0.0992	-0.1869
2rn2	A	4ly7	A	87.5	D10S	-1.2667	D	S	10	10	10	25	9	0.0202	-0.3539	-0.0717	-0.0834
2rn2	A	4ly7	A	87.5	G23A	-1.0277	G	A	23	23	23	25	5.5	-0.4673	-0.0529	0.0966	-0.2661
2rn2	A	4ly7	A	87.5	A24V	-0.8843	A	V	24	24	24	52	5.5	-1.1572	-1.0188	-1.0908	-1.0471
2rn2	A	4ly7	A	87.5	E48A	0.1673	E	A	48	48	48	25	9	0.2576	0.2188	-0.0503	-0.0282
2rn2	A	4ly7	A	87.5	E48D	0.1195	E	D	48	48	48	25	9	0.1781	0.1031	-0.0569	-0.0541
2rn2	A	4ly7	A	87.5	E48Q	-0.1673	E	Q	48	48	48	25	9	0.103	0.0118	-0.0912	-0.0973
2rn2	A	4ly7	A	87.5	A52C	-0.7648	A	C	52	52	52	53	3	-0.3476	-0.1316	-0.0084	-0.1339
2rn2	A	4ly7	A	87.5	A52D	1.8403	A	D	52	52	52	53	3	-0.1446	0.079	0.3481	0.3793
2rn2	A	4ly7	A	87.5	A52E	1.5296	A	E	52	52	52	53	3	-0.4769	0.149	0.7392	-0.7242
2rn2	A	4ly7	A	87.5	A52F	0.4541	A	F	52	52	52	53	3	-2.0564	-2.3571	-1.739	-1.0691
2rn2	A	4ly7	A	87.5	A52G	2.7008	A	G	52	52	52	53	3	0.1266	1.0807	0.9517	1.6076
2rn2	A	4ly7	A	87.5	A52H	3.5851	A	H	52	52	52	53	3	-0.2553	0.3743	0.739	0.3816
2rn2	A	4ly7	A	87.5	A52I	-1.8881	A	I	52	52	52	53	3	-2.3705	-1.8319	-1.2072	-2.2882
2rn2	A	4ly7	A	87.5	A52K	5.9273	A	K	52	52	52	53	3	-1.6186	-1.5099	-0.2884	-1.0361
2rn2	A	4ly7	A	87.5	A52L	-1.3145	A	L	52	52	52	53	3	-2.0598	-1.7957	-0.6507	-1.7361
2rn2	A	4ly7	A	87.5	A52M	-0.5019	A	M	52	52	52	53	3	-1.5461	-0.8722	-0.2445	-0.8777
2rn2	A	4ly7	A	87.5	A52N	1.7925	A	N	52	52	52	53	3	-0.2035	0.0924	0.2043	0.0085
2rn2	A	4ly7	A	87.5	A52P	1.6491	A	P	52	52	52	53	3	-0.5706	-0.1571	-0.8338	-0.2578
2rn2	A	4ly7	A	87.5	A52Q	1.195	A	Q	52	52	52	53	3	-1.0521	-0.702	-0.1331	-0.8394
2rn2	A	4ly7	A	87.5	A52S	1.7686	A	S	52	52	52	53	3	-0.2213	-0.0653	0.0624	-0.04
2rn2	A	4ly7	A	87.5	A52T	0.8126	A	T	52	52	52	53	3	-0.965	-0.3732	-0.38	-1.196
2rn2	A	4ly7	A	87.5	A52V	-1.673	A	V	52	52	52	53	3.0-5.5	-1.6296	-1.2443	-0.9208	-1.6844
2rn2	A	4ly7	A	87.5	A52Y	2.3184	A	Y	52	52	52	53	3	-1.5141	-1.2779	-1.8273	-1.8945
2rn2	A	4ly7	A	87.5	S68A	0.4541	S	A	68	68	68	52	3	-0.0075	-0.0905	0.0745	-0.0875
2rn2	A	4ly7	A	87.5	S68G	2.3901	S	G	68	68	68	52	3	-0.3252	-0.125	0.9554	0.186
2rn2	A	4ly7	A	87.5	S68L	0.478	S	L	68	68	68	52	3	-1.6567	-1.0887	-1.0931	-1.3389
2rn2	A	4ly7	A	87.5	S68T	0.1912	S	T	68	68	68	52	3	-0.1073	-0.2806	0.2086	-0.1958
2rn2	A	4ly7	A	87.5	S68V	-0.5736	S	V	68	68	68	52	3	-0.7668	-0.7498	-0.7546	-0.918
2rn2	A	4ly7	A	87.5	D70A	-0.5736	D	A	70	70	70	25	9	0.0324	-0.1135	0.0958	0.0617
2rn2	A	4ly7	A	87.5	D70E	-0.0717	D	E	70	70	70	25	9	-0.0963	-0.7972	-0.0026	-0.2082
2rn2	A	4ly7	A	87.5	D70N	-0.8126	D	N	70	70	70	25	9	0.0799	-0.1783	0.0631	0.1726
2rn2	A	4ly7	A	87.5	V74A	3.3939	V	A	74	74	74	52	5.5	1.567	1.4156	1.6257	1.5789
2rn2	A	4ly7	A	87.5	V74I	-0.5975	V	I	74	74	74	52	5.5	-0.7613	-1.1152	-0.202	-0.3653
2rn2	A	4ly7	A	87.5	V74L	-1.0994	V	L	74	74	74	25	5.5	-0.5859	-0.719	-0.0669	-0.5896
2rn2	A	4ly7	A	87.5	G77A	0.9082	G	A	77	77	77	50	3	-0.7085	-1.9186	0.3966	-0.5436
2rn2	A	4ly7	A	87.5	H83A	0.1195	H	A	83	83	83	25	7.8	-0.0535	0.0	0.2878	-0.0037
2rn2	A	4ly7	A	87.5	K91R	0.0	K	R	91	91	91	52	5.5	0.3749	0.1881	0.0925	0.1347
2rn2	A	4ly7	A	87.5	D94E	0.4063	D	E	94	94	94	52	5.5	0.0581	0.0342	-0.0211	0.0965
2rn2	A	4ly7	A	87.5	K95A	-0.0956	K	A	95	95	95	52	5.5	0.2014	0.1878	0.2178	0.1275
2rn2	A	4ly7	A	87.5	K95G	-1.2906	K	G	95	95	95	25	5.5	0.0597	0.8487	0.2187	-0.0574
2rn2	A	4ly7	A	87.5	K95N	-0.8843	K	N	95	95	95	52	5.5	-0.0061	0.0904	0.0672	-0.0251
2rn2	A	4ly7	A	87.5	H124A	-0.0478	H	A	124	124	124	-	7.9	0.0679	0.0625	0.0706	-0.0006
2rn2	A	4ly7	A	87.5	A125T	0.0	A	T	125	125	125	52	5.5	-0.0343	-0.3009	0.0136	-0.2234
2rn2	A	4ly7	A	87.5	H127A	0.3107	H	A	127	127	127	25	3	0.0053	-0.1044	-0.2641	0.0577
2rn2	A	4ly7	A	87.5	D134A	-0.9799	D	A	134	134	134	25	9	0.0352	-0.1161	0.1563	0.0945
2rn2	A	4ly7	A	87.5	D134E	-0.9082	D	E	134	134	134	52	5.5	-0.0274	-0.1999	-0.0425	-0.0027
2rn2	A	4ly7	A	87.5	D134H	-2.9637	D	H	134	134	134	25	5.5	0.1372	0.0669	0.3125	0.2981
2rn2	A	4ly7	A	87.5	D134I	-1.3623	D	I	134	134	134	52	5.5	-0.0948	-1.0173	-0.5763	-0.832
2rn2	A	4ly7	A	87.5	D134L	-1.5296	D	L	134	134	134	52	5.5	-0.0984	-0.5627	-0.0154	-1.116
2rn2	A	4ly7	A	87.5	D134N	-1.6491	D	N	134	134	134	25	5.5	-0.0319	0.0474	0.1595	0.1264
2rn2	A	4ly7	A	87.5	D134Q	-1.3384	D	Q	134	134	134	52	5.5	0.0533	-0.1762	0.2959	-0.0104
2rn2	A	4ly7	A	87.5	D134S	-1.1472	D	S	134	134	134	52	5.5	0.0379	-0.0772	0.2919	0.0847
2rn2	A	4ly7	A	87.5	D134T	-1.0755	D	T	134	134	134	52	5.5	-0.0243	-0.166	-0.1974	0.0567
2rn2	A	4ly7	A	87.5	D134V	-1.195	D	V	134	134	134	52	5.5	-0.0309	-0.4831	-0.1474	-0.2981
2rn2	A	4ly7	A	87.5	E135K	0.2151	E	K	135	135	135	52	5.5	0.0886	0.2099	-0.0118	-0.0974
2trx	A	2yn1	A	86.538	D26I	-3.1071	D	I	26	25	26	25	7	-2.5664	-1.3603	-1.6064	-1.5823
2trx	A	2yn1	A	86.538	C32A	3.7046	C	A	32	31	32	25	7	-0.0575	0.0961	0.0242	-0.0365
2trx	A	2yn1	A	86.538	C35A	3.1071	C	A	35	34	35	25	7	-0.1003	0.103	0.0136	0.1759
2trx	A	2yn1	A	86.538	P40S	-1.4579	P	S	40	39	40	25	7	0.5102	0.2272	0.2783	0.1693
2trx	A	2yn1	A	86.538	T66L	1.4101	T	L	66	65	66	25	7	-0.4501	-0.7494	-0.2396	-0.5225
2trx	A	2yn1	A	86.538	T77V	1.0994	T	V	77	76	77	25	7	-0.1009	-0.1666	0.2149	0.0247
2trx	A	2yn1	A	86.538	L78K	3.8958	L	K	78	77	78	85	7	1.0124	1.6527	1.7643	1.3614
2trx	A	2yn1	A	86.538	L78R	3.9914	L	R	78	77	78	85	7	2.3072	1.7423	1.3031	1.1414
3mbp	A	6dtu	A	36.29	P159A	0.2151	P	A	159	162	159	25	7.4	1.3401	0.9065	1.2572	1.2478
3mbp	A	6dtu	A	36.29	P159S	4.7084	P	S	159	162	159	25	7.4	1.3446	0.8577	1.2265	1.1808
4lyz	A	2ihl	A	95.349	H15L	-0.7648	H	L	15	15	15	74	6.4	-1.1041	-1.0486	-0.7169	-0.9105
4lyz	A	2ihl	A	95.349	A31I	-1.4101	A	I	31	31	31	74	6.4	-1.3872	-0.9319	-1.6426	-2.1155
4lyz	A	2ihl	A	95.349	A31L	-1.7925	A	L	31	31	31	74	6.4	-1.0829	-2.0675	-2.4806	-2.3988
4lyz	A	2ihl	A	95.349	A31V	-1.195	A	V	31	31	31	74	6.4	-0.8382	-0.8749	-1.173	-1.5777
4lyz	A	2ihl	A	95.349	F34Y	-0.1912	F	Y	34	34	34	74	6.4	0.0836	0.2197	-0.0213	0.7214
4lyz	A	2ihl	A	95.349	T40I	2.1989	T	I	40	40	40	74	6.4	-1.0546	-0.1591	-0.679	-1.5478
4lyz	A	2ihl	A	95.349	T40S	0.2629	T	S	40	40	40	74	6.4	0.8862	0.43	0.3117	-0.0136
4lyz	A	2ihl	A	95.349	G49A	0.7409	G	A	49	49	49	25	2.7	-0.1128	0.0713	0.0984	0.2264
4lyz	A	2ihl	A	95.349	I55A	4.3977	I	A	55	55	55	74	6.4	2.1282	1.9102	2.1799	1.7615
4lyz	A	2ihl	A	95.349	I55F	2.4618	I	F	55	55	55	74	6.4	-1.042	0.8411	-0.0366	-0.2622
4lyz	A	2ihl	A	95.349	I55L	0.4541	I	L	55	55	55	74	6.4	0.0177	0.2261	0.5777	-0.0134
4lyz	A	2ihl	A	95.349	I55M	2.2706	I	M	55	55	55	74	6.4	0.6798	0.0942	0.5829	0.1532
4lyz	A	2ihl	A	95.349	I55T	4.9713	I	T	55	55	55	74	6.4	1.3561	1.5466	1.6181	0.6343
4lyz	A	2ihl	A	95.349	I55V	0.9082	I	V	55	55	55	74	6.4	0.3506	1.0888	0.675	0.6835
4lyz	A	2ihl	A	95.349	G67A	0.5258	G	A	67	67	67	25	2.7	0.0889	0.3725	0.0594	0.1473
4lyz	A	2ihl	A	95.349	R68K	0.0478	R	K	68	68	68	74	6.4	-0.0785	0.1992	-0.3689	-0.0876
4lyz	A	2ihl	A	95.349	G71A	2.1272	G	A	71	71	71	25	2.7	-0.0607	-0.0889	-0.0717	-0.2039
4lyz	A	2ihl	A	95.349	R73K	-0.239	R	K	73	73	73	74	6.4	0.0648	-0.0286	0.015	-0.3135
4lyz	A	2ihl	A	95.349	N77H	0.3824	N	H	77	77	77	74	6.4	0.0117	0.0273	0.0724	0.0156
4lyz	A	2ihl	A	95.349	S91A	0.1434	S	A	91	91	91	74	6.4	-0.0438	-0.115	-0.1931	-0.1567
4lyz	A	2ihl	A	95.349	S91D	2.3184	S	D	91	91	91	74	6.4	-0.0604	-0.1012	-0.204	0.0148
4lyz	A	2ihl	A	95.349	S91T	-1.0038	S	T	91	91	91	74	6.4	-0.3737	-0.3452	-0.6918	-0.7576
4lyz	A	2ihl	A	95.349	S91V	0.0717	S	V	91	91	91	74	6.4	-1.0286	-0.8835	-1.169	-1.2866
4lyz	A	2ihl	A	95.349	S91Y	3.0593	S	Y	91	91	91	74	6.4	-1.7145	-0.967	-2.4787	-1.6101
4lyz	A	2ihl	A	95.349	D101A	-0.7648	D	A	101	101	101	74	6.4	-0.0435	0.1095	0.0867	0.0288
4lyz	A	2ihl	A	95.349	D101E	0.0	D	E	101	101	101	74	6.4	-0.2506	0.0033	-0.3508	0.0061
4lyz	A	2ihl	A	95.349	D101F	-0.717	D	F	101	101	101	74	6.4	-0.4433	-0.0917	-0.8739	-0.6252
4lyz	A	2ihl	A	95.349	D101G	-0.4541	D	G	101	101	101	74	6.4	-0.1933	0.1229	0.1649	0.2402
4lyz	A	2ihl	A	95.349	D101K	-0.1912	D	K	101	101	101	74	6.4	-0.3213	-0.1637	-0.8464	-0.0612
4lyz	A	2ihl	A	95.349	D101N	-0.0478	D	N	101	101	101	74	6.4	-0.0304	0.0393	0.0196	0.1074
4lyz	A	2ihl	A	95.349	D101Q	0.0717	D	Q	101	101	101	74	6.4	-0.1736	0.0733	-0.3272	0.0373
4lyz	A	2ihl	A	95.349	D101R	-0.2629	D	R	101	101	101	74	6.4	-0.1159	-0.1571	-0.4984	-0.0859
4lyz	A	2ihl	A	95.349	D101S	-0.8604	D	S	101	101	101	74	6.4	-0.0179	0.1071	0.1308	0.0451
4lyz	A	2ihl	A	95.349	R114H	-0.6692	R	H	114	114	114	74	6.4	-0.0233	0.3161	0.4371	0.8273
4lyz	A	2ihl	A	95.349	G117A	0.8126	G	A	117	117	117	25	2.7	0.0881	-0.1016	0.034	-0.1403
5pti	A	3l3t	E	48.214	Y35A	4.9952	Y	A	35	35	35	25	3	1.5369	2.4903	1.7957	0.9676
5pti	A	3l3t	E	48.214	G36S	0.6931	G	S	36	36	36	73	4.6	0.3672	-0.4715	0.0023	-0.2025
