original	chain_o	template	chain_t	pident	variation	ddG	wt_aa	mut_aa	res_o	res_t	res_m	T	pH
1aky	A	2c9y	A	58.605	V8I	1.195	V	I	8	19	8	25	7.5
1aky	A	2c9y	A	58.605	N169D	2.1511	N	D	169	179	169	25	7.5
1aky	A	2c9y	A	58.605	I213F	1.912	I	F	213	223	213	25	7.5
1ank	A	3x2s	A	98.598	D84H	1.4101	D	H	84	84	84	52	7.2
1ank	A	3x2s	A	98.598	G85V	2.3901	G	V	85	85	85	52	7.2
1ank	A	3x2s	A	98.598	F86L	0.7887	F	L	86	86	86	52	7.2
1ank	A	3x2s	A	98.598	R88G	0.1912	R	G	88	88	88	52	7.4
1ayf	A	7m8i	A	94.175	T54A	1.4818	T	A	54	114	51	25	8.5
1ayf	A	7m8i	A	94.175	T54S	0.1195	T	S	54	114	51	25	8.5
1ayf	A	7m8i	A	94.175	H56Q	2.175	H	Q	56	116	53	25	8.5
1ayf	A	7m8i	A	94.175	H56R	1.3623	H	R	56	116	53	25	8.5
1ayf	A	7m8i	A	94.175	H56T	1.4101	H	T	56	116	53	25	8.5
1ayf	A	7m8i	A	94.175	D76E	0.478	D	E	76	136	73	25	8.5
1ayf	A	7m8i	A	94.175	Y82F	0.0956	Y	F	82	142	79	25	8.5
1ayf	A	7m8i	A	94.175	Y82L	0.6931	Y	L	82	142	79	25	8.5
1ayf	A	7m8i	A	94.175	Y82S	0.6453	Y	S	82	142	79	25	8.5
1ayf	A	7m8i	A	94.175	C95S	-0.9321	C	S	95	155	92	25	8.5
1bni	A	2rbi	A	83.333	D8A	0.5975	D	A	8	7	8	25	6.3
1bni	A	2rbi	A	83.333	D8G	1.0038	D	G	8	7	8	25	6.3
1bni	A	2rbi	A	83.333	D12G	0.5975	D	G	12	11	12	25	4.4
1bni	A	2rbi	A	83.333	L14A	4.2065	L	A	14	13	14	25	6.3
1bni	A	2rbi	A	83.333	Y17A	1.8881	Y	A	17	16	17	25	6.3
1bni	A	2rbi	A	83.333	D22M	0.0956	D	M	22	21	22	25	4.4
1bni	A	2rbi	A	83.333	T26G	1.8881	T	G	26	25	26	25	4.4
1bni	A	2rbi	A	83.333	I51V	1.8642	I	V	51	50	51	25	4.4
1bni	A	2rbi	A	83.333	G52A	5.3059	G	A	52	51	52	54	6.3
1bni	A	2rbi	A	83.333	G53A	3.3939	G	A	53	52	53	54	6.3
1bni	A	2rbi	A	83.333	G53V	7.7916	G	V	53	52	53	54	6.3
1bni	A	2rbi	A	83.333	D54N	2.3901	D	N	54	53	54	25	4.4
1bni	A	2rbi	A	83.333	R69M	2.6769	R	M	69	68	69	25	4.4
1bni	A	2rbi	A	83.333	R83Q	1.4101	R	Q	83	82	83	25	4.4
1bni	A	2rbi	A	83.333	S91A	1.3862	S	A	91	90	91	25	4.4
1bni	A	2rbi	A	83.333	S92A	2.653	S	A	92	91	92	25	4.4
1bni	A	2rbi	A	83.333	I96A	3.2983	I	A	96	95	96	25	6.3
1bni	A	2rbi	A	83.333	I96V	0.9082	I	V	96	95	96	25	6.3
1bvc	A	6bmg	A	96.732	L9A	0.4063	L	A	9	9	9	82	9.6
1bvc	A	6bmg	A	96.732	L11A	0.4302	L	A	11	11	11	82	9.6
1bvc	A	6bmg	A	96.732	V13A	0.6692	V	A	13	13	13	82	9.6
1bvc	A	6bmg	A	96.732	G23A	1.1233	G	A	23	23	23	82	9.6
1bvc	A	6bmg	A	96.732	I28A	1.3384	I	A	28	28	28	77	11
1bvc	A	6bmg	A	96.732	I28L	0.5497	I	L	28	28	28	77	11
1bvc	A	6bmg	A	96.732	I28M	0.5497	I	M	28	28	28	77	11
1bvc	A	6bmg	A	96.732	I28V	-0.0478	I	V	28	28	28	77	11
1bvc	A	6bmg	A	96.732	L29A	2.3662	L	A	29	29	29	77	11
1bvc	A	6bmg	A	96.732	L29I	1.1233	L	I	29	29	29	77	11
1bvc	A	6bmg	A	96.732	L29M	-0.1195	L	M	29	29	29	77	11
1bvc	A	6bmg	A	96.732	L29V	1.7208	L	V	29	29	29	77	11
1bvc	A	6bmg	A	96.732	L49I	0.7887	L	I	49	49	49	77	11
1bvc	A	6bmg	A	96.732	V66A	-0.7409	V	A	66	66	66	82	9.6
1bvc	A	6bmg	A	96.732	T67A	0.2629	T	A	67	67	67	82	9.6
1bvc	A	6bmg	A	96.732	L69A	1.1711	L	A	69	69	69	77	11
1bvc	A	6bmg	A	96.732	L69I	0.0239	L	I	69	69	69	77	11
1bvc	A	6bmg	A	96.732	L69M	0.0	L	M	69	69	69	77	11
1bvc	A	6bmg	A	96.732	L69V	0.0956	L	V	69	69	69	77	11
1bvc	A	6bmg	A	96.732	P88A	-0.5975	P	A	88	88	88	82	9.6
1bvc	A	6bmg	A	96.732	I111A	1.8403	I	A	111	111	111	77	11
1bvc	A	6bmg	A	96.732	I111L	0.6453	I	L	111	111	111	77	11
1bvc	A	6bmg	A	96.732	I111M	1.1472	I	M	111	111	111	77	11
1bvc	A	6bmg	A	96.732	V114A	1.4579	V	A	114	114	114	82	9.6
1bvc	A	6bmg	A	96.732	H116A	-0.1673	H	A	116	116	116	82	9.6
1bvc	A	6bmg	A	96.732	S117A	0.2629	S	A	117	117	117	82	9.6
1bvc	A	6bmg	A	96.732	G129A	-1.0516	G	A	129	129	129	82	9.6
1bvc	A	6bmg	A	96.732	L135I	1.5296	L	I	135	135	135	77	11
1bvc	A	6bmg	A	96.732	L135M	0.7887	L	M	135	135	135	77	11
1bvc	A	6bmg	A	96.732	L135V	2.2467	L	V	135	135	135	77	11
1bvc	A	6bmg	A	96.732	L137A	1.7686	L	A	137	137	137	82	9.6
1bvc	A	6bmg	A	96.732	I142A	1.912	I	A	142	142	142	82	9.6
1bvc	A	6bmg	A	96.732	I142L	-0.6214	I	L	142	142	142	77	11
1bvc	A	6bmg	A	96.732	I142M	-0.9321	I	M	142	142	142	77	11
1bvc	A	6bmg	A	96.732	I142V	0.1195	I	V	142	142	142	77	11
1bvc	A	6bmg	A	96.732	L149A	1.6013	L	A	149	149	149	82	9.6
1c52	A	2zoo	A	39.316	M69A	-5.0191	M	A	69	404	69	25	7
1c52	A	2zoo	A	39.316	M69H	0.717	M	H	69	404	69	25	7
1c8c	A	1bf4	A	96.825	W24A	0.7409	W	A	24	24	24	25	7
1c8c	A	1bf4	A	96.825	I30V	0.7409	I	V	30	30	30	25	7
1c8c	A	1bf4	A	96.825	F32Y	2.1511	F	Y	32	32	32	25	7.2
1c9o	A	2i5l	X	85.484	E12K	0.4302	E	K	12	12	12	75	7
1c9o	A	2i5l	X	85.484	E21A	0.2868	E	A	21	21	21	70	7
1c9o	A	2i5l	X	85.484	E21K	0.2629	E	K	21	21	21	75	7
1c9o	A	2i5l	X	85.484	H29E	0.7648	H	E	29	29	29	75	7
1c9o	A	2i5l	X	85.484	E36K	0.1912	E	K	36	36	36	75	7
1c9o	A	2i5l	X	85.484	E50K	0.5019	E	K	50	50	50	75	7
1c9o	A	2i5l	X	85.484	N55K	-0.0956	N	K	55	55	55	75	7
1c9o	A	2i5l	X	85.484	R56E	-0.7648	R	E	56	56	56	75	7
1chk	A	4ily	A	72.532	W28F	4.4216	W	F	28	80	28	43	7
1chk	A	4ily	A	72.532	W101F	4.2782	W	F	101	153	101	43	7
1chk	A	4ily	A	72.532	W227F	2.5096	W	F	227	279	227	43	7
1csp	A	3i2z	A	68.75	N10D	-0.6692	N	D	10	12	10	55	7.5
1csp	A	3i2z	A	68.75	F15A	2.2706	F	A	15	17	15	25	7
1csp	A	3i2z	A	68.75	F17A	1.5296	F	A	17	19	17	25	7
1csp	A	3i2z	A	68.75	D25Q	0.8126	D	Q	25	28	25	55	7.5
1csp	A	3i2z	A	68.75	F27A	0.8365	F	A	27	30	27	25	7
1csp	A	3i2z	A	68.75	F38A	-0.1434	F	A	38	41	38	25	7
1csp	A	3i2z	A	68.75	E43S	-0.2868	E	S	43	46	43	70	7
1csp	A	3i2z	A	68.75	E50Q	1.2189	E	Q	50	53	50	55	7.5
1csp	A	3i2z	A	68.75	T64R	-1.0755	T	R	64	67	64	70	7
1cyo	A	3x32	A	97.674	F35H	3.4178	F	H	35	40	35	71	7
1cyo	A	3x32	A	97.674	F35L	1.912	F	L	35	40	35	71	7
1cyo	A	3x32	A	97.674	F35Y	-0.1195	F	Y	35	40	35	71	7
1cyo	A	3x32	A	97.674	V45E	2.3662	V	E	45	50	45	71	7
1cyo	A	3x32	A	97.674	V45H	1.3623	V	H	45	50	45	71	7
1cyo	A	3x32	A	97.674	V45Y	1.5296	V	Y	45	50	45	71	7
1cyo	A	3x32	A	97.674	V61E	1.0994	V	E	61	66	61	71	7
1cyo	A	3x32	A	97.674	V61H	1.6252	V	H	61	66	61	71	7
1cyo	A	3x32	A	97.674	V61K	2.3423	V	K	61	66	61	71	7
1cyo	A	3x32	A	97.674	V61Y	1.2906	V	Y	61	66	61	71	7
1e0w	A	2g3i	A	90.397	W85A	-1.0755	W	A	85	85	85	68	6
1e0w	A	2g3i	A	90.397	W85F	2.1989	W	F	85	85	85	68	6
1e0w	A	2g3i	A	90.397	W85H	0.5258	W	H	85	85	85	68	6
1e0w	A	2g3i	A	90.397	Y172A	2.7725	Y	A	172	172	172	68	6
1e0w	A	2g3i	A	90.397	Y172F	0.5019	Y	F	172	172	172	68	6
1e0w	A	2g3i	A	90.397	Y172S	-0.8604	Y	S	172	172	172	68	6
1e0w	A	2g3i	A	90.397	W266A	2.5813	W	A	266	266	266	68	6
1e0w	A	2g3i	A	90.397	W266F	1.8164	W	F	266	266	266	68	6
1e0w	A	2g3i	A	90.397	W266H	3.9914	W	H	266	266	266	68	6
1e0w	A	2g3i	A	90.397	W274A	-2.2706	W	A	274	274	274	68	6
1e0w	A	2g3i	A	90.397	W274F	-0.4302	W	F	274	274	274	68	6
1e0w	A	2g3i	A	90.397	W274H	-0.1434	W	H	274	274	274	68	6
1f6r	A	1hfy	A	94.167	H32A	2.1272	H	A	32	32	32	56	7.4
1f6r	A	1hfy	A	94.167	H32Y	-0.0717	H	Y	32	32	32	56	7.4
1f6r	A	1hfy	A	94.167	V42A	0.9321	V	A	42	42	42	56	7.4
1f6r	A	1hfy	A	94.167	V42G	1.1472	V	G	42	42	42	56	7.4
1f6r	A	1hfy	A	94.167	V42N	0.239	V	N	42	42	42	56	7.4
1f6r	A	1hfy	A	94.167	Q54A	0.4063	Q	A	54	54	54	56	7.4
1f6r	A	1hfy	A	94.167	I59W	0.9321	I	W	59	59	59	56	7.4
1f6r	A	1hfy	A	94.167	Y103A	2.5574	Y	A	103	103	103	56	7.4
1f6r	A	1hfy	A	94.167	Y103P	0.2629	Y	P	103	103	103	56	7.4
1f6r	A	1hfy	A	94.167	W104Y	2.4379	W	Y	104	104	104	56	7.4
1f6r	A	1hfy	A	94.167	A106S	1.0516	A	S	106	106	106	56	7.4
1f6r	A	1hfy	A	94.167	H107A	0.7887	H	A	107	107	107	56	7.4
1f6r	A	1hfy	A	94.167	H107W	1.7208	H	W	107	107	107	56	7.4
1f6r	A	1hfy	A	94.167	H107Y	0.1912	H	Y	107	107	107	56	7.4
1f6r	A	1hfy	A	94.167	L110E	0.1912	L	E	110	110	110	56	7.4
1f6r	A	1hfy	A	94.167	L110H	-1.3862	L	H	110	110	110	56	7.4
1f6r	A	1hfy	A	94.167	L110R	-0.4302	L	R	110	110	110	56	7.4
1f6r	A	1hfy	A	94.167	K114E	0.6453	K	E	114	114	114	56	7.4
1f6r	A	1hfy	A	94.167	K114N	-2.653	K	N	114	114	114	56	7.4
1f6r	A	1hfy	A	94.167	K114Q	0.5975	K	Q	114	114	114	56	7.4
1f6r	A	1hfy	A	94.167	Q117A	0.956	Q	A	117	117	117	56	7.4
1f6r	A	1hfy	A	94.167	W118H	0.5975	W	H	118	118	118	56	7.4
1f6r	A	1hfy	A	94.167	W118Y	1.1711	W	Y	118	118	118	56	7.4
1fvk	A	3l9s	A	85.87	P151A	6.8117	P	A	151	150	151	-	7
1gv5	A	1h8a	C	92.308	V103I	-0.717	V	I	103	103	14	25	7
1h7m	A	6skf	B	90.526	D2A	0.5258	D	A	2	3	4	25	7.4
1h7m	A	6skf	B	90.526	E6A	0.8843	E	A	6	7	8	25	7.4
1h7m	A	6skf	B	90.526	R8A	0.7648	R	A	8	9	10	25	7.4
1h7m	A	6skf	B	90.526	K9A	0.6214	K	A	9	10	11	25	7.4
1h7m	A	6skf	B	90.526	K9M	0.5019	K	M	9	10	11	25	7.4
1h7m	A	6skf	B	90.526	D12A	-0.239	D	A	12	13	14	25	7.4
1h7m	A	6skf	B	90.526	K15A	0.9082	K	A	15	16	17	25	7.4
1h7m	A	6skf	B	90.526	K22A	-0.4302	K	A	22	23	24	25	7.4
1h7m	A	6skf	B	90.526	K28A	1.195	K	A	28	29	30	25	7.4
1h7m	A	6skf	B	90.526	K33A	-0.1195	K	A	33	34	35	25	7.4
1h7m	A	6skf	B	90.526	R39A	0.0717	R	A	39	40	41	25	7.4
1h7m	A	6skf	B	90.526	R42A	-0.3346	R	A	42	43	44	25	7.4
1h7m	A	6skf	B	90.526	D44A	-0.0478	D	A	44	45	46	25	7.4
1h7m	A	6skf	B	90.526	K46A	1.0994	K	A	46	47	48	25	7.4
1h7m	A	6skf	B	90.526	E47A	0.0478	E	A	47	48	49	25	7.4
1h7m	A	6skf	B	90.526	D48A	-0.3585	D	A	48	49	50	25	7.4
1h7m	A	6skf	B	90.526	E62A	1.2906	E	A	62	63	64	25	7.4
1h7m	A	6skf	B	90.526	E64A	0.2629	E	A	64	65	66	25	7.4
1h7m	A	6skf	B	90.526	E69A	0.7409	E	A	69	70	71	25	7.4
1h7m	A	6skf	B	90.526	R76A	-0.1912	R	A	76	77	78	25	7.4
1h7m	A	6skf	B	90.526	H78A	0.5019	H	A	78	79	80	25	7.4
1h7m	A	6skf	B	90.526	D87A	1.3623	D	A	87	88	89	25	7.4
1h7m	A	6skf	B	90.526	E90A	0.4541	E	A	90	91	92	25	7.4
1hfy	A	1hfz	A	95.0	T38A	1.6013	T	A	38	38	38	59	7
1io2	A	1uax	A	57.005	D7N	-1.673	D	N	7	7	7	50	9
1io2	A	1uax	A	57.005	E8A	-2.653	E	A	8	8	8	50	9
1io2	A	1uax	A	57.005	E8Q	-0.5975	E	Q	8	8	8	50	9
1io2	A	1uax	A	57.005	I15A	2.1272	I	A	15	15	15	50	9
1io2	A	1uax	A	57.005	I20A	4.4216	I	A	20	20	20	50	9
1io2	A	1uax	A	57.005	L33A	4.5411	L	A	33	33	33	50	9
1io2	A	1uax	A	57.005	L92A	2.8681	L	A	92	92	92	50	9
1io2	A	1uax	A	57.005	I102A	4.0392	I	A	102	102	102	50	9
1io2	A	1uax	A	57.005	D105A	-1.5774	D	A	105	105	105	50	9
1io2	A	1uax	A	57.005	D135A	-2.5574	D	A	135	135	135	50	9
1jiw	I	1smp	I	36.538	A8P	0.1912	A	P	8	8	8	25	7.1
1jiw	I	1smp	I	36.538	W15F	2.2945	W	F	15	15	15	25	7.1
1jnx	X	1l0b	A	60.287	R1699W	3.3939	R	W	1699	1645	54	25	9
1jnx	X	1l0b	A	60.287	M1775R	4.1826	M	R	1775	1720	130	25	9
1jnx	X	1l0b	A	60.287	V1833M	1.6969	V	M	1833	1778	188	25	9
1ke4	A	6wgq	A	96.648	Y150F	0.6931	Y	F	150	166	147	55	6.8
1kf2	A	6qmn	A	95.968	V47A	3.7285	V	A	47	47	47	40	5
1kf2	A	6qmn	A	95.968	V54A	2.5813	V	A	54	54	54	40	5
1kf2	A	6qmn	A	95.968	V54G	4.8757	V	G	54	54	54	40	5
1kf2	A	6qmn	A	95.968	V54I	1.9598	V	I	54	54	54	40	5
1kf2	A	6qmn	A	95.968	V54L	1.0755	V	L	54	54	54	40	5
1kf2	A	6qmn	A	95.968	V57A	2.8442	V	A	57	57	57	40	5
1kf2	A	6qmn	A	95.968	V57G	5.521	V	G	57	57	57	40	5
1kf2	A	6qmn	A	95.968	V57I	1.2906	V	I	57	57	57	40	5
1kf2	A	6qmn	A	95.968	V57L	2.3662	V	L	57	57	57	40	5
1kf2	A	6qmn	A	95.968	V63A	2.0315	V	A	63	63	63	40	5
1kf2	A	6qmn	A	95.968	V63G	3.4895	V	G	63	63	63	40	5
1kf2	A	6qmn	A	95.968	A64G	0.4302	A	G	64	64	64	40	5
1kf2	A	6qmn	A	95.968	I81A	2.9876	I	A	81	81	81	40	5
1kf2	A	6qmn	A	95.968	I81G	4.804	I	G	81	81	81	40	5
1kf2	A	6qmn	A	95.968	I81V	0.4302	I	V	81	81	81	40	5
1kf2	A	6qmn	A	95.968	Y97F	3.5373	Y	F	97	97	97	64	5
1kf2	A	6qmn	A	95.968	I106A	4.3738	I	A	106	106	106	40	5
1kf2	A	6qmn	A	95.968	I106L	1.7925	I	L	106	106	106	40	5
1kf2	A	6qmn	A	95.968	I106V	0.7887	I	V	106	106	106	40	5
1kf2	A	6qmn	A	95.968	I107A	2.8442	I	A	107	107	107	40	5
1kf2	A	6qmn	A	95.968	I107L	2.1989	I	L	107	107	107	40	5
1kf2	A	6qmn	A	95.968	I107V	0.0717	I	V	107	107	107	40	5
1kf2	A	6qmn	A	95.968	V108A	4.2065	V	A	108	108	108	40	5
1kf2	A	6qmn	A	95.968	V108I	0.4302	V	I	108	108	108	40	5
1kf2	A	6qmn	A	95.968	V108L	0.6931	V	L	108	108	108	40	5
1kf2	A	6qmn	A	95.968	A109G	0.4302	A	G	109	109	109	40	5
1kf2	A	6qmn	A	95.968	V118A	1.912	V	A	118	116	118	40	5
1kf2	A	6qmn	A	95.968	V118G	2.7725	V	G	118	116	118	40	5
1kf3	A	6qmn	A	95.968	F46L	3.2027	F	L	46	46	46	25	6
1kf3	A	6qmn	A	95.968	F46V	4.5411	F	V	46	46	46	25	6
1kf3	A	6qmn	A	95.968	N67D	-0.6214	N	D	67	67	67	25	6
1kf3	A	6qmn	A	95.968	S75A	2.5096	S	A	75	75	75	-	6
1kf3	A	6qmn	A	95.968	S75T	2.7964	S	T	75	75	75	25	6
1kf3	A	6qmn	A	95.968	P93G	2.1989	P	G	93	93	93	62	6
1lni	A	1mgr	A	70.968	T18V	1.4101	T	V	18	21	18	48	7
1lni	A	1mgr	A	70.968	D33A	4.0392	D	A	33	36	33	25	7
1lni	A	1mgr	A	70.968	V36T	1.2906	V	T	36	39	36	48	7
1lni	A	1mgr	A	70.968	Q38A	-1.0038	Q	A	38	41	38	49	7
1lni	A	1mgr	A	70.968	N39A	2.1989	N	A	39	42	39	48	7
1lni	A	1mgr	A	70.968	N39D	1.5057	N	D	39	42	39	48	7
1lni	A	1mgr	A	70.968	N39S	2.2945	N	S	39	42	39	48	7
1lni	A	1mgr	A	70.968	E41K	0.6931	E	K	41	44	41	49	7
1lni	A	1mgr	A	70.968	E54Q	1.6969	E	Q	54	57	54	49	7
1lni	A	1mgr	A	70.968	T56V	1.8881	T	V	56	59	56	48	7
1lni	A	1mgr	A	70.968	V57T	4.3977	V	T	57	60	57	48	7
1lni	A	1mgr	A	70.968	T59V	1.6969	T	V	59	62	59	48	7
1lni	A	1mgr	A	70.968	R65A	1.0038	R	A	65	68	65	49	7
1lni	A	1mgr	A	70.968	T72V	0.1912	T	V	72	75	72	48	7
1lni	A	1mgr	A	70.968	D79A	-1.4818	D	A	79	82	79	25	7
1lni	A	1mgr	A	70.968	D79E	-1.2667	D	E	79	82	79	25	7
1lni	A	1mgr	A	70.968	D79F	-1.0516	D	F	79	82	79	25	7
1lni	A	1mgr	A	70.968	D79H	-1.2189	D	H	79	82	79	25	7
1lni	A	1mgr	A	70.968	D79I	-1.0277	D	I	79	82	79	25	7
1lni	A	1mgr	A	70.968	D79K	-0.7409	D	K	79	82	79	25	7
1lni	A	1mgr	A	70.968	D79L	0.3824	D	L	79	82	79	25	7
1lni	A	1mgr	A	70.968	D79N	-1.2189	D	N	79	82	79	25	7
1lni	A	1mgr	A	70.968	D79R	0.1912	D	R	79	82	79	25	7
1lni	A	1mgr	A	70.968	D79W	-0.7409	D	W	79	82	79	25	7
1lni	A	1mgr	A	70.968	D79Y	-0.5258	D	Y	79	82	79	25	7
1lni	A	1mgr	A	70.968	T82V	1.6969	T	V	82	85	82	48	7
1lni	A	1mgr	A	70.968	H85Q	0.0	H	Q	85	88	85	49	7
1lz1	A	1bb6	A	69.23100000000001	K1A	2.2945	K	A	1	1	1	25	2.7
1lz1	A	1bb6	A	69.23100000000001	K1M	1.3862	K	M	1	1	1	25	2.7
1lz1	A	1bb6	A	69.23100000000001	V2A	0.7648	V	A	2	2	2	25	2.7
1lz1	A	1bb6	A	69.23100000000001	V2D	0.8365	V	D	2	2	2	25	2.7
1lz1	A	1bb6	A	69.23100000000001	V2F	0.8365	V	F	2	2	2	25	2.7
1lz1	A	1bb6	A	69.23100000000001	V2G	1.2906	V	G	2	2	2	25	2.7
1lz1	A	1bb6	A	69.23100000000001	V2I	0.4063	V	I	2	2	2	25	2.7
1lz1	A	1bb6	A	69.23100000000001	V2L	-0.3107	V	L	2	2	2	25	2.7
1lz1	A	1bb6	A	69.23100000000001	V2M	0.2151	V	M	2	2	2	25	2.7
1lz1	A	1bb6	A	69.23100000000001	V2N	0.7648	V	N	2	2	2	25	2.7
1lz1	A	1bb6	A	69.23100000000001	V2R	0.6453	V	R	2	2	2	25	2.7
1lz1	A	1bb6	A	69.23100000000001	V2S	0.8126	V	S	2	2	2	25	2.7
1lz1	A	1bb6	A	69.23100000000001	V2Y	1.6013	V	Y	2	2	2	25	2.7
1lz1	A	1bb6	A	69.23100000000001	E7Q	1.434	E	Q	7	7	7	65	4
1lz1	A	1bb6	A	69.23100000000001	L8T	2.2467	L	T	8	8	8	25	2.7
1lz1	A	1bb6	A	69.23100000000001	A9S	0.1912	A	S	9	9	9	25	2.7
1lz1	A	1bb6	A	69.23100000000001	G16A	1.6969	G	A	16	16	16	25	2.7
1lz1	A	1bb6	A	69.23100000000001	D18N	1.6969	D	N	18	18	18	65	4
1lz1	A	1bb6	A	69.23100000000001	G19A	1.0516	G	A	19	19	19	25	2.7
1lz1	A	1bb6	A	69.23100000000001	Y20F	0.4302	Y	F	20	20	20	25	2.7
1lz1	A	1bb6	A	69.23100000000001	G22A	3.4895	G	A	22	22	22	25	2.7
1lz1	A	1bb6	A	69.23100000000001	S24A	0.4541	S	A	24	24	24	25	2.7
1lz1	A	1bb6	A	69.23100000000001	E35L	0.7409	E	L	35	35	35	25	2.7
1lz1	A	1bb6	A	69.23100000000001	S36A	0.4541	S	A	36	36	36	25	2.7
1lz1	A	1bb6	A	69.23100000000001	Y38A	2.7725	Y	A	38	38	38	25	2.7
1lz1	A	1bb6	A	69.23100000000001	Y38F	-0.5497	Y	F	38	38	38	25	2.7
1lz1	A	1bb6	A	69.23100000000001	Y38G	2.5335	Y	G	38	38	38	25	2.7
1lz1	A	1bb6	A	69.23100000000001	T40A	1.2428	T	A	40	40	40	25	2.7
1lz1	A	1bb6	A	69.23100000000001	T40V	1.0277	T	V	40	40	40	25	2.7
1lz1	A	1bb6	A	69.23100000000001	T43A	-0.1673	T	A	43	43	43	25	2.7
1lz1	A	1bb6	A	69.23100000000001	T43V	0.2629	T	V	43	43	43	25	2.7
1lz1	A	1bb6	A	69.23100000000001	D49N	1.0038	D	N	49	48	49	65	4
1lz1	A	1bb6	A	69.23100000000001	S51A	-0.0	S	A	51	50	51	25	2.7
1lz1	A	1bb6	A	69.23100000000001	T52A	-0.3824	T	A	52	51	52	25	2.7
1lz1	A	1bb6	A	69.23100000000001	T52V	0.4302	T	V	52	51	52	25	2.7
1lz1	A	1bb6	A	69.23100000000001	Y54F	0.9799	Y	F	54	53	54	25	2.7
1lz1	A	1bb6	A	69.23100000000001	I56A	2.3184	I	A	56	55	56	25	2.7
1lz1	A	1bb6	A	69.23100000000001	I56F	3.5373	I	F	56	55	56	25	2.7
1lz1	A	1bb6	A	69.23100000000001	I56L	0.4063	I	L	56	55	56	25	2.7
1lz1	A	1bb6	A	69.23100000000001	I56M	1.4818	I	M	56	55	56	25	2.7
1lz1	A	1bb6	A	69.23100000000001	I56T	2.3184	I	T	56	55	56	25	2.7
1lz1	A	1bb6	A	69.23100000000001	I56V	0.0	I	V	56	55	56	25	2.7
1lz1	A	1bb6	A	69.23100000000001	Q58A	1.2189	Q	A	58	57	58	25	2.7
1lz1	A	1bb6	A	69.23100000000001	Q58G	-1.6013	Q	G	58	57	58	25	2.7
1lz1	A	1bb6	A	69.23100000000001	I59A	0.3585	I	A	59	58	59	25	2.7
1lz1	A	1bb6	A	69.23100000000001	I59F	0.6692	I	F	59	58	59	25	2.7
1lz1	A	1bb6	A	69.23100000000001	I59G	2.175	I	G	59	58	59	25	2.7
1lz1	A	1bb6	A	69.23100000000001	I59L	-0.6931	I	L	59	58	59	25	2.7
1lz1	A	1bb6	A	69.23100000000001	I59M	0.7887	I	M	59	58	59	25	2.7
1lz1	A	1bb6	A	69.23100000000001	I59S	2.0554	I	S	59	58	59	25	2.7
1lz1	A	1bb6	A	69.23100000000001	I59T	1.0038	I	T	59	58	59	25	2.7
1lz1	A	1bb6	A	69.23100000000001	I59V	1.195	I	V	59	58	59	25	2.7
1lz1	A	1bb6	A	69.23100000000001	I59Y	3.1549	I	Y	59	58	59	25	2.7
1lz1	A	1bb6	A	69.23100000000001	S61A	0.5019	S	A	61	60	61	25	2.7
1lz1	A	1bb6	A	69.23100000000001	Y63F	0.3585	Y	F	63	62	63	25	2.7
1lz1	A	1bb6	A	69.23100000000001	D67N	2.2467	D	N	67	66	67	25	4
1lz1	A	1bb6	A	69.23100000000001	G68A	0.9799	G	A	68	67	68	25	2.7
1lz1	A	1bb6	A	69.23100000000001	T70A	0.5736	T	A	70	69	70	25	2.7
1lz1	A	1bb6	A	69.23100000000001	T70V	0.6214	T	V	70	69	70	25	2.7
1lz1	A	1bb6	A	69.23100000000001	P71G	0.5019	P	G	71	70	71	25	2.8
1lz1	A	1bb6	A	69.23100000000001	G72A	0.3107	G	A	72	71	72	25	2.7
1lz1	A	1bb6	A	69.23100000000001	S82A	-0.9799	S	A	82	81	82	25	2.7
1lz1	A	1bb6	A	69.23100000000001	A92S	2.1989	A	S	92	91	92	25	2.7
1lz1	A	1bb6	A	69.23100000000001	A96M	1.1472	A	M	96	95	96	25	2.7
1lz1	A	1bb6	A	69.23100000000001	A96S	0.9799	A	S	96	95	96	25	2.7
1lz1	A	1bb6	A	69.23100000000001	V99A	0.717	V	A	99	98	99	25	2.7
1lz1	A	1bb6	A	69.23100000000001	V99T	0.8843	V	T	99	98	99	25	2.7
1lz1	A	1bb6	A	69.23100000000001	V100A	-0.8126	V	A	100	99	100	25	2.7
1lz1	A	1bb6	A	69.23100000000001	V100F	2.414	V	F	100	99	100	25	2.7
1lz1	A	1bb6	A	69.23100000000001	V100T	0.8126	V	T	100	99	100	25	2.7
1lz1	A	1bb6	A	69.23100000000001	D102N	0.6692	D	N	102	101	102	65	4
1lz1	A	1bb6	A	69.23100000000001	P103G	0.0717	P	G	103	102	103	25	2.8
1lz1	A	1bb6	A	69.23100000000001	G105A	1.0516	G	A	105	104	105	25	2.7
1lz1	A	1bb6	A	69.23100000000001	I106A	0.7887	I	A	106	105	106	25	2.7
1lz1	A	1bb6	A	69.23100000000001	I106V	1.3145	I	V	106	105	106	25	2.7
1lz1	A	1bb6	A	69.23100000000001	V110A	-1.2428	V	A	110	109	110	25	2.7
1lz1	A	1bb6	A	69.23100000000001	V110D	2.6052	V	D	110	109	110	25	2.7
1lz1	A	1bb6	A	69.23100000000001	V110F	1.8881	V	F	110	109	110	25	2.7
1lz1	A	1bb6	A	69.23100000000001	V110G	2.175	V	G	110	109	110	25	2.7
1lz1	A	1bb6	A	69.23100000000001	V110I	0.8126	V	I	110	109	110	25	2.7
1lz1	A	1bb6	A	69.23100000000001	V110L	-0.0717	V	L	110	109	110	25	2.7
1lz1	A	1bb6	A	69.23100000000001	V110M	-0.3585	V	M	110	109	110	25	2.7
1lz1	A	1bb6	A	69.23100000000001	V110N	0.478	V	N	110	109	110	25	2.7
1lz1	A	1bb6	A	69.23100000000001	V110P	-0.1673	V	P	110	109	110	25	2.7
1lz1	A	1bb6	A	69.23100000000001	V110R	1.5774	V	R	110	109	110	25	2.7
1lz1	A	1bb6	A	69.23100000000001	V110Y	0.8365	V	Y	110	109	110	25	2.7
1lz1	A	1bb6	A	69.23100000000001	N118A	0.2629	N	A	118	117	118	25	2.7
1lz1	A	1bb6	A	69.23100000000001	N118G	1.673	N	G	118	117	118	25	2.7
1lz1	A	1bb6	A	69.23100000000001	D120N	0.6692	D	N	120	119	120	65	4
1lz1	A	1bb6	A	69.23100000000001	Y124F	-0.1434	Y	F	124	123	124	25	2.7
1lz1	A	1bb6	A	69.23100000000001	V125A	0.0478	V	A	125	124	125	25	2.7
1lz1	A	1bb6	A	69.23100000000001	G127A	0.5019	G	A	127	126	127	25	2.7
1lz1	A	1bb6	A	69.23100000000001	G129A	0.9321	G	A	129	128	129	25	2.7
1lz1	A	1bb6	A	69.23100000000001	V130A	0.5019	V	A	130	129	130	25	2.7
1mjc	A	3i2z	A	71.642	T68W	-0.6931	T	W	68	67	67	25	7
1onc	A	1kvz	A	66.667	M23L	2.2228	M	L	23	24	23	25	7
1onc	A	1kvz	A	66.667	F28A	5.043	F	A	28	29	28	20	5.5
1onc	A	1kvz	A	66.667	F28T	4.9235	F	T	28	29	28	20	5.5
1onc	A	1kvz	A	66.667	F36Y	3.7046	F	Y	36	37	36	20	5.5
1rbp	A	1kt5	A	93.143	W24F	2.5096	W	F	24	24	24	69	7.4
1rbp	A	1kt5	A	93.143	W24L	2.6052	W	L	24	24	24	69	7.4
1rbp	A	1kt5	A	93.143	W24Y	2.1989	W	Y	24	24	24	69	7.4
1rbp	A	1kt5	A	93.143	W91H	0.0956	W	H	91	91	91	69	7.4
1rbp	A	1kt5	A	93.143	W105F	0.4302	W	F	105	105	105	69	7.4
1rbp	A	1kt5	A	93.143	R139Q	2.6052	R	Q	139	139	139	69	7.4
1rn1	C	1rds	A	65.385	V16A	2.3423	V	A	16	17	16	25	7
1rn1	C	1rds	A	65.385	V16C	4.9952	V	C	16	17	16	25	7
1rn1	C	1rds	A	65.385	V16S	4.6845	V	S	16	17	16	25	7
1rn1	C	1rds	A	65.385	V16T	3.6568	V	T	16	17	16	25	7
1rn1	C	1rds	A	65.385	Y24W	-1.2428	Y	W	24	25	24	25	6
1rn1	C	1rds	A	65.385	H40T	0.2629	H	T	40	39	40	25	6
1rn1	C	1rds	A	65.385	Y42W	0.1434	Y	W	42	41	42	25	6
1rn1	C	1rds	A	65.385	Y45W	-0.7409	Y	W	45	44	45	25	6
1rn1	C	1rds	A	65.385	D49A	-0.5019	D	A	49	48	49	52	7
1rn1	C	1rds	A	65.385	D49F	0.4063	D	F	49	48	49	52	7
1rn1	C	1rds	A	65.385	D49H	-1.0994	D	H	49	48	49	55	7
1rn1	C	1rds	A	65.385	D49Y	0.5019	D	Y	49	48	49	52	7
1rn1	C	1rds	A	65.385	D49W	0.9082	D	W	49	48	49	52	7
1rn1	C	1rds	A	65.385	E58A	1.0038	E	A	58	57	58	25	7
1rn1	C	1rds	A	65.385	D76A	3.8002	D	A	76	75	76	15	7
1rn1	C	1rds	A	65.385	D76N	3.1071	D	N	76	75	76	15	7
1rn1	C	1rds	A	65.385	D76S	3.1071	D	S	76	75	76	15	7
1rn1	C	1rds	A	65.385	V78A	4.087	V	A	78	77	78	25	7
1rn1	C	1rds	A	65.385	V78S	4.8757	V	S	78	77	78	25	7
1rn1	C	1rds	A	65.385	V78T	3.5851	V	T	78	77	78	25	7
1rn1	C	1rds	A	65.385	V89C	3.5373	V	C	89	88	89	25	7
1rn1	C	1rds	A	65.385	V89T	3.0593	V	T	89	88	89	25	7
1rn1	C	1rds	A	65.385	H92A	1.5296	H	A	92	91	92	25	6
1rro	A	1ttx	A	88.889	P21A	0.7409	P	A	21	22	21	54	7.4
1rro	A	1ttx	A	88.889	P26A	0.7409	P	A	26	27	26	54	7.4
1shf	A	7d7s	C	98.305	F87A	1.3384	F	A	87	87	4	25	8
1shf	A	7d7s	C	98.305	F87L	1.9837	F	L	87	87	4	25	8
1shf	A	7d7s	C	98.305	F87V	0.478	F	V	87	87	4	25	8
1shf	A	7d7s	C	98.305	A89G	1.5535	A	G	89	89	6	25	8
1shf	A	7d7s	C	98.305	A89S	1.2667	A	S	89	89	6	25	8
1shf	A	7d7s	C	98.305	L101F	1.195	L	F	101	101	18	25	8
1shf	A	7d7s	C	98.305	L101I	0.6931	L	I	101	101	18	25	8
1shf	A	7d7s	C	98.305	L101V	1.6252	L	V	101	101	18	25	8
1shf	A	7d7s	C	98.305	F103L	1.0994	F	L	103	103	20	25	8
1shf	A	7d7s	C	98.305	F103V	1.8881	F	V	103	103	20	25	8
1shf	A	7d7s	C	98.305	E107A	1.2667	E	A	107	107	24	25	8
1shf	A	7d7s	C	98.305	E107D	-0.6692	E	D	107	107	24	25	8
1shf	A	7d7s	C	98.305	E107F	1.6252	E	F	107	107	24	25	8
1shf	A	7d7s	C	98.305	E107H	0.9799	E	H	107	107	24	25	8
1shf	A	7d7s	C	98.305	E107K	0.9799	E	K	107	107	24	25	8
1shf	A	7d7s	C	98.305	E107P	1.7208	E	P	107	107	24	25	8
1shf	A	7d7s	C	98.305	E107Q	0.7409	E	Q	107	107	24	25	8
1shf	A	7d7s	C	98.305	E107S	1.6491	E	S	107	107	24	25	8
1shf	A	7d7s	C	98.305	E107T	0.5975	E	T	107	107	24	25	8
1shf	A	7d7s	C	98.305	E107V	2.0076	E	V	107	107	24	25	8
1shf	A	7d7s	C	98.305	E107Y	2.3901	E	Y	107	107	24	25	8
1shf	A	7d7s	C	98.305	F109I	1.9837	F	I	109	109	26	25	8
1shf	A	7d7s	C	98.305	F109L	0.7648	F	L	109	109	26	25	8
1shf	A	7d7s	C	98.305	F109V	2.1033	F	V	109	109	26	25	8
1shf	A	7d7s	C	98.305	I111L	1.0038	I	L	111	111	28	25	8
1shf	A	7d7s	C	98.305	I111V	0.1673	I	V	111	111	28	25	8
1shf	A	7d7s	C	98.305	W120F	0.5497	W	F	120	120	37	25	8
1shf	A	7d7s	C	98.305	W120L	0.4063	W	L	120	120	37	25	8
1shf	A	7d7s	C	98.305	W120V	0.9799	W	V	120	120	37	25	8
1shf	A	7d7s	C	98.305	A122G	1.3384	A	G	122	122	39	25	8
1shf	A	7d7s	C	98.305	A122V	-0.1912	A	V	122	122	39	25	8
1shf	A	7d7s	C	98.305	S124A	0.717	S	A	124	124	41	25	8
1shf	A	7d7s	C	98.305	S124F	1.8881	S	F	124	124	41	25	8
1shf	A	7d7s	C	98.305	S124H	1.2428	S	H	124	124	41	25	8
1shf	A	7d7s	C	98.305	S124I	1.4101	S	I	124	124	41	25	8
1shf	A	7d7s	C	98.305	S124K	-0.1195	S	K	124	124	41	25	8
1shf	A	7d7s	C	98.305	S124L	0.3585	S	L	124	124	41	25	8
1shf	A	7d7s	C	98.305	S124N	0.7409	S	N	124	124	41	25	8
1shf	A	7d7s	C	98.305	S124R	0.1912	S	R	124	124	41	25	8
1shf	A	7d7s	C	98.305	S124T	1.6491	S	T	124	124	41	25	8
1shf	A	7d7s	C	98.305	S124V	1.0994	S	V	124	124	41	25	8
1shf	A	7d7s	C	98.305	S124Y	2.2706	S	Y	124	124	41	25	8
1shf	A	7d7s	C	98.305	I133L	0.7409	I	L	133	133	50	25	8
1shf	A	7d7s	C	98.305	I133V	0.0478	I	V	133	133	50	25	8
1shf	A	7d7s	C	98.305	V138A	2.1272	V	A	138	138	55	25	8
1shf	A	7d7s	C	98.305	V138F	0.7409	V	F	138	138	55	25	8
1shf	A	7d7s	C	98.305	V138I	-0.1673	V	I	138	138	55	25	8
1shf	A	7d7s	C	98.305	V138L	0.1195	V	L	138	138	55	25	8
1tpk	A	3laq	A	46.988	V65A	2.0076	V	A	65	116	70	64	4.5
1tpk	A	3laq	A	46.988	V65I	-0.3107	V	I	65	116	70	64	4.5
1tpk	A	3laq	A	46.988	V65L	1.8881	V	L	65	116	70	64	4.5
1tpk	A	3laq	A	46.988	V65M	2.1989	V	M	65	116	70	64	4.5
1tpk	A	3laq	A	46.988	V65S	2.3901	V	S	65	116	70	64	4.5
1tpk	A	3laq	A	46.988	V65T	1.0038	V	T	65	116	70	64	4.5
1wq5	A	3pr2	A	85.338	C81A	-0.1912	C	A	81	81	81	25	9
1wq5	A	3pr2	A	85.338	C81G	0.4541	C	G	81	81	81	25	9
1wq5	A	3pr2	A	85.338	C81S	-0.2629	C	S	81	81	81	25	9
1wq5	A	3pr2	A	85.338	C81V	1.7208	C	V	81	81	81	25	9
1wq5	A	3pr2	A	85.338	P96A	-0.478	P	A	96	96	96	25	9
1wq5	A	3pr2	A	85.338	C118A	-1.0755	C	A	118	118	118	25	9
1wq5	A	3pr2	A	85.338	C118S	-1.2428	C	S	118	118	118	25	9
1wq5	A	3pr2	A	85.338	C118V	-1.195	C	V	118	118	118	25	9
1wq5	A	3pr2	A	85.338	P132A	0.0	P	A	132	132	132	25	9
1wq5	A	3pr2	A	85.338	P132G	0.7409	P	G	132	132	132	25	9
1wq5	A	3pr2	A	85.338	C154A	0.5497	C	A	154	154	154	25	9
1wq5	A	3pr2	A	85.338	C154S	1.4101	C	S	154	154	154	25	9
1wq5	A	3pr2	A	85.338	C154V	-0.9082	C	V	154	154	154	25	9
1wq5	A	3pr2	A	85.338	P207A	1.8403	P	A	207	207	207	25	9
1wq5	A	3pr2	A	85.338	G211E	-0.5258	G	E	211	211	211	25	7.8
1wq5	A	3pr2	A	85.338	G211R	-0.5258	G	R	211	211	211	25	7.8
1ycc	A	1yeb	A	89.90799999999999	A7L	-0.3585	A	L	7	7	12	25	2.1
1ycc	A	1yeb	A	89.90799999999999	A7Y	-0.2629	A	Y	7	7	12	25	2.1
1ycc	A	1yeb	A	89.90799999999999	F10I	0.9082	F	I	10	10	15	25	4.6
1ycc	A	1yeb	A	89.90799999999999	F10M	3.3222	F	M	10	10	15	25	4.6
1ycc	A	1yeb	A	89.90799999999999	F10W	1.3384	F	W	10	10	15	25	4.6
1ycc	A	1yeb	A	89.90799999999999	F10Y	0.6692	F	Y	10	10	15	25	4.6
1ycc	A	1yeb	A	89.90799999999999	T69E	-1.5057	T	E	69	69	74	57	6
1ycc	A	1yeb	A	89.90799999999999	K73I	0.4063	K	I	73	73	77	25	5
1ycc	A	1yeb	A	89.90799999999999	K73V	-0.0956	K	V	73	73	77	25	5
1ycc	A	1yeb	A	89.90799999999999	K73W	1.6013	K	W	73	73	77	25	5
1ycc	A	1yeb	A	89.90799999999999	P76G	0.7887	P	G	76	71	76	25	4.6
1ycc	A	1yeb	A	89.90799999999999	P76L	3.4417	P	L	76	71	76	25	4.6
1ycc	A	1yeb	A	89.90799999999999	P76R	0.9799	P	R	76	71	76	25	4.6
1ycc	A	1yeb	A	89.90799999999999	P76S	1.8881	P	S	76	71	76	25	4.6
1ycc	A	1yeb	A	89.90799999999999	P76V	1.0755	P	V	76	71	76	25	4.6
1ycc	A	1yeb	A	89.90799999999999	P76W	2.3901	P	W	76	71	76	25	4.6
1ycc	A	1yeb	A	89.90799999999999	P76Y	2.0793	P	Y	76	71	76	25	4.6
1ycc	A	1yeb	A	89.90799999999999	F82Y	0.6931	F	Y	82	83	87	25	6
1ycc	A	1yeb	A	89.90799999999999	L85A	2.7964	L	A	85	86	90	25	6
1ycc	A	1yeb	A	89.90799999999999	L94A	3.8241	L	A	94	95	99	25	4.6
1ycc	A	1yeb	A	89.90799999999999	L94I	0.0239	L	I	94	95	99	25	4.6
1ycc	A	1yeb	A	89.90799999999999	L94T	3.2744	L	T	94	95	99	25	4.6
1ycc	A	1yeb	A	89.90799999999999	L94V	0.717	L	V	94	95	99	25	4.6
1ycc	A	1yeb	A	89.90799999999999	T96A	-1.0038	T	A	96	97	101	57	6
1ycc	A	1yeb	A	89.90799999999999	Y97F	-0.0717	Y	F	97	98	102	25	4.6
1ycc	A	1yeb	A	89.90799999999999	C102A	-2.892	C	A	102	103	107	47	6
1ycc	A	1yeb	A	89.90799999999999	C102S	-2.7964	C	S	102	103	107	47	6
1ycc	A	1yeb	A	89.90799999999999	C102T	-0.7887	C	T	102	103	107	57	6
1zym	B	2ols	A	42.857	H189A	0.9082	H	A	189	486	189	25	7.5
1zym	B	2ols	A	42.857	H189E	1.3145	H	E	189	486	189	25	7.5
2hbb	A	1nkw	F	54.0	D23A	0.4541	D	A	23	22	23	25	5.4
2hbb	A	1nkw	F	54.0	D23N	0.717	D	N	23	22	23	25	5.4
2rn2	A	4ly7	A	87.5	D10A	-1.7208	D	A	10	10	10	25	9
2rn2	A	4ly7	A	87.5	D10E	-0.5258	D	E	10	10	10	25	9
2rn2	A	4ly7	A	87.5	D10H	-1.1472	D	H	10	10	10	25	9
2rn2	A	4ly7	A	87.5	D10N	-0.9799	D	N	10	10	10	25	9
2rn2	A	4ly7	A	87.5	D10S	-1.2667	D	S	10	10	10	25	9
2rn2	A	4ly7	A	87.5	G23A	-1.0277	G	A	23	23	23	25	5.5
2rn2	A	4ly7	A	87.5	A24V	-0.8843	A	V	24	24	24	52	5.5
2rn2	A	4ly7	A	87.5	E48A	0.1673	E	A	48	48	48	25	9
2rn2	A	4ly7	A	87.5	E48D	0.1195	E	D	48	48	48	25	9
2rn2	A	4ly7	A	87.5	E48Q	-0.1673	E	Q	48	48	48	25	9
2rn2	A	4ly7	A	87.5	A52C	-0.7648	A	C	52	52	52	53	3
2rn2	A	4ly7	A	87.5	A52D	1.8403	A	D	52	52	52	53	3
2rn2	A	4ly7	A	87.5	A52E	1.5296	A	E	52	52	52	53	3
2rn2	A	4ly7	A	87.5	A52F	0.4541	A	F	52	52	52	53	3
2rn2	A	4ly7	A	87.5	A52G	2.7008	A	G	52	52	52	53	3
2rn2	A	4ly7	A	87.5	A52H	3.5851	A	H	52	52	52	53	3
2rn2	A	4ly7	A	87.5	A52I	-1.8881	A	I	52	52	52	53	3
2rn2	A	4ly7	A	87.5	A52K	5.9273	A	K	52	52	52	53	3
2rn2	A	4ly7	A	87.5	A52L	-1.3145	A	L	52	52	52	53	3
2rn2	A	4ly7	A	87.5	A52M	-0.5019	A	M	52	52	52	53	3
2rn2	A	4ly7	A	87.5	A52N	1.7925	A	N	52	52	52	53	3
2rn2	A	4ly7	A	87.5	A52P	1.6491	A	P	52	52	52	53	3
2rn2	A	4ly7	A	87.5	A52Q	1.195	A	Q	52	52	52	53	3
2rn2	A	4ly7	A	87.5	A52S	1.7686	A	S	52	52	52	53	3
2rn2	A	4ly7	A	87.5	A52T	0.8126	A	T	52	52	52	53	3
2rn2	A	4ly7	A	87.5	A52V	-1.673	A	V	52	52	52	53	3.0-5.5
2rn2	A	4ly7	A	87.5	A52Y	2.3184	A	Y	52	52	52	53	3
2rn2	A	4ly7	A	87.5	S68A	0.4541	S	A	68	68	68	52	3
2rn2	A	4ly7	A	87.5	S68G	2.3901	S	G	68	68	68	52	3
2rn2	A	4ly7	A	87.5	S68L	0.478	S	L	68	68	68	52	3
2rn2	A	4ly7	A	87.5	S68T	0.1912	S	T	68	68	68	52	3
2rn2	A	4ly7	A	87.5	S68V	-0.5736	S	V	68	68	68	52	3
2rn2	A	4ly7	A	87.5	D70A	-0.5736	D	A	70	70	70	25	9
2rn2	A	4ly7	A	87.5	D70E	-0.0717	D	E	70	70	70	25	9
2rn2	A	4ly7	A	87.5	D70N	-0.8126	D	N	70	70	70	25	9
2rn2	A	4ly7	A	87.5	V74A	3.3939	V	A	74	74	74	52	5.5
2rn2	A	4ly7	A	87.5	V74I	-0.5975	V	I	74	74	74	52	5.5
2rn2	A	4ly7	A	87.5	V74L	-1.0994	V	L	74	74	74	25	5.5
2rn2	A	4ly7	A	87.5	G77A	0.9082	G	A	77	77	77	50	3
2rn2	A	4ly7	A	87.5	H83A	0.1195	H	A	83	83	83	25	7.8
2rn2	A	4ly7	A	87.5	K91R	0.0	K	R	91	91	91	52	5.5
2rn2	A	4ly7	A	87.5	D94E	0.4063	D	E	94	94	94	52	5.5
2rn2	A	4ly7	A	87.5	K95A	-0.0956	K	A	95	95	95	52	5.5
2rn2	A	4ly7	A	87.5	K95G	-1.2906	K	G	95	95	95	25	5.5
2rn2	A	4ly7	A	87.5	K95N	-0.8843	K	N	95	95	95	52	5.5
2rn2	A	4ly7	A	87.5	H124A	-0.0478	H	A	124	124	124	-	7.9
2rn2	A	4ly7	A	87.5	A125T	0.0	A	T	125	125	125	52	5.5
2rn2	A	4ly7	A	87.5	H127A	0.3107	H	A	127	127	127	25	3
2rn2	A	4ly7	A	87.5	D134A	-0.9799	D	A	134	134	134	25	9
2rn2	A	4ly7	A	87.5	D134E	-0.9082	D	E	134	134	134	52	5.5
2rn2	A	4ly7	A	87.5	D134H	-2.9637	D	H	134	134	134	25	5.5
2rn2	A	4ly7	A	87.5	D134I	-1.3623	D	I	134	134	134	52	5.5
2rn2	A	4ly7	A	87.5	D134L	-1.5296	D	L	134	134	134	52	5.5
2rn2	A	4ly7	A	87.5	D134N	-1.6491	D	N	134	134	134	25	5.5
2rn2	A	4ly7	A	87.5	D134Q	-1.3384	D	Q	134	134	134	52	5.5
2rn2	A	4ly7	A	87.5	D134S	-1.1472	D	S	134	134	134	52	5.5
2rn2	A	4ly7	A	87.5	D134T	-1.0755	D	T	134	134	134	52	5.5
2rn2	A	4ly7	A	87.5	D134V	-1.195	D	V	134	134	134	52	5.5
2rn2	A	4ly7	A	87.5	E135K	0.2151	E	K	135	135	135	52	5.5
2trx	A	2yn1	A	86.538	D26I	-3.1071	D	I	26	25	26	25	7
2trx	A	2yn1	A	86.538	C32A	3.7046	C	A	32	31	32	25	7
2trx	A	2yn1	A	86.538	C35A	3.1071	C	A	35	34	35	25	7
2trx	A	2yn1	A	86.538	P40S	-1.4579	P	S	40	39	40	25	7
2trx	A	2yn1	A	86.538	T66L	1.4101	T	L	66	65	66	25	7
2trx	A	2yn1	A	86.538	T77V	1.0994	T	V	77	76	77	25	7
2trx	A	2yn1	A	86.538	L78K	3.8958	L	K	78	77	78	85	7
2trx	A	2yn1	A	86.538	L78R	3.9914	L	R	78	77	78	85	7
3mbp	A	6dtu	A	36.29	P159A	0.2151	P	A	159	162	159	25	7.4
3mbp	A	6dtu	A	36.29	P159S	4.7084	P	S	159	162	159	25	7.4
4lyz	A	2ihl	A	95.349	H15L	-0.7648	H	L	15	15	15	74	6.4
4lyz	A	2ihl	A	95.349	A31I	-1.4101	A	I	31	31	31	74	6.4
4lyz	A	2ihl	A	95.349	A31L	-1.7925	A	L	31	31	31	74	6.4
4lyz	A	2ihl	A	95.349	A31V	-1.195	A	V	31	31	31	74	6.4
4lyz	A	2ihl	A	95.349	F34Y	-0.1912	F	Y	34	34	34	74	6.4
4lyz	A	2ihl	A	95.349	T40I	2.1989	T	I	40	40	40	74	6.4
4lyz	A	2ihl	A	95.349	T40S	0.2629	T	S	40	40	40	74	6.4
4lyz	A	2ihl	A	95.349	G49A	0.7409	G	A	49	49	49	25	2.7
4lyz	A	2ihl	A	95.349	I55A	4.3977	I	A	55	55	55	74	6.4
4lyz	A	2ihl	A	95.349	I55F	2.4618	I	F	55	55	55	74	6.4
4lyz	A	2ihl	A	95.349	I55L	0.4541	I	L	55	55	55	74	6.4
4lyz	A	2ihl	A	95.349	I55M	2.2706	I	M	55	55	55	74	6.4
4lyz	A	2ihl	A	95.349	I55T	4.9713	I	T	55	55	55	74	6.4
4lyz	A	2ihl	A	95.349	I55V	0.9082	I	V	55	55	55	74	6.4
4lyz	A	2ihl	A	95.349	G67A	0.5258	G	A	67	67	67	25	2.7
4lyz	A	2ihl	A	95.349	R68K	0.0478	R	K	68	68	68	74	6.4
4lyz	A	2ihl	A	95.349	G71A	2.1272	G	A	71	71	71	25	2.7
4lyz	A	2ihl	A	95.349	R73K	-0.239	R	K	73	73	73	74	6.4
4lyz	A	2ihl	A	95.349	N77H	0.3824	N	H	77	77	77	74	6.4
4lyz	A	2ihl	A	95.349	S91A	0.1434	S	A	91	91	91	74	6.4
4lyz	A	2ihl	A	95.349	S91D	2.3184	S	D	91	91	91	74	6.4
4lyz	A	2ihl	A	95.349	S91T	-1.0038	S	T	91	91	91	74	6.4
4lyz	A	2ihl	A	95.349	S91V	0.0717	S	V	91	91	91	74	6.4
4lyz	A	2ihl	A	95.349	S91Y	3.0593	S	Y	91	91	91	74	6.4
4lyz	A	2ihl	A	95.349	D101A	-0.7648	D	A	101	101	101	74	6.4
4lyz	A	2ihl	A	95.349	D101E	0.0	D	E	101	101	101	74	6.4
4lyz	A	2ihl	A	95.349	D101F	-0.717	D	F	101	101	101	74	6.4
4lyz	A	2ihl	A	95.349	D101G	-0.4541	D	G	101	101	101	74	6.4
4lyz	A	2ihl	A	95.349	D101K	-0.1912	D	K	101	101	101	74	6.4
4lyz	A	2ihl	A	95.349	D101N	-0.0478	D	N	101	101	101	74	6.4
4lyz	A	2ihl	A	95.349	D101Q	0.0717	D	Q	101	101	101	74	6.4
4lyz	A	2ihl	A	95.349	D101R	-0.2629	D	R	101	101	101	74	6.4
4lyz	A	2ihl	A	95.349	D101S	-0.8604	D	S	101	101	101	74	6.4
4lyz	A	2ihl	A	95.349	R114H	-0.6692	R	H	114	114	114	74	6.4
4lyz	A	2ihl	A	95.349	G117A	0.8126	G	A	117	117	117	25	2.7
5pti	A	3l3t	E	48.214	Y35A	4.9952	Y	A	35	35	35	25	3
5pti	A	3l3t	E	48.214	G36S	0.6931	G	S	36	36	36	73	4.6
