original	chain_o	template	chain_t	wt_aa	mut_aa	res_o	res_t	res_m	rsa	ddg_o	ddg_t	ddg_af	ddg_tasser
7A2U	A	3UF4	A	V	G	88	88	6	0.225	-14.042	6.4974	-2.7616	6.2295
7A2U	A	3UF4	A	Y	Q	93	93	11	0.1528	4.4112	5.11	5.8317	4.4682
7A2U	A	3UF4	A	L	N	86	86	4	0.2944	-2.9532	1.4962	-5.598	1.4398
7A2U	A	3UF4	A	L	D	90	90	8	0.3333	4.6489	6.0528	13.033	3.0119
7A2U	A	3UF4	A	F	Q	87	87	5	0.0872	4.3839	5.065	4.3804	6.6069
7CXD	A	7DF6	A	P	R	125	127	9	0.3916	0.8236	2.1768	6.0962	1.1092
7CXD	A	7DF6	A	F	G	169	171	53	0.0046	12.0395	13.8613	12.3895	15.496
7CXD	A	7DF6	A	D	Y	166	168	50	0.2649	1.523	0.7353	0.6196	2.2652
7CXD	A	7DF6	A	F	V	204	206	88	0.0138	15.3729	13.1738	11.6479	5.0947
7CXD	A	7DF6	A	I	A	146	148	30	0.0	7.1655	6.4974	6.7944	4.2431
7CXD	A	7DF6	A	V	Y	216	218	100	0.0	13.2086	13.7604	17.3536	0.0268
7CXD	A	7DF6	A	E	S	196	198	80	0.4754	3.1208	2.0184	3.1527	3.062
7CXD	A	7DF6	A	T	N	187	189	71	0.0137	3.5391	0.9451	3.7016	5.1346
7CXD	A	7DF6	A	Y	V	233	235	117	0.0044	3.6697	3.7945	3.5762	2.5844
7CXD	A	7DF6	A	G	K	136	138	20	0.4588	-1.6085	2.2743	1.9973	3.3134
7CXD	A	7DF6	A	H	W	235	237	119	0.0412	17.7538	18.3272	23.3198	77.5565
7CXD	A	7DF6	A	Q	D	199	201	83	0.3175	0.5603	2.9167	3.0444	0.7798
7CXD	A	7DF6	A	N	F	179	181	63	0.8861	2.724	1.612	0.8014	0.8544
7CXD	A	7DF6	A	P	L	173	175	57	0.0	15.402	20.9686	33.247	55.1846
7CXD	A	7DF6	A	F	K	171	173	55	0.0046	11.3065	10.4316	10.3917	7.8084
7CXD	A	7DF6	A	T	A	127	129	11	0.2877	1.4888	0.3773	0.472	0.6008
7CXD	A	7DF6	A	D	T	219	221	103	0.755	0.2947	0.7142	0.4212	0.2274
7CXD	A	7DF6	A	C	Q	185	187	69	0.0214	2.8802	2.984	3.3944	39.6652
7CXD	A	7DF6	A	I	N	252	254	136	0.011	5.4771	6.3823	5.9394	7.4636
7CXD	A	7DF6	A	F	E	175	177	59	0.078	7.2048	7.4812	7.406	5.6042
7CXD	A	7DF6	A	G	R	247	249	131	0.0	2.5012	-0.3545	1.2209	1.4136
7CXD	A	7DF6	A	H	W	220	222	104	0.1701	-0.1966	-0.1664	0.2001	0.045
7CXD	A	7DF6	A	I	L	248	250	132	0.0	4.4602	4.2066	2.8033	8.5272
7CXD	A	7DF6	A	T	L	253	255	137	0.4932	-0.7416	-1.087	-0.5751	-0.5512
7CXD	A	7DF6	A	E	V	197	199	81	0.4208	-1.6228	-1.4478	-1.042	3.3505
7CXD	A	7DF6	A	M	V	142	144	26	0.0392	3.8122	4.8775	3.6526	37.0386
7CXD	A	7DF6	A	M	Q	237	239	121	0.0735	-5.794	2.7406	3.3408	1.4877
7CXD	A	7DF6	A	E	S	217	219	101	0.3005	1.1514	1.2546	0.5341	0.2685
7CXD	A	7DF6	A	N	G	186	188	70	0.0253	3.6206	1.5857	3.7466	5.2383
7CXD	A	7DF6	A	W	Y	193	195	77	0.4208	4.3029	2.7292	4.6438	1.25
7CXD	A	7DF6	A	Q	A	232	234	116	0.5132	1.0836	1.2853	0.3562	2.443
7CXD	A	7DF6	A	G	I	137	139	21	0.0	474.2064	657.0624	553.7664	43.9972
7CXD	A	7DF6	A	N	Y	192	194	76	0.6835	-0.3158	-0.3602	-0.5404	-0.6452
7CXD	A	7DF6	A	N	M	191	193	75	0.6646	1.6496	2.5935	2.3074	2.8774
7CXD	A	7DF6	A	I	Y	157	159	41	0.0	10.8391	9.3651	8.9695	21.3425
7CXD	A	7DF6	A	N	E	176	178	60	0.6266	3.6389	3.086	2.6055	1.12
7CXD	A	7DF6	A	I	N	212	214	96	0.0	5.7861	5.6658	5.423	5.7832
7CXD	A	7DF6	A	S	E	206	208	90	0.3689	2.4533	-0.4406	-0.415	3.0142
7CXD	A	7DF6	A	L	C	215	217	99	0.1	6.9586	4.1034	3.0979	-0.1864
7CXD	A	7DF6	A	M	W	139	141	23	0.1961	24.6947	10.8859	6.0386	4.2647
7CXD	A	7DF6	A	R	T	241	243	125	0.6639	0.6914	1.2204	0.1807	-3.3185
7CXD	A	7DF6	A	E	I	205	207	89	0.5301	0.0946	5.7946	0.3511	2.1187
7CXD	A	7DF6	A	K	S	151	153	35	0.4408	2.3644	1.1309	1.2209	1.3247
7CXD	A	7DF6	A	P	L	209	211	93	0.6364	3.7136	4.3485	4.5799	1.3492
7CXD	A	7DF6	A	N	R	239	241	123	0.557	1.1651	0.9029	1.8907	-0.5877
7CXD	A	7DF6	A	F	Y	161	163	45	0.0	1.4888	1.3252	1.4244	3.9735
7CXD	A	7DF6	A	F	H	221	223	105	0.0092	6.4091	4.8803	4.9732	2.9486
7CXD	A	7DF6	A	E	N	242	244	126	0.6995	0.0821	1.6159	-0.008	-0.1693
7CXD	A	7DF6	A	H	V	229	231	113	0.5515	-0.6173	-1.3355	-0.4292	2.1039
7CXD	A	7DF6	A	K	A	188	190	72	0.218	0.8767	0.8584	0.9137	-1.1263
7CXD	A	7DF6	A	T	G	255	257	139	0.3356	2.1996	3.5688	2.0474	2.8129
7CXD	A	7DF6	A	R	V	174	176	58	0.2448	0.7159	-0.4207	0.7302	28.3432
7CXD	A	7DF6	A	N	M	172	174	56	0.0823	1.775	1.0881	3.6258	1.2494
7CXD	A	7DF6	A	P	V	135	137	19	0.8531	4.5993	4.2026	4.5925	1.2415
7CXD	A	7DF6	A	K	N	208	210	92	0.5829	2.467	1.3332	2.1375	2.0908
7CXD	A	7DF6	A	A	M	168	170	52	0.0265	10.8631	11.9284	24.779	15.3626
7CXD	A	7DF6	A	Q	H	213	215	97	0.1905	0.5312	-1.2905	0.6321	2.512
7CXD	A	7DF6	A	Q	H	213	215	97	0.1905	0.5312	-1.2905	0.5723	2.512
7CXD	A	7DF6	A	N	I	226	228	110	0.443	9.1303	9.6621	9.4831	10.4133
7CXD	A	7DF6	A	I	H	243	245	127	0.011	0.9998	7.1575	4.0356	8.7136
7CXD	A	7DF6	A	I	H	243	245	127	0.011	2.9332	7.1575	4.0356	8.7136
7CXD	A	7DF6	A	G	W	148	150	32	0.0118	184.1721	138.7796	120.2877	110.3161
7CXD	A	7DF6	A	R	S	236	238	120	0.3071	2.317	2.3228	2.3245	0.92
7CXD	A	7DF6	A	N	R	234	236	118	0.5253	1.7653	0.4532	0.4617	0.9861
7CXD	A	7DF6	A	P	L	133	135	17	0.3287	1.1805	2.4772	2.1632	0.814
7CXD	A	7DF6	A	R	H	181	183	65	0.3693	0.2576	0.3466	-0.1932	2.2367
7CXD	A	7DF6	A	R	H	181	183	65	0.3693	0.2576	0.3466	0.0473	2.2367
7CXD	A	7DF6	A	V	N	138	140	22	0.0	4.898	7.8107	4.1354	3.3738
7CXD	A	7DF6	A	Y	F	130	132	14	0.1179	0.2896	0.1248	0.2502	-0.8288
7CXD	A	7DF6	A	Q	N	189	191	73	0.4339	0.7655	1.6063	0.24	0.3471
7CXD	A	7DF6	A	S	T	244	246	128	0.5164	-0.1322	-0.5728	-1.4883	0.0456
7CXD	A	7DF6	A	D	A	131	133	15	0.1457	0.3494	0.5409	1.193	-0.5278
7CXD	A	7DF6	A	G	L	250	252	134	0.2	227.479	246.7473	167.5378	313.6248
7CXD	A	7DF6	A	N	I	165	167	49	0.7911	0.8938	0.924	1.0465	3.2416
7CXD	A	7DF6	A	V	N	150	152	34	0.0063	4.3217	4.6159	4.5976	2.5297
7CXD	A	7DF6	A	H	G	259	261	143	0.433	3.5528	4.9408	7.4904	4.8416
7CXD	A	7DF6	A	D	H	190	192	74	0.8675	0.0895	-0.2377	0.2804	-0.297
7CXD	A	7DF6	A	Q	I	245	247	129	0.2804	-0.0969	9.4078	17.1399	14.5054
7CXD	A	7DF6	A	L	S	246	248	130	0.0	7.2595	6.9033	6.1321	5.7627
7CXD	A	7DF6	A	I	F	183	185	67	0.0	34.5403	46.9851	35.9892	46.5855
7CXD	A	7DF6	A	R	W	180	182	64	0.2863	3.6201	-0.8966	-0.6868	91.3476
7CXD	A	7DF6	A	D	N	251	253	135	0.3311	0.7604	0.4811	1.1246	2.0389
7CXD	A	7DF6	A	A	D	218	220	102	0.5929	1.6581	1.5156	0.4811	1.2323
7CXD	A	7DF6	A	P	I	129	131	13	0.2657	5.1175	9.4141	8.5072	-8.0182
7CXD	A	7DF6	A	A	I	224	226	108	0.1681	5.8904	4.0339	6.4923	16.7791
7CXD	A	7DF6	A	M	E	261	263	145	0.5392	3.1036	7.247	4.5674	-2.3894
7CXD	A	7DF6	A	A	T	154	156	38	0.0885	7.7657	5.2354	6.0677	10.7177
7CXD	A	7DF6	A	L	M	240	242	124	0.0556	2.121	0.3335	2.8244	14.5886
7CXD	A	7DF6	A	L	A	159	161	43	0.0056	5.9998	5.7712	5.4857	4.3862
7CXD	A	7DF6	A	H	C	170	172	54	0.1082	1.8246	1.9825	-0.3688	1.6747
7BJY	B	2WP2	A	L	Q	125	129	101	0.1778	2.1586	-8.9273	1.7852	3.1122
7BJY	B	2WP2	A	E	M	84	88	60	0.224	-0.0462	1.307	0.2719	0.7342
7BJY	B	2WP2	A	L	Y	35	39	11	0.0	43.332	3.3938	34.0079	1.5367
7BJY	B	2WP2	A	K	T	124	128	100	0.6351	-0.2611	2.6112	-0.6538	-0.4851
7BJY	B	2WP2	A	N	V	104	108	80	0.0949	1.8109	41.8568	1.6074	5.8573
7DTM	A	4UBQ	A	L	A	12	13	12	0.2778	5.627	6.8508	5.4264	-1.1229
7DTM	A	4UBQ	A	F	S	63	64	63	0.0	8.705	8.9701	9.0989	8.7489
7DTM	A	4UBQ	A	R	K	66	67	66	0.5187	1.7453	0.2616	2.1888	-0.1647
7DTM	A	4UBQ	A	K	Q	33	34	33	0.0047	2.1951	2.9383	0.9587	-1.2791
7DTM	A	4UBQ	A	H	V	19	20	19	0.0	2.4322	2.626	1.5589	-6.3281
7DTM	A	4UBQ	A	K	D	8	9	8	0.3981	2.2652	2.0782	2.1757	3.6811
7DTM	A	4UBQ	A	K	N	58	59	58	0.4597	-0.2331	1.5589	-0.1391	0.8442
7DTM	A	4UBQ	A	A	C	44	45	44	0.0	8.277	6.4416	6.803	2.0144
7DTM	A	4UBQ	A	W	C	28	29	28	0.583	1.2631	0.2759	-7.0503	2.2219
7DTM	A	4UBQ	A	I	C	70	71	70	0.0659	3.7107	3.8942	8.4292	3.4388
7DTM	A	4UBQ	A	V	A	30	31	30	0.075	3.4092	3.1823	2.5838	5.3648
7DTM	A	4UBQ	A	W	L	62	63	62	0.2819	12.1182	13.3312	11.1378	6.0825
7DTM	A	4UBQ	A	T	H	52	53	52	0.3904	3.3146	1.4136	0.8419	0.9126
7DTM	A	4UBQ	A	L	M	7	8	7	0.1333	4.511	10.8933	4.8741	3.0495
7DTM	A	4UBQ	A	I	V	47	48	47	0.0	1.1121	1.2808	1.2563	-2.7183
7DTM	A	4UBQ	A	D	T	55	56	55	0.1457	1.8457	1.6473	0.7438	9.8621
7DTM	A	4UBQ	A	E	V	24	25	24	0.4973	4.9778	3.575	0.9867	20.6243
7DTM	A	4UBQ	A	D	Y	48	49	48	0.0	42.8281	70.973	32.4028	46.1996
7DTM	A	4UBQ	A	D	Q	6	7	6	0.8477	0.2662	-1.1753	0.7096	-1.1634
7DTM	A	4UBQ	A	V	M	31	32	31	0.1437	1.9186	0.1208	-2.394	5.5729
7DTM	A	4UBQ	A	V	M	60	61	60	0.0312	9.4187	5.2411	8.1088	-0.6321
7DTM	A	4UBQ	A	F	E	51	52	51	0.0917	5.7046	5.2924	14.209	7.2949
7DTM	A	4UBQ	A	L	H	4	5	4	0.5056	4.1941	3.7751	9.1605	3.7392
7DTM	A	4UBQ	A	P	I	50	51	50	0.0	67.3523	89.4575	24.7887	29.9039
7DTM	A	4UBQ	A	P	H	5	6	5	0.1189	1.6439	0.4349	3.7962	2.9999
7DTM	A	4UBQ	A	E	T	10	11	10	0.4863	-0.7826	-0.2314	-0.1602	-0.1807
7DTM	A	4UBQ	A	V	G	18	19	18	0.0813	6.706	9.283	6.2227	6.7801
7DTM	A	4UBQ	A	V	E	37	38	37	0.0	10.085	9.5857	12.7874	5.9098
7DTM	A	4UBQ	A	V	L	38	39	38	0.0563	13.5375	13.122	5.7331	14.2067
7DTM	A	4UBQ	A	Y	G	68	69	68	0.2533	8.2753	6.8827	7.6528	7.7007
7DTM	A	4UBQ	A	T	L	56	57	56	0.0	25.0686	20.5388	17.0453	25.7013
7DTM	A	4UBQ	A	V	Q	40	41	40	0.0813	10.6316	2.0497	3.037	2.3279
7DTM	A	4UBQ	A	Y	T	17	18	17	0.1659	7.3929	7.1518	6.0334	4.454
7DTM	A	4UBQ	A	S	H	21	22	21	0.0	9.222	9.2061	25.5485	22.5367
7DTM	A	4UBQ	A	G	I	29	30	29	0.2	20.6066	28.4994	7.9065	24.5037
7DTM	A	4UBQ	A	K	H	69	70	69	0.6209	0.6281	-0.1077	0.3454	0.2138
7DTM	A	4UBQ	A	L	A	59	60	59	0.0	6.4022	11.8879	9.9932	3.3658
7DTM	A	4UBQ	A	E	G	14	15	14	0.7049	1.4438	1.5766	1.4712	0.4509
7DTM	A	4UBQ	A	G	T	35	36	35	0.0	23.1146	28.1603	23.4088	29.1675
7DTM	A	4UBQ	A	I	Y	74	75	74	0.0	30.2414	41.6596	28.1078	10.6265
7DTM	A	4UBQ	A	G	Y	27	28	27	0.9882	-0.3642	6.9717	-4.8707	-1.2722
7DTM	A	4UBQ	A	T	G	20	21	20	0.0479	6.4005	5.4617	6.0694	5.366
7DTM	A	4UBQ	A	H	M	34	35	34	0.0412	1.3936	4.8997	0.9399	18.053
7DTM	A	4UBQ	A	K	I	71	72	71	0.3602	-0.7324	-0.0735	-0.5227	-0.301
7DTM	A	4UBQ	A	K	R	11	12	11	0.6114	1.7009	2.3638	1.8354	1.5464
7DTM	A	4UBQ	A	L	D	46	47	46	0.0	7.0743	5.6002	5.8984	5.374
7DTM	A	4UBQ	A	N	V	26	27	26	0.9241	0.9804	-0.0393	-0.0758	1.0323
7DTM	A	4UBQ	A	F	E	22	23	22	0.0734	8.7883	7.8711	7.0543	7.9435
7L1Z	A	5VQJ	A	D	F	51	24	25	0.543	5.6994	6.6952	5.5643	1.0277
7L1Z	A	5VQJ	A	S	M	102	75	76	0.1066	1.783	4.613	7.1592	4.4739
7L1Z	A	5VQJ	A	L	T	57	30	31	0.0	3.8412	4.3884	2.9053	6.8525
7L1Z	A	5VQJ	A	W	V	49	22	23	0.3861	9.4101	1.8554	6.9226	3.6081
7L1Z	A	5VQJ	A	Y	A	76	49	50	0.0175	5.2788	6.5322	5.1043	3.7871
7L1Z	A	5VQJ	A	L	W	106	79	80	0.0	55.5676	61.4585	59.3473	54.7764
7L1Z	A	5VQJ	A	W	E	82	55	56	0.0232	7.6517	9.108	8.2445	-26.92
7L1Z	A	5VQJ	A	F	S	65	38	39	0.0367	8.6247	7.7075	8.6138	7.1318
7L1Z	A	5VQJ	A	R	S	89	62	63	0.0124	5.5752	4.6273	4.8746	-1.5379
7L1Z	A	5VQJ	A	K	D	50	23	24	0.0616	8.729	8.9353	8.6657	3.0067
7L1Z	A	5VQJ	A	G	D	73	46	47	0.6235	0.049	10.5655	5.7325	3.2262
7L1Z	A	5VQJ	A	F	Y	44	17	18	0.1055	1.885	0.4999	0.4053	0.7057
7L1Z	A	5VQJ	A	N	T	96	69	70	0.6582	1.27	-0.2063	1.0368	1.2489
7L1Z	A	5VQJ	A	A	L	101	74	75	0.0	69.7498	52.1179	94.9335	44.8134
7L1Z	A	5VQJ	A	H	Y	36	9	10	0.4175	-0.9029	-1.7881	2.5747	-0.3078
7L1Z	A	5VQJ	A	P	N	80	53	54	0.0	10.7929	5.6738	12.984	4.5207
7L1Z	A	5VQJ	A	G	N	72	45	46	0.3765	13.6196	22.6934	14.743	-1.5647
7L1Z	A	5VQJ	A	G	V	79	52	53	0.0	320.5184	293.8743	217.1147	379.84
7L1Z	A	5VQJ	A	I	D	104	77	78	0.0	8.672	8.1117	8.904	7.8774
7L1Z	A	5VQJ	A	G	F	110	83	84	0.0	61.629	48.047	42.1954	131.6506
7L1Z	A	5VQJ	A	H	M	40	13	14	0.2371	1.8462	2.7377	1.9922	1.376
7L1Z	A	5VQJ	A	D	Q	60	33	34	0.1656	3.9689	2.5981	13.1374	-2.691
7L1Z	A	5VQJ	A	F	M	84	57	58	0.2798	3.302	0.248	0.2844	2.98
7L1Z	A	5VQJ	A	T	K	33	6	7	0.5822	1.1286	0.2189	1.1389	1.8212
7L1Z	A	5VQJ	A	G	H	52	25	26	0.2706	29.571	81.815	98.0012	5.6145
7L1Z	A	5VQJ	A	D	I	86	59	60	0.3907	17.373	3.1179	3.1054	19.5208
7L1Z	A	5VQJ	A	H	E	83	56	57	0.2887	0.9798	5.1328	0.6926	1.1713
7L1Z	A	5VQJ	A	V	D	90	63	64	0.0688	5.2514	2.6117	-2.773	6.7049
7L1Z	A	5VQJ	A	N	Q	75	48	49	0.2215	1.356	0.8122	1.9055	-0.3773
7L1Z	A	5VQJ	A	V	S	77	50	51	0.1437	3.2558	3.5101	4.4409	3.5876
7L1Z	A	5VQJ	A	A	N	37	10	11	0.1062	1.8069	1.8707	1.8747	4.9613
7L1Z	A	5VQJ	A	V	E	67	40	41	0.0	11.013	10.301	15.4476	7.8016
7L1Z	A	5VQJ	A	G	C	78	51	52	0.0	16.3328	37.909	26.9815	52.2251
7L1Z	A	5VQJ	A	H	L	48	21	22	0.0	29.9575	11.5642	24.9945	2.239
7L1Z	A	5VQJ	A	Y	C	74	47	48	0.3886	3.3237	1.4444	2.2298	2.1204
7L1Z	A	5VQJ	A	Q	F	70	43	44	0.3651	4.3314	3.6309	1.197	13.4206
7L1Z	A	5VQJ	A	Y	H	107	80	81	0.0655	2.862	2.5564	4.5178	1.8098
7L1Z	A	5VQJ	A	W	M	69	42	43	0.0579	19.278	8.7535	15.5656	8.4902
7L1Z	A	5VQJ	A	I	N	91	64	65	0.0	5.749	5.8203	5.6937	-24.5835
7L1Z	A	5VQJ	A	G	M	100	73	74	0.2235	24.4479	25.4442	12.3074	21.5084
7L1Z	A	5VQJ	A	Y	Q	103	76	77	0.0699	6.877	8.949	10.6448	5.0593
7L1Z	A	5VQJ	A	Y	F	93	66	67	0.0044	0.3545	-0.0826	1.1411	0.3585
7JKW	A	2NXB	A	E	C	115	91	74	0.4699	0.6452	0.4976	0.4058	-0.1197
7JKW	A	2NXB	A	N	I	135	111	94	0.0759	12.9253	12.5651	8.5808	4.3594
7JKW	A	2NXB	A	T	H	131	107	90	0.1712	1.3007	1.4848	1.641	2.3906
7JKW	A	2NXB	A	V	Y	69	45	28	0.275	1.3834	1.3355	2.0999	1.7054
7JKW	A	2NXB	A	N	A	61	37	20	0.4177	0.3659	-0.6863	-0.35	-0.2155
7JKW	A	2NXB	A	F	G	79	55	38	0.3394	4.2311	3.8846	4.0806	2.6465
7JKW	A	2NXB	A	I	M	138	114	97	0.6099	1.2341	1.124	0.9245	1.2403
7JKW	A	2NXB	A	E	M	167	143	126	0.7596	-0.3055	0.9029	1.091	1.6279
7JKW	A	2NXB	A	P	R	142	118	101	0.7692	3.0455	3.9051	3.3106	2.5564
7JKW	A	2NXB	A	M	F	105	81	64	0.0882	91.2809	7.4339	9.2551	17.8627
7JKW	A	2NXB	A	Q	H	85	61	44	0.6878	-0.4794	-0.517	-0.4811	-0.2713
7JKW	A	2NXB	A	Q	F	62	38	21	0.2011	74.7418	45.3082	85.9742	-5.1784
7JKW	A	2NXB	A	A	T	89	65	48	0.0885	6.2968	2.8141	4.8906	9.5874
7JKW	A	2NXB	A	Q	Y	159	135	118	0.455	0.0878	0.265	0.1077	-0.0148
7JKW	A	2NXB	A	Q	E	78	54	37	0.7725	0.0382	0.2177	0.0718	-0.472
7JKW	A	2NXB	A	A	L	150	126	109	0.0	44.0268	32.042	39.3636	103.7856
7JKW	A	2NXB	A	T	W	109	85	68	0.0342	101.2867	5.1665	74.6814	3.8988
7JKW	A	2NXB	A	Y	S	119	95	78	0.0218	4.9846	9.4523	8.9501	5.3797
7JKW	A	2NXB	A	R	T	113	89	72	0.1162	35.2784	27.0066	35.8701	1.8109
7JKW	A	2NXB	A	F	W	83	59	42	0.0734	22.7897	3.7175	26.5848	69.2373
7JKW	A	2NXB	A	P	D	95	71	54	0.4825	0.4856	1.2164	3.9262	1.3948
7JKW	A	2NXB	A	H	R	77	53	36	0.2784	6.4769	4.1291	5.5148	0.016
7JKW	A	2NXB	A	I	Q	110	86	69	0.0	7.2339	7.4613	7.7075	3.0683
7JKW	A	2NXB	A	T	S	73	49	32	0.1849	-1.4689	1.7887	1.673	0.3859
7JKW	A	2NXB	A	T	A	134	110	93	0.4521	0.0969	0.2542	0.3084	0.134
7JKW	A	2NXB	A	F	K	133	109	92	0.0	9.1747	10.0713	8.9518	10.3888
7JKW	A	2NXB	A	Y	N	65	41	24	0.1354	5.9491	6.5128	6.3544	1.7767
7JKW	A	2NXB	A	L	N	153	129	112	0.0	5.8545	5.9856	5.7331	5.0057
7JKW	A	2NXB	A	A	N	152	128	111	0.3009	1.6821	1.6296	2.1506	0.6903
7JKW	A	2NXB	A	W	R	81	57	40	0.6718	1.5538	1.9471	1.5954	0.2628
7JKW	A	2NXB	A	K	W	155	131	114	0.6682	-0.1784	-0.1362	-0.1459	-2.9401
7JKW	A	2NXB	A	K	V	102	78	61	0.7156	0.7552	0.8288	0.2639	0.6053
7JKW	A	2NXB	A	Y	H	139	115	98	0.2882	2.2732	2.5205	4.0151	1.3994
7JKW	A	2NXB	A	Y	H	139	115	98	0.2882	2.2732	2.5205	4.0151	1.3697
7JKW	A	2NXB	A	G	N	108	84	67	0.1294	17.0641	48.7891	11.9461	3.0734
7JKW	A	2NXB	A	P	M	104	80	63	0.2378	3.3197	4.7014	3.5146	0.8681
7JKW	A	2NXB	A	V	G	147	123	106	0.025	6.8993	6.5225	6.6519	5.818
7JKW	A	2NXB	A	K	R	76	52	35	0.7725	0.6458	0.4588	0.5922	0.1026
7JKW	A	2NXB	A	L	W	158	134	117	0.45	-0.7877	-0.6589	-0.9485	-0.5483
7JKW	A	2NXB	A	M	Q	149	125	108	0.1716	2.6368	2.3735	2.5325	4.2454
7JKW	A	2NXB	A	P	S	86	62	45	0.3287	2.4675	2.0395	2.4048	2.5354
7JKW	A	2NXB	A	R	A	58	34	17	0.3237	3.5477	0.5164	2.2572	-0.1687
7JKW	A	2NXB	A	D	F	96	72	55	0.6225	1.2836	1.9283	3.2462	0.7632
7JKW	A	2NXB	A	M	R	107	83	66	0.0	17.5668	4.8456	-2.9098	9.7778
7JKW	A	2NXB	A	N	A	93	69	52	0.8354	1.445	1.4164	1.3999	1.4216
7JKW	A	2NXB	A	K	L	99	75	58	0.4787	-0.6817	0.9445	1.1639	0.4304
7JKW	A	2NXB	A	C	A	136	112	95	0.0429	0.0576	0.2308	0.3044	-1.0613
7JKW	A	2NXB	A	V	D	70	46	29	0.0	7.2954	7.4562	6.665	6.3304
7JKW	A	2NXB	A	I	C	146	122	105	0.1923	3.7979	4.1217	4.0852	3.1492
7JKW	A	2NXB	A	Y	S	137	113	96	0.2838	3.5363	4.3291	4.0681	3.1943
7JKW	A	2NXB	A	I	Y	100	76	59	0.5165	-1.0169	1.4404	3.2741	1.201
7JKW	A	2NXB	A	P	T	82	58	41	0.2448	-3.2906	-2.3626	-4.0544	-2.0702
7JKW	A	2NXB	A	K	W	112	88	71	0.5308	0.7986	0.0633	0.2639	-0.3277
7JKW	A	2NXB	A	E	W	154	130	113	0.2623	6.8839	2.793	1.1987	-0.3044
7JKW	A	2NXB	A	K	H	91	67	50	0.6682	0.5666	0.4828	0.6412	0.33
7JKW	A	2NXB	A	D	T	106	82	65	0.0331	5.0337	3.7768	4.8478	4.12
7JKW	A	2NXB	A	N	M	116	92	75	0.3671	1.0824	0.8003	4.3588	0.9074
7JKW	A	2NXB	A	W	I	75	51	34	0.3012	-2.8329	3.2957	4.1929	3.4263
7JKW	A	2NXB	A	K	Y	141	117	100	0.7251	0.9034	0.5272	0.4936	0.5894
7JKW	A	2NXB	A	N	C	130	106	89	0.3291	0.9713	0.9485	1.0551	0.493
7JKW	A	2NXB	A	V	T	87	63	46	0.25	1.303	0.7324	0.7866	-3.1903
7JKW	A	2NXB	A	D	N	144	120	103	0.4305	-0.9787	0.631	1.0921	0.4058
7JKW	A	2NXB	A	A	M	80	56	39	0.0	20.6026	13.3135	17.198	12.5987
7JKW	A	2NXB	A	A	L	122	98	81	0.0885	21.4468	16.6816	27.9408	7.1541
7JKW	A	2NXB	A	L	H	114	90	73	0.0944	6.9443	10.8015	8.4913	38.1866
7JKW	A	2NXB	A	L	H	114	90	73	0.0944	6.9443	11.6012	8.4913	38.1866
7JKW	A	2NXB	A	D	H	88	64	47	0.3576	2.0759	1.2956	3.5557	-0.4338
7JKW	A	2NXB	A	D	H	88	64	47	0.3576	2.0759	1.2329	3.5557	-0.4338
7JKW	A	2NXB	A	Y	W	118	94	77	0.1441	0.1721	-0.0091	0.4144	6.2432
7JKW	A	2NXB	A	Q	I	64	40	23	0.5503	0.4509	0.3568	1.3486	-0.1522
7JKW	A	2NXB	A	F	C	157	133	116	0.0	7.3137	7.6978	7.3433	9.6501
7JKW	A	2NXB	A	E	L	124	100	83	0.3934	0.4834	0.175	2.504	-2.9885
7JKW	A	2NXB	A	M	E	132	108	91	0.0245	7.5838	6.6416	5.7462	5.9263
7JKW	A	2NXB	A	K	M	72	48	31	0.6445	2.1825	1.2112	-0.6481	0.3796
7JKW	A	2NXB	A	W	V	120	96	79	0.3784	0.3238	2.6026	-3.4861	9.0014
7JKW	A	2NXB	A	C	F	125	101	84	0.0	14.4284	19.5647	15.7576	20.1085
7JKW	A	2NXB	A	L	Y	92	68	51	0.5278	0.4965	0.5421	0.5968	1.7054
7JKW	A	2NXB	A	D	E	128	104	87	0.0927	1.0898	5.9343	3.8258	3.8669
7JKW	A	2NXB	A	L	F	94	70	53	0.2722	1.8223	2.2504	1.7448	4.5834
7JKW	A	2NXB	A	F	N	129	105	88	0.0	7.6859	8.0689	7.7001	6.1184
7JKW	A	2NXB	A	Q	K	127	103	86	0.6085	-0.2508	-0.1408	3.2615	-0.265
7JKW	A	2NXB	A	D	V	145	121	104	0.8146	0.2012	-0.1254	0.3551	0.9234
7JKW	A	2NXB	A	L	Q	148	124	107	0.5	1.4506	0.973	1.3412	1.0916
7DW4	A	5G5E	A	I	F	22	22	28	0.0	34.3556	12.1837	9.4888	21.045
7DW4	A	5G5E	A	P	F	90	90	96	0.6084	2.6619	2.948	3.1025	2.9047
7DW4	A	5G5E	A	P	D	50	50	56	0.4895	5.2679	4.7435	4.4905	5.4828
7DW4	A	5G5E	A	L	N	38	38	44	0.6667	1.9152	2.858	2.8363	3.2114
7DW4	A	5G5E	A	K	F	41	41	47	0.545	0.3027	-0.2662	-0.7216	-1.0106
7DW4	A	5G5E	A	P	T	13	13	19	0.1748	-1.4962	-2.0406	-2.1911	9.1964
7DW4	A	5G5E	A	D	T	92	92	98	0.457	1.8742	0.9656	3.7711	0.7769
7DW4	A	5G5E	A	E	K	77	77	83	0.7049	-0.3659	-1.1406	-0.456	-0.8744
7DW4	A	5G5E	A	L	M	58	58	64	0.0	3.9632	2.0406	2.0788	2.8768
7DW4	A	5G5E	A	A	S	96	96	102	0.0531	1.5253	2.1495	1.7242	1.7756
7DW4	A	5G5E	A	K	M	7	7	13	0.2938	-0.3061	0.9764	-0.346	3.4907
7DW4	A	5G5E	A	S	M	28	28	34	0.9344	1.0608	1.0112	0.8863	0.7627
7DW4	A	5G5E	A	W	A	12	12	18	0.3398	1.604	0.0171	-0.4617	9.9311
7DW4	A	5G5E	A	V	M	51	51	57	0.7312	1.6382	1.6194	1.7014	1.2557
7DW4	A	5G5E	A	K	M	3	3	9	0.5403	1.0488	0.6276	0.265	-2.0554
7DW4	A	5G5E	A	L	T	45	45	51	0.0222	9.3013	4.7732	4.5782	2.5747
7DW4	A	5G5E	A	K	F	27	27	33	0.0711	22.5538	13.5153	17.4551	19.2375
7DW4	A	5G5E	A	P	Y	83	83	89	0.4825	18.9337	11.5721	49.8573	3.2479
7DW4	A	5G5E	A	V	H	57	57	63	0.0	52.7455	27.4951	36.9497	23.8784
7DW4	A	5G5E	A	V	H	57	57	63	0.0	52.7455	25.4134	36.9497	23.8784
7DW4	A	5G5E	A	H	A	60	60	66	0.2062	3.1966	2.6853	2.8967	2.7394
7DW4	A	5G5E	A	Y	S	31	31	37	0.1354	6.6998	6.7824	6.9865	10.6721
7DW4	A	5G5E	A	D	E	89	89	95	0.4437	-0.3682	-0.2326	0.3431	-1.1611
7DW4	A	5G5E	A	L	A	34	34	40	0.3111	3.1264	2.7879	2.9965	2.5222
7DW4	A	5G5E	A	L	R	86	86	92	0.0833	2.6927	3.7666	2.6642	2.5131
7DW4	A	5G5E	A	V	N	29	29	35	0.1062	5.7553	5.0582	6.8525	4.8615
7DW4	A	5G5E	A	R	V	21	21	27	0.1701	8.4674	2.7708	16.0643	61.6181
7DW4	A	5G5E	A	D	H	76	76	82	0.1523	0.2713	2.3604	0.6019	4.1376
7DW4	A	5G5E	A	H	C	52	52	58	0.4845	1.8286	-0.0536	0.3044	1.9922
7DW4	A	5G5E	A	R	A	93	93	99	0.278	0.5626	1.2363	1.4392	0.4047
7DW4	A	5G5E	A	L	I	69	69	75	0.1556	4.4454	4.1621	5.2468	8.7421
7DW4	A	5G5E	A	Y	T	74	74	80	0.262	5.7661	7.1301	8.8082	4.4546
7DW4	A	5G5E	A	E	W	35	35	41	0.6557	0.2126	4.515	0.8635	56.4061
7DW4	A	5G5E	A	L	Y	8	8	14	0.0	68.5032	54.9833	49.0097	133.514
7DW4	A	5G5E	A	P	M	64	64	70	0.4755	13.5364	22.8889	7.2111	8.1139
7DW4	A	5G5E	A	I	Q	71	71	77	0.0	5.6065	6.0494	5.9582	13.1374
7DW4	A	5G5E	A	P	G	87	87	93	0.2517	5.9286	5.6778	6.0511	5.3272
7DW4	A	5G5E	A	N	H	25	25	31	0.3608	0.4668	0.664	1.0927	1.4848
7DW4	A	5G5E	A	C	E	66	66	72	0.2214	2.3701	1.1822	2.0731	2.8249
7DW4	A	5G5E	A	A	I	94	94	100	0.469	0.1208	-0.1904	-0.0752	0.3893
7DW4	A	5G5E	A	K	I	54	54	60	0.4976	2.0184	0.2833	0.2913	0.7769
7DW4	A	5G5E	A	K	H	63	63	69	0.6493	1.3138	0.9109	0.8453	1.3235
7DW4	A	5G5E	A	R	N	19	19	25	0.0	6.3344	5.2725	7.4203	5.9474
7DW4	A	5G5E	A	G	H	10	10	16	0.0	43.2704	39.4161	125.1281	270.9187
7DW4	A	5G5E	A	G	H	10	10	16	0.0	43.2704	39.4161	119.4697	270.9187
7DW4	A	5G5E	A	P	A	15	15	21	0.0559	1.4256	2.3695	2.215	-0.4167
7DW4	A	5G5E	A	V	H	17	17	23	0.0	14.2494	15.7314	10.4287	-56.2824
7DW4	A	5G5E	A	V	H	17	17	23	0.0	14.2494	15.7314	10.4287	-49.5626
7DW4	A	5G5E	A	S	W	14	14	20	0.1311	14.152	-1.9671	5.2697	-0.4406
7DW4	A	5G5E	A	P	K	56	56	62	0.028	35.2055	54.1751	39.8812	65.0342
7DW4	A	5G5E	A	S	M	68	68	74	0.041	12.8113	36.3523	13.8459	54.7137
7DW4	A	5G5E	A	A	W	11	11	17	0.3274	3.5819	1.5686	6.1566	33.0794
7DW4	A	5G5E	A	M	W	18	18	24	0.0049	51.2709	10.3176	8.8544	14.637
7DW4	A	5G5E	A	G	S	39	39	45	1.0471	3.5654	2.8586	3.4645	2.4812
7DW4	A	5G5E	A	L	K	46	46	52	0.3167	1.9819	1.7225	3.4132	2.1044
7DW4	A	5G5E	A	I	E	75	75	81	0.0	9.2688	6.5202	9.7624	6.649
7DW4	A	5G5E	A	K	S	53	53	59	0.4265	1.6262	1.6216	1.5282	1.7054
7DW4	A	5G5E	A	E	M	32	32	38	0.4317	0.1317	-0.2286	0.6658	-0.3454
7DW4	A	5G5E	A	G	E	82	82	88	0.2824	16.1253	7.9863	15.7525	5.2531
7DW4	A	5G5E	A	T	D	37	37	43	0.6849	1.2192	0.1978	0.5837	0.1881
7DW4	A	5G5E	A	Y	I	91	91	97	0.5197	0.2588	-0.4064	0.1921	1.2107
7DW4	A	5G5E	A	E	I	36	36	42	0.1421	6.1343	1.7322	0.5808	1.869
7DW4	A	5G5E	A	S	Q	48	48	54	0.1148	2.9173	1.3589	0.9736	0.8442
7DW4	A	5G5E	A	I	M	59	59	65	0.0659	2.1033	2.6038	6.1246	2.6499
7DW4	A	5G5E	A	D	W	5	5	11	0.6225	1.6427	90.0121	45.5151	0.0912
7DW4	A	5G5E	A	W	M	79	79	85	0.1969	6.7106	14.5857	7.2669	5.9987
7DW4	A	5G5E	A	V	F	6	6	12	0.0187	17.7971	24.3988	70.9433	14.3497
7DW4	A	5G5E	A	L	Q	24	24	30	0.0	5.3711	5.11	6.2814	4.0276
7DW4	A	5G5E	A	L	C	44	44	50	0.3833	3.3995	2.9646	3.1544	2.7366
6ZSX	A	1CBI	A	Q	F	45	45	49	0.1481	26.1396	6.2991	24.8959	0.5757
6ZSX	A	1CBI	A	D	W	127	126	131	0.6556	-0.0359	0.4725	-0.4537	1.4056
6ZSX	A	1CBI	A	C	V	95	95	99	0.0	5.419	2.748	7.1957	1.9853
6ZSX	A	1CBI	A	K	W	30	30	34	0.5118	-0.0747	1.8468	0.2194	1.0904
6ZSX	A	1CBI	A	Q	A	97	97	101	0.1005	3.5602	3.8481	3.6047	1.9198
6ZSX	A	1CBI	A	E	K	13	13	17	0.6175	0.273	0.0336	2.8717	0.5956
6ZSX	A	1CBI	A	L	Q	100	100	104	0.5889	-0.6145	1.49	0.3312	-0.3984
6ZSX	A	1CBI	A	F	Q	65	65	69	0.0413	9.6096	8.6526	9.6091	10.765
6ZSX	A	1CBI	A	A	T	32	32	36	0.2566	1.4974	-0.8408	1.9961	-0.505
6ZSX	A	1CBI	A	N	W	64	64	68	0.6709	-0.5882	-0.2343	-0.3711	-2.3792
6ZSX	A	1CBI	A	A	D	36	36	40	0.0177	23.1602	3.5921	1.5236	5.8693
6ZSX	A	1CBI	A	P	Y	1	1	5	0.8392	3.2752	1.3173	3.2832	-42.4604
6ZSX	A	1CBI	A	V	M	128	127	132	0.225	1.0858	4.6546	2.6106	-14.4791
6ZSX	A	1CBI	A	L	T	22	22	26	0.0889	4.8074	4.6449	7.5702	6.6325
6ZSX	A	1CBI	A	L	E	113	113	117	0.1111	6.1822	7.9977	6.3555	8.7615
6ZSX	A	1CBI	A	E	F	72	72	76	0.4481	-3.461	-1.4695	1.3144	-1.6764
6ZSX	A	1CBI	A	T	N	61	61	65	0.3836	2.0383	0.5814	1.6427	0.1282
6ZSX	A	1CBI	A	K	W	8	8	12	0.218	-0.1459	6.0169	-0.6013	-0.8829
6ZSX	A	1CBI	A	F	C	15	15	19	0.0367	6.832	5.7046	7.0743	7.9002
6ZSX	A	1CBI	A	A	Q	35	35	39	0.3894	-0.5723	-0.3454	18.6618	29.3749
6ZSX	A	1CBI	A	V	C	76	76	80	0.3625	0.835	3.4713	2.7639	2.8853
6ZSX	A	1CBI	A	I	G	63	63	67	0.1593	5.1956	3.7951	5.7781	6.4228
6ZSX	A	1CBI	A	W	S	109	109	113	0.0695	6.2535	21.6811	6.7294	5.7103
6ZSX	A	1CBI	A	L	C	19	19	23	0.0556	4.8062	5.8037	4.9066	3.3265
6ZSX	A	1CBI	A	V	Q	41	41	45	0.025	3.7272	2.5513	4.1735	2.7143
6ZSX	A	1CBI	A	T	A	56	56	60	0.1986	3.1949	5.6025	4.2739	2.5012
6ZSX	A	1CBI	A	W	N	7	7	11	0.0077	11.5949	10.2651	9.983	7.7708
6ZSX	A	1CBI	A	N	H	25	25	29	0.5696	3.6759	4.2391	5.5125	3.8811
6ZSX	A	1CBI	A	N	H	25	25	29	0.5696	3.6759	4.2391	5.358	3.8811
6ZSX	A	1CBI	A	N	H	25	25	29	0.5696	3.6759	4.3542	5.5125	3.8811
6ZSX	A	1CBI	A	N	H	25	25	29	0.5696	3.6759	4.3542	5.358	3.8811
6ZSX	A	1CBI	A	K	L	92	92	96	0.2085	1.7556	5.9126	1.6182	13.806
6ZSX	A	1CBI	A	S	N	37	37	41	0.7213	0.2462	-0.077	0.6977	0.1778
6ZSX	A	1CBI	A	D	A	77	77	81	0.3841	1.185	0.2719	0.1636	2.3649
6ZSX	A	1CBI	A	E	W	88	88	92	0.6721	-1.5578	0.2542	0.7376	3.074
6ZSX	A	1CBI	A	D	G	116	116	120	0.9139	1.5464	1.0665	-0.3391	-0.0821
6ZSX	A	1CBI	A	W	S	87	87	91	0.3552	6.2272	7.5394	9.1827	6.4433
6ZSX	A	1CBI	A	V	S	33	33	37	0.375	2.2697	-1.8833	2.8603	2.8329
6ZSX	A	1CBI	A	T	M	75	75	79	0.0479	1.2831	5.1118	1.5709	8.7666
6ZSX	A	1CBI	A	N	R	115	115	119	1.1203	0.7564	1.4911	0.6088	1.7436
6ZSX	A	1CBI	A	G	K	102	102	106	0.7765	10.0337	6.6935	7.223	-1.2796
6ZSX	A	1CBI	A	T	N	110	110	114	0.0959	-0.1186	0.5136	1.9471	4.9202
6ZSX	A	1CBI	A	L	R	28	28	32	0.4389	1.8571	1.7305	1.6581	2.1643
6ZSX	A	1CBI	A	K	D	20	20	24	0.6303	1.4028	4.1462	1.4227	1.16
6ZSX	A	1CBI	A	C	L	130	129	134	0.0	19.8383	25.6021	11.4712	58.075
6ZSX	A	1CBI	A	M	E	27	27	31	0.5882	-0.4532	-0.3505	-0.4891	-0.4811
6ZSX	A	1CBI	A	E	A	90	90	94	0.9071	0.3403	0.3848	0.1596	0.1129
6ZSX	A	1CBI	A	N	T	91	91	95	0.3354	0.9473	0.0194	0.1778	0.501
6ZSX	A	1CBI	A	V	T	58	58	62	0.8562	-0.2947	2.1272	0.7564	1.6097
6ZSX	A	1CBI	A	T	G	122	121	126	0.1575	3.3146	4.1	4.6216	4.4295
6ZSX	A	1CBI	A	N	Y	14	14	18	0.4051	-0.4537	1.7436	0.6395	1.0864
6ZSX	A	1CBI	A	N	K	2	2	6	0.2785	7.1797	2.4339	1.5048	0.9838
6ZSX	A	1CBI	A	E	K	17	17	21	0.4918	0.2383	-1.1292	-0.012	0.0165
6ZSX	A	1CBI	A	A	D	125	124	129	0.0	12.5953	7.8603	15.2179	-10.3837
6ZSX	A	1CBI	A	L	N	99	99	103	0.2611	4.4825	3.172	4.1194	2.4196
6ZSX	A	1CBI	A	K	E	66	66	70	0.3744	1.6188	2.5496	1.2044	0.2611
6ZSX	A	1CBI	A	T	C	60	60	64	0.5274	0.525	-0.0085	1.0773	1.0824
6ZSX	A	1CBI	A	E	R	69	69	73	0.5847	1.2055	0.8077	0.9023	1.2215
6ZSX	A	1CBI	A	K	D	38	38	42	0.3081	0.7991	1.5168	1.1286	0.6601
6ZSX	A	1CBI	A	F	G	71	71	75	0.1147	8.4765	7.9407	9.2642	10.3506
6ZSX	A	1CBI	A	L	Q	18	18	22	0.0056	8.0689	7.3889	6.8805	-7.5542
6ZSX	A	1CBI	A	D	F	48	48	52	0.4106	1.3686	1.1765	1.0402	2.9697
6ZSX	A	1CBI	A	I	G	120	119	124	0.1978	7.1763	7.7258	6.9574	6.0551
6ZSX	A	1CBI	A	G	M	23	23	27	0.7647	4.613	12.1735	5.6966	8.7962
6ZSX	A	1CBI	A	V	L	24	24	28	0.2125	2.0041	1.9716	2.736	6.7317
6ZSX	A	1CBI	A	A	L	34	34	38	0.5929	-0.2149	-0.0593	-0.077	0.0627
6ZSX	A	1CBI	A	L	S	121	120	125	0.0722	4.8125	8.8914	4.939	3.6947
6ZSX	A	1CBI	A	R	H	79	79	83	0.3444	2.8654	1.421	15.0343	4.0196
6ZSX	A	1CBI	A	L	N	119	118	123	0.0	6.9238	4.8986	6.2757	6.1064
6ZSX	A	1CBI	A	G	V	47	47	51	0.7059	11.2022	11.4405	10.5022	9.6558
6ZSX	A	1CBI	A	F	W	3	3	7	0.0046	5.2189	26.6418	4.9636	6.4684
6ZSX	A	1CBI	A	V	S	129	128	133	0.4	2.3547	2.6317	2.7434	2.3467
6ZSX	A	1CBI	A	C	D	81	81	85	0.0071	6.8012	7.6956	7.581	8.3494
6ZSX	A	1CBI	A	K	H	106	106	110	0.5735	0.4834	0.6355	0.8242	0.7022
6ZSX	A	1CBI	A	E	T	42	42	46	0.3333	-1.6154	-0.1351	-1.2494	-0.904
6ZSX	A	1CBI	A	S	H	55	55	59	0.2541	2.2247	-1.1976	1.5042	-0.4674
6ZSX	A	1CBI	A	I	G	43	43	47	0.0165	9.9522	10.5849	10.1295	8.9724
6ZSX	A	1CBI	A	F	R	50	50	54	0.0092	9.853	8.2405	9.5418	24.8332
6ZSX	A	1CBI	A	P	F	105	105	109	0.2238	115.2791	3.7215	10.6408	2.8928
6ZSX	A	1CBI	A	S	V	12	12	16	0.418	6.6798	3.2752	3.204	7.9304
6ZSX	A	1CBI	A	I	K	52	52	56	0.0275	7.8101	8.9017	8.3106	7.9486
6ZSX	A	1CBI	A	K	G	53	53	57	0.3318	3.0033	3.941	3.9028	4.4146
6ZSX	A	1CBI	A	E	Q	73	73	77	0.1749	-0.2816	-0.0217	0.232	0.2713
6ZSX	A	1CBI	A	T	L	107	107	111	0.0685	0.3887	3.0911	8.4542	4.0595
6ZSX	A	1CBI	A	S	M	83	83	87	0.0	25.4579	20.4949	32.2894	17.7487
6ZSX	A	1CBI	A	R	W	29	29	33	0.1245	165.2077	183.2122	188.5372	18.8248
6ZSX	A	1CBI	A	E	R	112	112	116	0.3333	1.7738	1.0465	0.3295	0.0051
7DWG	A	4J2F	A	I	T	53	54	59	0.1209	1.5219	2.1107	2.2863	2.6248
7DWG	A	4J2F	A	V	I	57	58	63	0.0125	4.275	6.0334	5.8699	4.9755
7DWG	A	4J2F	A	E	N	65	66	71	0.4044	0.4024	1.9699	1.2221	0.2417
7DWG	A	4J2F	A	H	Q	58	59	64	0.2113	5.0474	4.1063	3.5739	1.6992
7DWG	A	4J2F	A	S	W	12	13	18	0.1393	-0.696	6.551	-2.6573	-1.0009
7DWG	A	4J2F	A	L	A	36	37	42	0.3889	3.2798	3.4274	3.6913	2.4345
7DWG	A	4J2F	A	E	S	30	31	36	0.5301	1.4187	1.3036	0.4811	0.3158
7DWG	A	4J2F	A	V	A	55	56	61	0.0	4.8695	5.024	5.1232	3.0866
7DWG	A	4J2F	A	L	K	43	44	49	0.0	9.4318	11.0569	10.1745	13.1716
7DWG	A	4J2F	A	S	C	15	16	21	0.0	4.0681	1.2295	0.8333	0.9969
7DWG	A	4J2F	A	Y	K	29	30	35	0.1921	15.5314	9.6176	12.7264	9.1114
7DWG	A	4J2F	A	K	M	23	24	29	0.455	-0.5044	0.5392	10.3552	11.9421
7DWG	A	4J2F	A	K	Y	25	26	31	0.128	8.7831	5.8801	10.6459	-1.209
7DWG	A	4J2F	A	G	V	26	27	32	0.8118	9.3064	9.6478	8.4594	15.9058
7DWG	A	4J2F	A	I	W	19	20	25	0.0934	7.5662	11.8355	12.214	16.1715
7DWG	A	4J2F	A	T	G	76	77	82	0.3356	3.5756	2.3381	3.7979	3.0335
7DWG	A	4J2F	A	K	E	5	6	11	0.3081	0.6623	1.6125	1.022	2.1666
7DWG	A	4J2F	A	P	I	62	63	68	0.4336	53.9756	73.3026	52.0022	76.1571
7DWG	A	4J2F	A	I	F	69	70	75	0.0	85.6801	53.8473	69.3251	102.0004
7DWG	A	4J2F	A	D	C	35	36	41	0.5497	3.7905	-0.5119	4.5378	-0.3312
7DWG	A	4J2F	A	L	D	22	23	28	0.0	8.7826	8.3488	9.1354	7.809
7DWG	A	4J2F	A	L	T	70	71	76	0.0167	15.2481	5.0747	14.1292	31.0222
7DWG	A	4J2F	A	K	R	39	40	45	0.3412	0.2092	-0.7986	2.2298	1.3657
7DWG	A	4J2F	A	P	A	11	12	17	0.014	-6.1891	-4.3941	-5.6293	-6.742
7DWG	A	4J2F	A	K	R	51	52	57	0.436	0.2485	0.2656	0.301	0.0969
7DWG	A	4J2F	A	R	A	17	18	23	0.1079	0.7752	0.7171	2.8312	-1.4073
7DWG	A	4J2F	A	G	D	8	9	14	0.0	7.8683	21.5204	12.1724	13.8442
7DWG	A	4J2F	A	E	G	75	76	81	0.694	1.6177	1.5048	1.4045	1.7265
7DWG	A	4J2F	A	L	A	44	45	50	0.3889	1.6963	1.8833	1.7983	1.5755
7DWG	A	4J2F	A	I	H	63	64	69	0.1374	3.7375	2.4687	-3.5215	3.6953
7DWG	A	4J2F	A	N	M	38	39	44	0.7595	4.9385	2.6551	3.6685	2.3091
7DWG	A	4J2F	A	E	D	33	34	39	0.4645	1.6843	2.2361	1.7681	2.3678
7DWG	A	4J2F	A	Y	Q	46	47	52	0.1397	4.8364	5.6789	2.8563	3.3077
7DWG	A	4J2F	A	L	G	56	57	62	0.0	10.0913	10.5062	9.9516	7.4835
7DWG	A	4J2F	A	V	H	49	50	55	0.7375	1.2529	1.0482	1.3509	1.3919
7DWG	A	4J2F	A	F	E	14	15	20	0.3945	0.7655	-3.8104	1.7436	-1.5521
7DWG	A	4J2F	A	P	E	48	49	54	0.4895	6.2461	2.964	5.4612	2.5314
7DWG	A	4J2F	A	L	N	24	25	30	0.2222	3.4211	4.6352	3.029	3.4987
7DWG	A	4J2F	A	A	L	21	22	27	0.0088	23.7753	39.9376	25.5748	43.6705
7DWG	A	4J2F	A	E	W	34	35	40	0.0383	141.6319	14.4085	67.5581	46.8044
7DWG	A	4J2F	A	S	A	40	41	46	0.1885	1.8873	1.7562	2.0292	2.0395
7DWG	A	4J2F	A	E	D	71	72	77	0.2623	0.9314	1.9089	2.4567	1.4541
7DWG	A	4J2F	A	Y	A	31	32	37	0.3319	3.831	3.8435	3.5642	3.3624
7DWG	A	4J2F	A	L	I	6	7	12	0.0	48.2796	14.368	37.1657	11.9369
7DWG	A	4J2F	A	G	V	59	60	65	0.6	8.0222	34.668	96.6874	39.6914
7DWG	A	4J2F	A	S	G	66	67	72	0.082	1.5909	-0.1579	1.8086	0.7484
7DWG	A	4J2F	A	K	D	61	62	67	0.7014	1.7214	0.6412	0.7387	1.1081
7DWG	A	4J2F	A	K	L	52	53	58	0.5213	0.232	-0.9434	0.8704	-0.3118
7DWG	A	4J2F	A	N	Q	47	48	53	0.0443	15.3233	6.201	6.0557	2.8939
7DWG	A	4J2F	A	P	W	54	55	60	0.035	168.256	328.2328	159.6684	226.5089
7DWG	A	4J2F	A	P	Y	13	14	19	0.1399	0.1151	4.7281	1.6519	19.2894
7DWG	A	4J2F	A	W	G	20	21	26	0.0077	10.9503	12.5833	11.6964	6.9289
7DWG	A	4J2F	A	W	G	10	11	16	0.3012	4.6808	4.6267	6.2044	2.7366
7DWG	A	4J2F	A	Y	M	72	73	78	0.2707	8.1795	7.0195	5.2896	7.3359
7JT4	A	1F68	A	Y	M	74	734	27	0.0393	2.5456	0.9724	3.7318	14.5971
7JT4	A	1F68	A	Y	G	105	765	58	0.0568	5.5432	11.5317	9.018	8.1635
7JT4	A	1F68	A	K	E	78	738	31	0.5355	0.3181	0.9097	-0.3443	-0.6293
7JT4	A	1F68	A	L	W	77	737	30	0.0056	24.4809	17.43	21.0256	5.883
7JT4	A	1F68	A	A	V	90	750	43	0.0	39.4218	84.0271	79.8399	75.867
7JT4	A	1F68	A	L	G	81	741	34	0.0056	9.0374	7.447	8.5033	7.561
7JT4	A	1F68	A	H	Y	87	747	40	0.2474	0.4355	-1.5493	-0.3386	1.0568
7EHF	A	4RWZ	A	A	Y	86	85	86	0.1239	82.4374	75.5552	54.3786	53.9773
7EHF	A	4RWZ	A	I	C	53	52	53	0.0055	5.3711	5.7536	5.415	6.0876
7EHF	A	4RWZ	A	P	N	73	72	73	0.6713	4.2693	5.0753	4.9054	3.9404
7EHF	A	4RWZ	A	S	W	110	109	110	0.6311	-1.9038	-3.7603	-2.4869	37.054
7EHF	A	4RWZ	A	D	A	49	48	49	0.6291	0.4121	0.452	0.3112	0.0359
7EHF	A	4RWZ	A	L	V	82	81	82	0.0056	18.4577	25.6437	21.9194	8.5819
7EHF	A	4RWZ	A	F	W	83	82	83	0.0046	50.0289	16.8173	13.9616	24.4245
7EHF	A	4RWZ	A	R	E	38	37	38	0.4523	0.953	-1.7123	-0.163	-3.1869
7EHF	A	4RWZ	A	V	T	84	83	84	0.0	3.754	4.3069	3.8082	3.9524
7EHF	A	4RWZ	A	G	M	54	53	54	0.0	143.3083	38.3844	77.7172	61.9829
7EHF	A	4RWZ	A	T	K	103	102	103	0.0822	2.4584	3.1749	0.8345	-0.0536
7EHF	A	4RWZ	A	L	Y	111	110	111	0.0944	5.1864	21.8145	27.7339	19.9979
7EHF	A	4RWZ	A	D	S	31	30	31	0.0331	2.9874	-2.5929	3.1778	0.0536
7EHF	A	4RWZ	A	P	H	79	78	79	0.5175	4.5976	3.9216	4.1713	3.0461
7EHF	A	4RWZ	A	G	R	37	36	37	0.0	118.8	41.7422	128.9636	105.6865
7EHF	A	4RWZ	A	R	W	127	126	127	0.2075	-1.1913	1.2169	1.3287	19.1303
7EHF	A	4RWZ	A	A	E	96	95	96	0.354	0.9662	0.6213	1.4028	2.5194
7EHF	A	4RWZ	A	R	E	15	14	15	0.3444	3.0466	3.0563	1.5105	1.4296
7EHF	A	4RWZ	A	L	E	91	90	91	0.15	6.51	2.1215	6.6354	5.9189
7EHF	A	4RWZ	A	F	T	39	38	39	0.1468	3.4451	0.4275	3.5061	1.9226
7EHF	A	4RWZ	A	S	R	66	65	66	0.0082	42.8207	60.3083	112.8931	16.1971
7EHF	A	4RWZ	A	N	R	105	104	105	0.1076	1.1434	0.7399	3.6121	1.6918
7EHF	A	4RWZ	A	E	V	19	18	19	0.5191	0.643	1.0368	1.4877	-0.3671
7EHF	A	4RWZ	A	T	K	14	13	14	0.3288	-1.4045	3.4456	1.7602	-0.2109
7EHF	A	4RWZ	A	A	D	81	80	81	0.0	13.3636	17.5822	9.0841	8.6309
7EHF	A	4RWZ	A	R	Q	71	70	71	0.5519	0.2451	-1.8308	0.0838	0.2884
7EHF	A	4RWZ	A	G	H	77	76	77	0.0706	158.7176	163.5871	263.4791	92.9254
7EHF	A	4RWZ	A	L	F	95	94	95	0.0	1.1229	19.6661	14.714	23.6077
7EHF	A	4RWZ	A	P	A	107	106	107	0.0699	-1.437	6.3259	-2.6271	-1.3412
7EHF	A	4RWZ	A	K	V	72	71	72	0.8246	-0.0804	0.1328	0.5939	1.5874
7EHF	A	4RWZ	A	I	G	30	29	30	0.0055	10.1568	12.5531	10.069	9.637
7EHF	A	4RWZ	A	D	I	36	35	36	0.3113	4.4688	-0.1243	6.7032	23.9668
7EHF	A	4RWZ	A	L	Y	112	111	112	0.0167	27.1274	4.4768	22.442	9.9653
7EHF	A	4RWZ	A	S	K	8	9	8	0.8033	0.9416	-0.183	-0.0502	0.7929
7EHF	A	4RWZ	A	L	Q	117	116	117	0.3167	5.2468	6.4302	1.7915	6.8206
7EHF	A	4RWZ	A	A	S	114	113	114	0.0	2.1255	1.7539	0.8214	1.9106
7EHF	A	4RWZ	A	A	H	99	98	99	0.0	66.6849	110.4825	59.9201	116.8312
7EHF	A	4RWZ	A	A	H	99	98	99	0.0	66.6849	105.9795	59.9201	116.8312
7EHF	A	4RWZ	A	G	Y	76	75	76	0.6118	11.3008	10.4327	5.4834	6.9426
7EHF	A	4RWZ	A	L	Q	123	122	123	0.0	4.238	5.9035	3.5329	4.1935
7EHF	A	4RWZ	A	W	Q	108	107	108	0.4903	2.3228	2.1985	3.8355	1.1235
7EHF	A	4RWZ	A	L	I	18	17	18	0.0167	9.0157	7.9555	8.6777	19.7562
7EHF	A	4RWZ	A	W	L	11	12	11	0.5714	-0.1704	5.2161	-1.0619	0.9422
7EHF	A	4RWZ	A	T	H	34	33	34	0.0479	53.1166	10.3159	50.4883	21.3391
7EHF	A	4RWZ	A	T	H	34	33	34	0.0479	53.1166	10.3159	50.4883	21.208
7EHF	A	4RWZ	A	T	H	34	33	34	0.0479	53.1166	10.6972	50.4883	21.3391
7EHF	A	4RWZ	A	T	H	34	33	34	0.0479	53.1166	10.6972	50.4883	21.208
7EHF	A	4RWZ	A	E	H	94	93	94	0.1749	1.6524	3.766	3.1749	-0.4366
7EHF	A	4RWZ	A	E	H	94	93	94	0.1749	1.6524	3.766	3.1749	-0.1807
7EHF	A	4RWZ	A	A	I	74	73	74	0.9292	1.0157	0.6481	1.6085	4.7179
7EHF	A	4RWZ	A	G	T	33	32	33	0.1412	92.2898	4.5794	70.5221	21.4206
7EHF	A	4RWZ	A	N	D	80	79	80	0.057	6.0272	5.9229	6.2421	4.5024
7EHF	A	4RWZ	A	A	F	44	43	44	0.0088	443.5717	333.2539	446.131	261.6214
7EHF	A	4RWZ	A	T	F	50	49	50	0.0548	46.6562	5.9337	45.482	98.647
7EHF	A	4RWZ	A	Q	F	4	4	4	0.1217	1.083	5.407	1.2808	1.6467
7EHF	A	4RWZ	A	V	H	28	27	28	0.05	13.6555	12.5218	14.0254	20.5593
7EHF	A	4RWZ	A	P	Q	118	117	118	0.1399	17.2214	13.7091	21.5107	-40.8046
7EHF	A	4RWZ	A	R	M	128	127	128	0.6183	-1.6216	-0.5216	-1.0249	-0.5637
7EHF	A	4RWZ	A	G	K	35	34	35	0.2588	2.7839	1.7134	4.0624	5.3757
7EHF	A	4RWZ	A	M	W	1	1	1	0.5784	1.2751	128.2705	0.7872	0.8516
7EHF	A	4RWZ	A	V	T	122	121	122	0.0063	2.944	0.5278	1.7043	2.1067
7EHF	A	4RWZ	A	D	F	56	55	56	0.0728	1.8377	4.2368	3.0677	30.0014
7EHF	A	4RWZ	A	V	M	40	39	40	0.0	16.4924	11.5818	13.3836	40.6501
7EHF	A	4RWZ	A	P	D	92	91	92	0.1538	6.9158	4.161	7.561	6.0448
7JLZ	A	7EHF	A	L	Q	17	18	17	0.0056	4.9373	4.5321	5.2332	3.7267
7JLZ	A	7EHF	A	D	C	95	100	95	0.3245	2.2167	1.8263	2.9418	3.0769
7JLZ	A	7EHF	A	K	V	70	75	70	0.3649	-1.4353	11.111	-1.3138	-0.1134
7JLZ	A	7EHF	A	E	H	116	121	116	0.4372	1.1309	0.3129	0.5187	-1.9802
7JLZ	A	7EHF	A	G	Q	32	33	32	0.1529	168.5382	149.4346	29.8287	102.901
7JLZ	A	7EHF	A	T	W	33	34	33	0.0479	221.9187	164.4279	160.724	92.075
7JLZ	A	7EHF	A	G	A	104	109	104	0.6353	1.2295	2.1164	1.8286	-1.9192
7JLZ	A	7EHF	A	T	F	98	103	98	0.0	10.8203	-2.6362	2.1375	-1.4239
7JLZ	A	7EHF	A	R	L	37	38	37	0.0871	0.8134	-1.2449	2.6089	-1.6952
7JLZ	A	7EHF	A	V	F	39	40	39	0.0	182.5892	94.0198	220.7371	84.2038
7JLZ	A	7EHF	A	A	V	43	44	43	0.0088	34.6167	16.4798	31.4663	39.118
7JLZ	A	7EHF	A	I	L	52	53	52	0.0	4.3576	4.2283	3.3282	12.3929
7JLZ	A	7EHF	A	D	S	35	36	35	0.4106	2.3843	3.7221	2.9127	-2.3478
7JLZ	A	7EHF	A	P	G	56	61	56	0.4685	3.4012	-1.7453	2.8095	2.7816
7JLZ	A	7EHF	A	L	A	101	106	101	0.0667	5.0	0.0405	1.2027	-1.3503
7JLZ	A	7EHF	A	G	I	6	7	6	0.0471	25.3559	26.098	17.4067	28.5023
7JLZ	A	7EHF	A	R	C	66	71	66	0.4025	0.7108	0.9297	0.9838	0.2742
7JLZ	A	7EHF	A	T	F	49	50	49	0.1027	3.599	46.6562	2.8363	406.5474
7JLZ	A	7EHF	A	P	G	113	118	113	0.1469	5.6156	3.2119	4.1205	-0.6344
7JLZ	A	7EHF	A	P	R	102	107	102	0.5105	2.2583	44.9126	29.6018	123.1588
7JLZ	A	7EHF	A	E	K	89	94	89	0.2295	3.6292	9.7784	4.043	4.1325
7JLZ	A	7EHF	A	K	H	2	3	2	0.4028	0.1733	-0.8316	0.2115	2.9372
7JLZ	A	7EHF	A	V	W	27	28	27	0.0375	77.2031	55.864	72.8312	84.409
7JLZ	A	7EHF	A	P	N	87	92	87	0.0839	3.8446	5.2081	3.3807	3.9934
7JLZ	A	7EHF	A	A	V	76	81	76	0.115	31.7826	11.9996	34.1071	8.2285
7JLZ	A	7EHF	A	I	F	54	55	54	0.0	47.3881	19.9922	47.7711	28.7286
7JLZ	A	7EHF	A	D	M	30	31	30	0.0	1.091	6.1018	9.4141	6.2444
7JLZ	A	7EHF	A	L	D	31	32	31	0.0056	8.2946	7.3302	6.9985	6.677
7JLZ	A	7EHF	A	G	I	34	35	34	0.4941	9.8587	10.6408	11.6223	1.01
7JLZ	A	7EHF	A	K	I	67	72	67	0.3175	-1.2147	0.2622	-0.9143	-2.496
7JLZ	A	7EHF	A	I	C	9	10	9	0.3736	4.6022	4.4289	4.4318	-12.2824
7JLZ	A	7EHF	A	N	E	75	80	75	0.0696	4.5093	4.4032	5.7154	4.352
7JLZ	A	7EHF	A	S	Q	105	110	105	0.1803	-0.0279	-1.0488	-0.0473	-0.3141
7JLZ	A	7EHF	A	E	C	16	17	16	0.5082	1.3549	0.6487	0.9998	0.7798
7JLZ	A	7EHF	A	E	I	84	89	84	0.5246	-0.4184	0.5951	3.2011	-0.0217
7JLZ	A	7EHF	A	L	H	106	111	106	0.0111	10.7696	7.8489	22.226	-2.8734
7JLZ	A	7EHF	A	Y	K	24	25	24	0.2052	7.1484	4.2739	5.2765	6.1509
7JLZ	A	7EHF	A	L	H	107	112	107	0.1444	7.1945	6.7534	14.5669	3.925
7JLZ	A	7EHF	A	L	H	107	112	107	0.1444	7.1945	6.8109	14.5669	3.925
7JLZ	A	7EHF	A	V	H	134	139	134	0.0125	2.7884	14.4985	3.1094	-4.5104
7JLZ	A	7EHF	A	V	H	134	139	134	0.0125	2.7884	14.4985	3.1076	-4.5104
7JLZ	A	7EHF	A	V	H	134	139	134	0.0125	2.7884	14.4985	3.1094	-4.3753
7JLZ	A	7EHF	A	V	H	134	139	134	0.0125	2.7884	14.4985	3.1076	-4.3753
7JLZ	A	7EHF	A	G	F	53	54	53	0.0	59.9178	261.6004	272.9439	169.7107
7JLZ	A	7EHF	A	K	S	44	45	44	0.4597	0.6162	0.2405	0.1801	2.4692
7JLZ	A	7EHF	A	L	R	90	95	90	0.0	6.938	11.4787	9.5538	21.025
7JLZ	A	7EHF	A	L	R	90	95	90	0.0	6.938	11.4787	9.5538	21.3072
7JLZ	A	7EHF	A	L	R	90	95	90	0.0	6.938	11.4787	9.5538	21.3664
7JLZ	A	7EHF	A	K	T	59	64	59	0.8009	1.0448	-0.1072	1.4244	0.1271
7JLZ	A	7EHF	A	W	L	103	108	103	0.0309	10.9007	1.8975	4.0749	1.067
7JLZ	A	7EHF	A	G	N	36	37	36	0.0	63.962	41.2976	41.5342	7.162
7JLZ	A	7EHF	A	A	I	94	99	94	0.0	37.4826	22.6472	20.7463	15.4789
