original	template	chain_o	chain_t	wt_aa	mut_aa	res_o	res_t	res_m	rsa	ddg_o	ddg_t	ddg_af	ddg_tasser
7JSP	3HMH	A	A	M	H	1520	1539	22	0.1961	-0.71	0.046	-0.226	0.754
7JSP	3HMH	A	A	A	N	1624	1643	126	0.531	0.051	0.736	-0.161	0.284
7JSP	3HMH	A	A	V	S	1522	1541	24	0.0625	-1.646	-2.101	-1.594	-1.289
7JSP	3HMH	A	A	T	N	1590	1609	92	0.0479	-0.438	-0.592	-0.768	-0.89
7JSP	3HMH	A	A	V	Q	1515	1534	17	0.0	-0.603	-1.171	0.009	-2.152
7JSP	3HMH	A	A	S	F	1567	1586	69	0.2377	1.243	0.421	1.107	0.932
7JSP	3HMH	A	A	V	G	1545	1564	47	0.7625	-0.015	-0.014	-0.105	-0.246
7JSP	3HMH	A	A	Q	T	1613	1632	115	0.4021	-0.503	0.281	-0.276	-0.435
7JSP	3HMH	A	A	V	K	1505	1524	7	0.375	-0.63	0.116	0.401	0.444
7JSP	3HMH	A	A	N	E	1556	1575	58	0.1266	-0.282	-0.053	0.564	0.48
7JSP	3HMH	A	A	K	S	1518	1537	20	0.5024	0.178	-0.366	-1.816	-0.01
7JSP	3HMH	A	A	R	G	1554	1573	56	0.4149	-1.837	-1.898	-1.621	-1.508
7JSP	3HMH	A	A	L	C	1631	1650	133	0.5667	-0.272	0.23	-0.223	-0.168
7JSP	3HMH	A	A	N	R	1578	1597	80	0.0886	1.652	1.49	2.144	1.518
7JSP	3HMH	A	A	T	A	1516	1535	18	0.2055	0.412	0.831	0.646	-0.288
7JSP	3HMH	A	A	I	M	1553	1572	55	0.0	0.115	-0.679	-0.212	-0.296
7JSP	3HMH	A	A	T	G	1612	1631	114	0.1644	-0.689	-0.555	-0.265	-0.682
7JSP	3HMH	A	A	D	Q	1570	1589	72	0.6225	0.069	-0.17	-0.248	-0.14
7JSP	3HMH	A	A	I	K	1618	1637	120	0.011	-1.553	-0.937	-0.438	0.334
7JSP	3HMH	A	A	S	E	1525	1544	27	0.041	0.172	0.973	0.716	0.263
7JSP	3HMH	A	A	P	C	1531	1550	33	0.4126	0.054	0.499	0.124	0.259
7JSP	3HMH	A	A	P	E	1585	1604	87	0.5664	0.558	0.732	0.175	0.457
7JSP	3HMH	A	A	Y	I	1582	1601	84	0.2838	-0.432	-0.201	-1.115	-1.032
7JSP	3HMH	A	A	E	L	1627	1646	129	0.6284	0.1	0.344	-0.162	-0.005
7JSP	3HMH	A	A	Q	S	1517	1536	19	0.672	-0.111	0.304	-0.624	-0.074
7JSP	3HMH	A	A	I	R	1544	1563	46	0.022	1.083	-0.374	-1.126	1.111
7JSP	3HMH	A	A	D	N	1512	1531	14	0.1854	-0.043	-0.319	-0.078	-0.503
7JSP	3HMH	A	A	D	F	1608	1627	110	0.4238	0.496	-0.57	0.065	-0.056
7JSP	3HMH	A	A	L	W	1614	1633	116	0.0111	-0.405	0.625	0.013	-0.388
7JSP	3HMH	A	A	F	Q	1507	1526	9	0.0	-1.347	-1.53	-1.862	-1.161
7JSP	3HMH	A	A	A	T	1577	1596	79	0.4602	-0.658	-0.207	-0.481	0.21
7JSP	3HMH	A	A	D	S	1571	1590	73	0.1126	-0.011	-0.227	-0.582	-0.807
7JSP	3HMH	A	A	F	A	1528	1547	30	0.0917	-3.184	-1.975	-2.997	-1.862
7JSP	3HMH	A	A	H	R	1529	1548	31	0.2165	-0.513	-0.576	-0.633	-0.017
7JSP	3HMH	A	A	A	S	1625	1644	127	0.4513	-0.158	-0.51	-0.248	-0.693
7JSP	3HMH	A	A	T	Y	1620	1639	122	0.5548	0.251	0.048	0.637	0.357
7JSP	3HMH	A	A	N	S	1583	1602	85	0.3544	-0.178	0.146	0.13	0.005
7JSP	3HMH	A	A	C	R	1619	1638	121	0.4429	-0.226	0.327	-0.16	0.054
7JSP	3HMH	A	A	Y	G	1540	1559	42	0.1266	-3.006	-2.993	-2.374	-3.078
7JSP	3HMH	A	A	E	I	1609	1628	111	0.9508	-0.154	-0.081	-0.333	0.19
7JSP	3HMH	A	A	S	Q	1508	1527	10	0.0574	0.705	0.175	0.925	0.179
7JSP	3HMH	A	A	Q	I	1563	1582	65	0.2804	1.253	0.474	1.987	0.723
7JSP	3HMH	A	A	N	I	1513	1532	15	0.519	-0.147	0.258	-0.141	-0.027
7JSP	3HMH	A	A	F	S	1536	1555	38	0.7523	-0.16	-0.758	-0.314	-1.079
7JSP	3HMH	A	A	T	Q	1605	1624	107	0.7329	0.265	-0.131	0.151	0.036
7JSP	3HMH	A	A	I	T	1575	1594	77	0.022	-3.205	-2.416	-2.839	-2.274
7JSP	3HMH	A	A	E	H	1606	1625	108	0.7213	0.047	-0.068	-0.163	-0.528
7JSP	3HMH	A	A	E	H	1551	1570	53	0.4973	-0.197	-0.672	-0.368	-0.345
7JSP	3HMH	A	A	N	L	1533	1552	35	0.4367	0.053	0.392	0.799	-0.038
7JSP	3HMH	A	A	F	T	1568	1587	70	0.0	-2.569	-2.825	-3.033	-2.968
7JSP	3HMH	A	A	I	H	1510	1529	12	0.1319	-0.345	-0.632	-0.739	-0.569
7JSP	3HMH	A	A	K	S	1581	1600	83	0.654	-0.626	-1.126	-0.65	-0.742
7JSP	3HMH	A	A	S	V	1558	1577	60	0.6885	-0.061	0.139	-0.102	0.182
7JSP	3HMH	A	A	K	G	1534	1553	36	0.6398	-1.287	-1.25	-0.119	-0.598
7JSP	3HMH	A	A	N	M	1598	1617	100	0.3418	1.011	0.448	0.666	0.562
7JSP	3HMH	A	A	K	H	1559	1578	61	0.6445	0.122	-1.081	0.051	-0.23
7JSP	3HMH	A	A	H	V	1530	1549	32	0.5619	0.135	0.469	0.232	-0.055
7JSP	3HMH	A	A	R	D	1565	1584	67	0.2697	-0.161	0.151	-0.443	-0.095
7JSP	3HMH	A	A	Q	M	1504	1523	6	0.0529	1.749	0.459	1.245	0.785
7JSP	3HMH	A	A	T	S	1603	1622	105	0.0822	-0.471	-0.811	-0.195	-0.822
7JSP	3HMH	A	A	D	W	1549	1568	51	0.0397	-0.367	-0.286	0.211	0.716
7JSP	3HMH	A	A	D	A	1539	1558	41	0.5099	-0.288	0.204	-0.042	0.054
7JSP	3HMH	A	A	I	T	1514	1533	16	0.0165	-3.932	-2.385	-3.518	-2.287
7JSP	3HMH	A	A	Y	R	1589	1608	91	0.4323	-0.403	-0.596	0.007	0.679
7JSP	3HMH	A	A	Y	H	1562	1581	64	0.0044	-0.265	-0.656	-0.039	0.027
7JSP	3HMH	A	A	L	S	1611	1630	113	0.0	-3.695	-3.979	-3.857	-3.892
7JSP	3HMH	A	A	V	K	1532	1551	34	0.2313	0.8	0.456	0.733	0.614
7JSP	3HMH	A	A	G	A	1584	1603	86	0.2353	-0.701	-1.379	-1.015	-1.196
7JSP	3HMH	A	A	E	V	1623	1642	125	0.6776	-0.485	-0.08	-0.373	-0.198
7JSP	3HMH	A	A	H	C	1560	1579	62	0.3763	-0.572	-0.475	-0.005	-0.944
7JSP	3HMH	A	A	L	D	1574	1593	76	0.2278	-0.837	-0.715	-0.901	-0.31
7JSP	3HMH	A	A	I	C	1557	1576	59	0.022	-2.242	-0.949	-1.079	-1.198
7JSP	3HMH	A	A	E	C	1566	1585	68	0.7705	0.156	-0.083	-0.153	-0.328
7JSP	3HMH	A	A	K	H	1555	1574	57	0.5735	0.18	-0.007	-0.305	0.371
7JSP	3HMH	A	A	K	W	1622	1641	124	0.4645	0.969	0.786	0.277	-0.259
7JSP	3HMH	A	A	L	T	1576	1595	78	0.1056	-1.608	-1.406	-1.57	-1.788
7JSP	3HMH	A	A	E	R	1615	1634	117	0.2295	-0.602	-0.054	0.284	0.008
7JSP	3HMH	A	A	A	C	1593	1612	95	0.0	-0.138	0.206	-1.124	0.107
7JSP	3HMH	A	A	P	N	1527	1546	29	0.1958	0.63	0.296	0.909	0.532
7JSP	3HMH	A	A	Y	F	1607	1626	109	0.4323	-0.074	0.066	0.356	-0.931
7JSP	3HMH	A	A	A	S	1629	1648	131	0.5133	-0.745	0.449	-0.482	-0.558
7JSP	3HMH	A	A	N	S	1573	1592	75	0.3544	-0.405	-0.85	-0.495	-0.487
7JSP	3HMH	A	A	N	F	1546	1565	48	0.6519	0.492	0.142	0.44	0.44
7JSP	3HMH	A	A	K	R	1542	1561	44	0.8057	-0.11	-0.068	-0.194	-0.109
7JSP	3HMH	A	A	P	Q	1547	1566	49	0.3566	1.177	0.963	0.861	0.087
7JSP	3HMH	A	A	F	M	1509	1528	11	0.5734	-0.408	-0.521	-0.332	-0.348
7AEN	2YV8	A	A	F	W	97	104	91	0.0321	0.51	0.99	0.616	0.56
7AEN	2YV8	A	A	D	G	28	35	22	0.3113	-0.064	-0.058	0.47	-0.097
7AEN	2YV8	A	A	R	D	59	66	53	0.3983	-0.222	-0.197	-0.106	-0.751
7AEN	2YV8	A	A	H	S	128	135	122	0.2113	-0.947	-1.26	-0.802	-1.458
7AEN	2YV8	A	A	A	R	63	70	57	0.0265	-0.123	0.161	0.313	0.39
7AEN	2YV8	A	A	E	G	84	91	78	0.6066	-0.665	-0.742	-0.335	-0.063
7AEN	2YV8	A	A	D	M	136	143	130	0.457	0.792	0.82	0.321	0.58
7AEN	2YV8	A	A	H	L	147	154	141	0.4742	0.594	0.851	0.068	0.251
7AEN	2YV8	A	A	G	M	21	28	15	0.1412	1.381	1.165	0.605	0.672
7AEN	2YV8	A	A	M	G	108	115	102	0.0441	-1.116	-0.548	-1.203	-0.919
7AEN	2YV8	A	A	S	K	152	159	146	0.1475	1.597	1.177	1.096	1.708
7AEN	2YV8	A	A	V	Y	48	55	42	0.0063	-0.172	-0.487	-0.626	0.13
7AEN	2YV8	A	A	P	S	68	75	62	0.0	-0.363	0.054	0.802	0.067
7AEN	2YV8	A	A	T	C	92	99	86	0.2329	0.266	0.494	0.291	0.171
7AEN	2YV8	A	A	V	R	62	69	56	0.0063	-0.641	-0.66	-0.726	-0.638
7AEN	2YV8	A	A	I	N	12	19	6	0.3187	0.057	-0.186	-0.281	-0.132
7AEN	2YV8	A	A	R	W	72	79	66	0.9336	0.46	-0.737	-0.487	-0.193
7AEN	2YV8	A	A	P	T	29	36	23	0.2448	-0.043	0.5	0.024	-0.176
7AEN	2YV8	A	A	Y	V	126	133	120	0.0044	-0.106	-0.193	-0.651	-0.32
7AEN	2YV8	A	A	S	Y	155	162	149	0.3852	0.202	0.02	0.118	0.525
7AEN	2YV8	A	A	V	Y	109	116	103	0.0	-0.633	-0.401	-0.527	0.632
7AEN	2YV8	A	A	I	M	91	98	85	0.3516	-0.005	-0.399	0.196	0.501
7AEN	2YV8	A	A	H	M	38	45	32	0.2474	-0.438	-0.432	-0.966	0.549
7AEN	2YV8	A	A	G	Q	53	60	47	0.2118	-0.787	-0.936	-0.392	0.061
7AEN	2YV8	A	A	F	R	64	71	58	0.0	-1.137	-1.223	-1.562	0.314
7AEN	2YV8	A	A	D	Q	112	119	106	0.457	-0.157	-0.232	-0.213	-0.107
7AEN	2YV8	A	A	V	G	144	151	138	0.0312	-1.881	-1.419	-2.055	0.056
7AEN	2YV8	A	A	N	Q	14	21	8	0.7025	0.404	0.026	0.69	-0.543
7AEN	2YV8	A	A	F	V	151	158	145	0.0	-1.252	-0.684	-1.429	-1.326
7AEN	2YV8	A	A	I	K	149	156	143	0.0	-1.475	-1.203	-1.868	-1.517
7AEN	2YV8	A	A	K	E	111	118	105	0.2322	-0.157	0.149	0.16	-0.203
7AEN	2YV8	A	A	I	E	135	142	129	0.033	-1.168	-1.814	-3.314	-3.213
7AEN	2YV8	A	A	E	H	89	96	83	0.5027	0.906	0.355	0.184	-0.322
7AEN	2YV8	A	A	T	R	137	144	131	0.0342	-0.113	0.775	1.321	0.955
7AEN	2YV8	A	A	G	Q	139	146	133	0.0	-0.522	-0.449	0.006	1.023
7AEN	2YV8	A	A	N	L	67	74	61	0.0	1.65	2.237	1.665	1.124
7AEN	2YV8	A	A	Y	H	13	20	7	0.5895	-0.011	0.085	0.219	-0.495
7AEN	2YV8	A	A	I	N	35	42	29	0.0	-2.869	-2.591	-2.883	-3.044
7AEN	2YV8	A	A	D	E	61	68	55	0.245	-0.62	-0.077	0.215	0.243
7AEN	2YV8	A	A	S	E	41	48	35	0.5984	0.399	0.363	0.681	0.616
7AEN	2YV8	A	A	K	W	71	78	65	0.5166	0.251	0.711	0.176	0.554
7AEN	2YV8	A	A	G	Y	74	81	68	0.1765	0.221	0.768	1.31	0.969
7AEN	2YV8	A	A	G	H	30	37	24	0.1882	-0.649	-0.05	-0.286	0.416
7AEN	2YV8	A	A	N	D	79	86	73	0.019	-0.271	0.878	0.064	-1.139
7AEN	2YV8	A	A	P	A	58	65	52	0.5944	0.304	0.345	0.492	0.638
7AEN	2YV8	A	A	F	V	114	121	108	0.0046	-1.803	-1.211	-1.55	-1.373
7AEN	2YV8	A	A	I	T	33	40	27	0.0	-2.9	-2.571	-3.019	-2.176
7AEN	2YV8	A	A	P	L	96	103	90	0.3147	1.192	0.956	0.821	0.763
7AEN	2YV8	A	A	I	V	146	153	140	0.0495	-1.293	-1.577	-1.133	0.988
7AEN	2YV8	A	A	L	D	27	34	21	0.0111	-3.692	-1.517	-2.933	-1.862
7AEN	2YV8	A	A	F	G	70	77	64	0.0642	-3.387	-3.84	-3.586	-2.383
7AEN	2YV8	A	A	F	Y	103	110	97	0.0505	0.32	-0.169	0.405	0.81
7AEN	2YV8	A	A	K	H	85	92	79	0.673	0.517	-0.074	0.027	-0.235
7AEN	2YV8	A	A	E	H	90	97	84	0.2678	-0.046	-0.139	0.041	-0.27
7AEN	2YV8	A	A	I	K	11	18	5	0.2747	-0.049	0.043	0.035	-0.288
7AEN	2YV8	A	A	L	E	110	117	104	0.0	-0.661	-0.086	0.852	0.215
7AEN	2YV8	A	A	S	D	54	61	48	0.6311	1.343	1.099	0.302	-0.011
7AEN	2YV8	A	A	I	T	76	83	70	0.0	-3.067	-2.643	-2.526	-2.848
7AEN	2YV8	A	A	N	D	83	90	77	0.6835	0.13	-0.028	-0.214	-0.168
7AEN	2YV8	A	A	G	Q	131	138	125	0.2824	0.237	-0.104	0.196	-0.63
7AEN	2YV8	A	A	G	C	87	94	81	0.4941	0.41	1.022	0.724	-1.248
7AEN	2YV8	A	A	I	H	23	30	17	0.0495	-0.646	0.114	-0.579	-1.297
7AEN	2YV8	A	A	E	Q	100	107	94	0.6011	-1.177	0.425	-0.311	-0.077
7AEN	2YV8	A	A	N	Y	145	152	139	0.5443	0.949	0.405	1.016	-0.095
7AEN	2YV8	A	A	I	C	82	89	76	0.4011	-0.417	-0.54	-0.219	-0.113
7AEN	2YV8	A	A	H	R	122	129	116	0.3763	-0.213	-0.035	0.018	-0.057
7AEN	2YV8	A	A	V	N	77	84	71	0.0187	-1.332	-1.406	-1.529	0.095
7AEN	2YV8	A	A	K	L	134	141	128	0.5498	-0.039	0.591	0.219	0.32
7AEN	2YV8	A	A	Q	E	115	122	109	0.0476	-0.086	-0.111	1.137	0.153
7AEN	2YV8	A	A	R	N	129	136	123	0.3402	-0.032	-0.036	-0.161	0.436
7AEN	2YV8	A	A	Y	C	141	148	135	0.214	-0.217	-0.649	-0.772	-0.033
7AEN	2YV8	A	A	P	L	24	31	18	0.5874	-0.193	-0.173	0.085	0.296
7AEN	2YV8	A	A	L	M	32	39	26	0.3056	-0.411	-0.193	-0.121	0.532
7AEN	2YV8	A	A	T	Y	31	38	25	0.0	-0.884	0.602	-0.529	0.609
7AEN	2YV8	A	A	K	W	143	150	137	0.5118	-0.331	-0.108	0.007	0.224
7AEN	2YV8	A	A	V	A	20	27	14	0.3812	-0.796	-0.334	-0.331	-0.076
7AEN	2YV8	A	A	I	M	17	24	11	0.2308	0.033	0.128	-0.545	-0.291
7AEN	2YV8	A	A	A	G	43	50	37	0.0	-0.906	-1.03	-1.567	-0.367
7AEN	2YV8	A	A	L	I	50	57	44	0.0	0.594	1.683	0.522	0.959
7AEN	2YV8	A	A	N	C	119	126	113	0.5696	-0.221	0.069	0.286	0.218
7AEN	2YV8	A	A	N	I	10	17	4	0.2595	-0.182	1.402	0.063	0.14
7AEN	2YV8	A	A	G	R	142	149	136	0.5176	0.812	0.052	0.073	1.047
7AEN	2YV8	A	A	W	A	86	93	80	0.3938	-1.34	-1.75	-1.199	-0.901
7AEN	2YV8	A	A	A	T	60	67	54	0.0708	0.51	1.462	1.34	0.041
7AEN	2YV8	A	A	Q	N	26	33	20	0.4709	-0.713	-0.014	-0.029	-0.178
7AEN	2YV8	A	A	A	D	73	80	67	0.7699	-0.069	0.358	-0.009	0.268
7AEN	2YV8	A	A	S	Q	55	62	49	0.4426	-0.656	0.136	0.076	0.068
7AEN	2YV8	A	A	V	I	39	46	33	0.0	0.258	0.637	0.508	0.592
7AEN	2YV8	A	A	V	A	118	125	112	0.0063	-1.529	-2.032	-2.251	-1.196
7AEN	2YV8	A	A	V	N	34	41	28	0.0688	-2.6	-1.288	-1.488	-0.737
7AEN	2YV8	A	A	E	L	104	111	98	0.3224	-0.502	1.103	-0.033	0.563
7AEN	2YV8	A	A	L	E	138	145	132	0.0	-2.888	-2.833	-2.808	-2.454
7AEN	2YV8	A	A	Q	K	51	58	45	0.0529	2.297	0.976	1.955	0.586
7AEN	2YV8	A	A	C	F	78	85	72	0.0143	0.212	0.403	0.664	1.243
7JUO	4BHW	F	A	P	W	1087	1051	8	0.2098	0.387	1.508	1.531	1.879
7JUO	4BHW	F	A	L	S	1142	1106	63	0.0278	-3.322	-3.65	-2.846	-3.511
7JUO	4BHW	F	A	K	W	1139	1103	60	0.0664	0.008	0.372	0.011	0.065
7JUO	4BHW	F	A	Q	D	1113	1077	34	0.6138	-0.062	-0.038	-0.121	-0.326
7JUO	4BHW	F	A	A	T	1164	1128	85	0.0265	-0.398	0.971	0.687	0.71
7JUO	4BHW	F	A	Q	A	1148	1112	69	0.2487	-0.19	-0.07	-0.135	-0.075
7JUO	4BHW	F	A	I	N	1128	1092	49	0.3956	-0.775	-0.742	-0.53	-0.842
7JUO	4BHW	F	A	A	N	1100	1064	21	0.0442	0.206	-0.633	0.235	-0.381
7JUO	4BHW	F	A	Q	L	1092	1056	13	0.5132	0.513	0.16	0.094	0.716
7JUO	4BHW	F	A	K	M	1083	1047	4	0.8246	-0.515	0.25	-0.332	-0.143
7JUO	4BHW	F	A	E	D	1149	1113	70	0.3716	0.025	0.451	-0.235	-0.35
7JUO	4BHW	F	A	I	M	1084	1048	5	0.8791	0.707	0.451	-0.117	-0.344
7JUO	4BHW	F	A	K	L	1170	1134	91	0.7678	0.055	-0.535	0.074	0.673
7JUO	4BHW	F	A	S	N	1108	1072	29	0.0	-0.362	-0.18	0.48	-0.002
7JUO	4BHW	F	A	R	N	1173	1137	94	0.7842	-0.225	-0.109	0.145	0.2
7JUO	4BHW	F	A	C	Q	1178	1142	99	0.0	0.121	-0.202	0.513	0.746
7JUO	4BHW	F	A	Q	I	1118	1082	39	0.1852	0.627	-0.008	0.176	0.072
7JUO	4BHW	F	A	L	D	1120	1084	41	0.6056	0.03	-0.618	-0.47	-1.071
7JUO	4BHW	F	A	P	H	1114	1078	35	0.3287	0.506	0.725	0.167	-0.211
7JUO	4BHW	F	A	T	L	1097	1061	18	0.0068	1.676	0.649	1.207	1.831
7JUO	4BHW	F	A	D	T	1105	1069	26	0.3709	0.619	0.505	0.2	0.385
7JUO	4BHW	F	A	W	T	1165	1129	86	0.2548	-1.944	-1.693	-1.958	-1.482
7JUO	4BHW	F	A	N	Q	1163	1127	84	0.0823	0.282	0.689	0.184	0.723
7JUO	4BHW	F	A	G	D	1145	1109	66	0.1059	0.764	-0.618	-0.281	-0.309
7JUO	4BHW	F	A	R	G	1103	1067	24	0.4938	-0.562	-0.148	0.146	-0.44
7JUO	4BHW	F	A	L	E	1159	1123	80	0.2444	-1.294	0.082	-1.075	-0.633
7JUO	4BHW	F	A	W	D	1151	1115	72	0.5444	0.039	-2.9	-0.564	-0.359
7JUO	4BHW	F	A	R	E	1140	1104	61	0.3029	-0.429	0.024	0.466	-0.366
7JUO	4BHW	F	A	P	H	1132	1096	53	0.2587	1.034	0.242	0.835	0.988
7JUO	4BHW	F	A	Q	E	1104	1068	25	0.1164	-0.393	0.108	-0.342	0.244
7JUO	4BHW	F	A	L	H	1101	1065	22	0.0	-1.888	-2.813	-2.789	-1.087
7JUO	4BHW	F	A	W	L	1158	1122	79	0.2703	-0.493	-1.429	-0.175	-0.564
7JUO	4BHW	F	A	L	S	1090	1054	11	0.0222	-3.176	-2.721	-3.868	-3.764
7JUO	4BHW	F	A	E	Y	1107	1071	28	0.235	0.307	0.986	0.857	1.294
7JUO	4BHW	F	A	D	W	1127	1091	48	0.5629	0.072	0.011	0.035	0.071
7JUO	4BHW	F	A	E	D	1188	1152	109	0.3716	-1.21	-0.51	-0.277	-0.882
7JUO	4BHW	F	A	Y	W	1167	1131	88	0.2009	-0.096	0.074	-0.305	0.875
7JUO	4BHW	F	A	V	M	1192	1156	113	0.1875	-0.145	0.316	-0.288	0.277
7JUO	4BHW	F	A	I	Y	1122	1086	43	0.2637	0.789	-0.241	-0.548	-0.064
7JUO	4BHW	F	A	R	M	1112	1076	33	0.0581	-0.39	-0.297	-0.1	-1.187
7JUO	4BHW	F	A	P	F	1123	1087	44	0.6084	0.485	0.417	0.493	0.712
7JUO	4BHW	F	A	L	H	1166	1130	87	0.5833	-0.306	-0.41	-0.156	-0.618
7JUO	4BHW	F	A	K	Q	1086	1050	7	0.5545	-0.246	0.498	-0.103	-0.064
7JUO	4BHW	F	A	D	Y	1155	1119	76	0.5695	0.667	0.071	0.076	0.292
7JUO	4BHW	F	A	Y	F	1125	1089	46	0.083	0.111	-0.392	0.581	0.473
7JUO	4BHW	F	A	T	V	1137	1101	58	0.137	0.637	0.532	0.872	0.367
7JUO	4BHW	F	A	D	A	1143	1107	64	0.1325	0.094	-0.191	-0.512	-0.587
7JUO	4BHW	F	A	P	Y	1106	1070	27	0.4545	-0.024	-0.188	0.365	-0.137
7JUO	4BHW	F	A	F	V	1111	1075	32	0.0688	-1.826	-1.785	-2.173	-0.765
7JUO	4BHW	F	A	K	W	1180	1144	101	0.3223	-0.118	-0.07	0.757	-0.554
7JUO	4BHW	F	A	P	V	1110	1074	31	0.2797	0.904	0.924	1.437	1.209
7JUO	4BHW	F	A	E	H	1183	1147	104	0.6011	0.82	1.392	0.315	-0.297
7JUO	4BHW	F	A	M	H	1095	1059	16	0.049	-0.423	-0.712	-0.492	-0.568
7JUO	4BHW	F	A	V	Q	1154	1118	75	0.1437	-0.133	-0.643	-0.501	0.298
7JUO	4BHW	F	A	E	V	1089	1053	10	0.4317	0.468	0.001	-0.146	0.139
7JUO	4BHW	F	A	S	T	1172	1136	93	0.3197	0.218	-0.625	0.121	0.236
7JUO	4BHW	F	A	T	R	1171	1135	92	0.8493	-0.458	-0.36	-0.043	0.004
7JUO	4BHW	F	A	F	V	1126	1090	47	0.0413	-0.907	-1.029	-1.336	0.246
7JUO	4BHW	F	A	L	V	1119	1083	40	0.3833	0.553	0.353	0.115	-0.168
7JUO	4BHW	F	A	K	D	1176	1140	97	0.673	-0.631	0.355	0.135	0.063
7JUO	4BHW	F	A	D	E	1156	1120	77	0.1391	0.546	-0.205	-0.115	0.544
7JUO	4BHW	F	A	I	S	1138	1102	59	0.0	-3.118	-3.861	-4.14	-4.148
7JUO	4BHW	F	A	E	L	1186	1150	107	0.5355	0.684	-0.222	0.249	0.643
7JUO	4BHW	F	A	Q	Y	1194	1158	115	0.8889	0.357	-0.287	0.306	0.242
7JUO	4BHW	F	A	N	K	1168	1132	89	0.2152	0.886	1.3	1.515	-0.538
7JUO	4BHW	F	A	M	Y	1193	1157	114	0.3137	-0.58	-0.911	-0.586	1.026
7JUO	4BHW	F	A	L	Y	1094	1058	15	0.0	-0.42	-1.192	-0.659	-1.511
7JUO	4BHW	F	A	Y	F	1175	1139	96	0.2009	-0.234	-0.084	-0.293	-0.173
7JUO	4BHW	F	A	M	T	1133	1097	54	0.1422	-0.665	-1.514	-0.707	-0.508
7JUO	4BHW	F	A	P	Q	1191	1155	112	0.5245	0.373	0.201	0.595	0.31
7JUO	4BHW	F	A	Y	F	1102	1066	23	0.0218	-0.344	-0.26	-0.823	0.09
7JUO	4BHW	F	A	L	T	1181	1145	102	0.0	-2.91	-2.561	-3.113	-1.895
7A2U	3UF4	A	A	S	H	102	102	20	0.5902	-0.591	0.385	0.343	1.161
7A2U	3UF4	A	A	L	V	101	101	19	0.1167	-0.913	-1.404	-1.383	0.736
7A2U	3UF4	A	A	D	R	142	142	60	1.1391	0.8	1.03	0.454	0.453
7A2U	3UF4	A	A	K	D	105	105	23	0.7014	-0.024	-0.544	0.489	0.256
7A2U	3UF4	A	A	V	G	88	88	6	0.225	-1.664	-1.921	-1.402	-0.506
7A2U	3UF4	A	A	H	Q	104	104	22	0.634	0.153	0.301	0.378	-0.207
7A2U	3UF4	A	A	F	M	103	103	21	0.0275	-0.445	0.189	-0.623	0.152
7A2U	3UF4	A	A	I	G	133	133	51	0.0	-2.467	-2.461	-3.039	-2.801
7A2U	3UF4	A	A	V	G	138	138	56	0.0813	-1.87	-1.103	-2.568	-2.262
7A2U	3UF4	A	A	Y	K	132	132	50	0.345	0.129	0.259	0.191	-0.229
7A2U	3UF4	A	A	P	Q	140	140	58	0.4476	1.17	1.1	0.612	-0.283
7A2U	3UF4	A	A	A	K	139	139	57	0.2566	0.5	0.327	0.546	-0.379
7A2U	3UF4	A	A	Y	N	137	137	55	0.3668	-1.466	-0.781	-1.301	-0.601
7A2U	3UF4	A	A	V	C	141	141	59	0.3	-0.287	-1.089	-0.192	-0.834
7A2U	3UF4	A	A	A	Y	122	122	40	0.0	-1.262	-0.283	0.665	0.992
7A2U	3UF4	A	A	S	H	124	124	42	0.0164	1.733	1.262	-0.292	0.55
7A2U	3UF4	A	A	T	Q	126	126	44	0.7329	0.791	-0.153	-0.159	-0.488
7A2U	3UF4	A	A	N	D	136	136	54	0.8354	0.183	-0.28	-0.076	0.269
7A2U	3UF4	A	A	E	T	116	116	34	0.8087	0.308	0.139	-0.18	-0.417
7A2U	3UF4	A	A	K	D	108	108	26	0.4645	-0.184	0.167	-0.407	0.339
7A2U	3UF4	A	A	Y	Q	93	93	11	0.1528	-1.788	-1.488	-1.032	-1.958
7A2U	3UF4	A	A	L	N	86	86	4	0.2944	-1.358	-0.965	-1.41	-0.429
7A2U	3UF4	A	A	E	Q	121	121	39	0.3005	0.094	0.367	0.372	-0.398
7A2U	3UF4	A	A	E	N	98	98	16	1.0929	-0.164	-0.358	-0.07	0.408
7A2U	3UF4	A	A	P	Q	134	134	52	0.0839	1.072	0.914	0.954	0.229
7A2U	3UF4	A	A	S	T	135	135	53	0.1311	0.984	1.38	0.649	0.299
7A2U	3UF4	A	A	G	A	117	117	35	0.5529	-0.683	0.524	0.161	-0.206
7A2U	3UF4	A	A	L	D	90	90	8	0.3333	-0.279	-0.764	-0.337	-0.115
7A2U	3UF4	A	A	D	T	118	118	36	0.6689	-0.081	-0.47	-0.385	-0.212
7A2U	3UF4	A	A	L	M	125	125	43	0.4222	-0.276	-0.183	-0.256	-0.013
7A2U	3UF4	A	A	A	H	95	95	13	0.3097	0.747	0.218	0.52	0.074
7A2U	3UF4	A	A	W	Q	119	119	37	0.3707	-0.801	-1.284	-0.818	-1.21
7A2U	3UF4	A	A	R	M	96	96	14	0.3693	-0.203	-0.273	-0.196	-0.049
7A2U	3UF4	A	A	W	N	120	120	38	0.166	-2.215	-1.624	-1.849	-2.392
7A2U	3UF4	A	A	R	C	123	123	41	0.3817	-1.213	-0.781	0.2	-0.537
7A2U	3UF4	A	A	F	Q	87	87	5	0.0872	-1.688	-1.572	-1.765	-2.483
7A2U	3UF4	A	A	G	R	131	131	49	0.0941	0.952	0.561	1.18	0.245
7CXD	7DF6	A	A	P	R	125	127	9	0.3916	0.213	0.719	-0.029	0.736
7CXD	7DF6	A	A	F	G	169	171	53	0.0046	-2.777	-2.019	-2.602	-2.282
7CXD	7DF6	A	A	D	Y	166	168	50	0.2649	0.591	1.463	1.143	0.412
7CXD	7DF6	A	A	F	V	204	206	88	0.0138	0.034	-0.584	-0.357	-0.016
7CXD	7DF6	A	A	I	A	146	148	30	0.0	-1.96	-2.563	-2.47	-2.557
7CXD	7DF6	A	A	V	Y	216	218	100	0.0	-0.515	-0.689	-0.327	-0.551
7CXD	7DF6	A	A	E	S	196	198	80	0.4754	0.287	-0.245	-0.211	-0.671
7CXD	7DF6	A	A	T	N	187	189	71	0.0137	-0.958	-1.117	-0.4	-0.415
7CXD	7DF6	A	A	Y	V	233	235	117	0.0044	-1.302	-1.6	-1.13	-1.464
7CXD	7DF6	A	A	G	K	136	138	20	0.4588	0.531	-0.955	-1.344	-1.131
7CXD	7DF6	A	A	H	W	235	237	119	0.0412	2.079	0.592	0.44	2.342
7CXD	7DF6	A	A	Q	D	199	201	83	0.3175	-0.266	-0.034	-0.05	-0.067
7CXD	7DF6	A	A	N	F	179	181	63	0.8861	-0.023	-0.056	-0.168	-0.141
7CXD	7DF6	A	A	P	L	173	175	57	0.0	2.312	2.14	2.281	2.501
7CXD	7DF6	A	A	F	K	171	173	55	0.0046	-1.273	-1.772	-1.755	-1.387
7CXD	7DF6	A	A	T	A	127	129	11	0.2877	0.578	-0.037	0.778	-0.067
7CXD	7DF6	A	A	D	T	219	221	103	0.755	0.018	-0.307	-0.015	-0.375
7CXD	7DF6	A	A	C	Q	185	187	69	0.0214	-1.303	-0.291	0.032	-0.436
7CXD	7DF6	A	A	I	N	252	254	136	0.011	-1.038	-1.488	-1.259	-1.563
7CXD	7DF6	A	A	F	E	175	177	59	0.078	-1.832	-1.804	-1.715	-0.046
7CXD	7DF6	A	A	G	R	247	249	131	0.0	0.522	0.356	0.403	0.441
7CXD	7DF6	A	A	H	W	220	222	104	0.1701	0.539	0.343	1.238	0.453
7CXD	7DF6	A	A	I	L	248	250	132	0.0	0.061	0.467	-0.354	-0.092
7CXD	7DF6	A	A	T	L	253	255	137	0.4932	-0.134	0.784	0.469	0.259
7CXD	7DF6	A	A	E	V	197	199	81	0.4208	0.656	0.747	0.104	1.21
7CXD	7DF6	A	A	M	V	142	144	26	0.0392	-1.234	-0.621	-1.214	-0.483
7CXD	7DF6	A	A	M	Q	237	239	121	0.0735	-0.352	-0.008	-0.18	-0.129
7CXD	7DF6	A	A	E	S	217	219	101	0.3005	-0.825	-0.28	-0.929	-0.97
7CXD	7DF6	A	A	N	G	186	188	70	0.0253	-0.038	0.552	-0.511	-0.548
7CXD	7DF6	A	A	W	Y	193	195	77	0.4208	-1.401	-1.089	-0.328	-0.378
7CXD	7DF6	A	A	Q	A	232	234	116	0.5132	-0.375	-0.478	-0.146	-0.353
7CXD	7DF6	A	A	G	I	137	139	21	0.0	-0.835	0.73	-0.153	1.143
7CXD	7DF6	A	A	N	Y	192	194	76	0.6835	0.667	0.647	0.67	0.44
7CXD	7DF6	A	A	N	M	191	193	75	0.6646	0.322	0.152	-0.225	0.372
7CXD	7DF6	A	A	I	Y	157	159	41	0.0	-0.367	-1.245	-1.033	1.335
7CXD	7DF6	A	A	N	E	176	178	60	0.6266	0.06	0.031	0.055	0.08
7CXD	7DF6	A	A	I	N	212	214	96	0.0	-3.254	-3.111	-2.858	-2.976
7CXD	7DF6	A	A	S	E	206	208	90	0.3689	0.948	0.186	0.328	0.064
7CXD	7DF6	A	A	L	C	215	217	99	0.1	-0.559	-0.364	-0.423	-0.726
7CXD	7DF6	A	A	M	W	139	141	23	0.1961	0.048	0.344	-0.114	-0.594
7CXD	7DF6	A	A	R	T	241	243	125	0.6639	-0.415	-0.145	0.048	-0.153
7CXD	7DF6	A	A	E	I	205	207	89	0.5301	0.022	0.109	0.281	0.296
7CXD	7DF6	A	A	K	S	151	153	35	0.4408	-0.717	-0.759	-0.309	-0.724
7CXD	7DF6	A	A	P	L	209	211	93	0.6364	0.698	0.797	0.685	1.557
7CXD	7DF6	A	A	N	R	239	241	123	0.557	0.341	-0.109	-0.143	0.012
7CXD	7DF6	A	A	F	Y	161	163	45	0.0	0.143	-0.073	0.145	-0.034
7CXD	7DF6	A	A	F	H	221	223	105	0.0092	-1.187	-0.195	-1.267	-0.791
7CXD	7DF6	A	A	E	N	242	244	126	0.6995	0.064	-0.265	-0.485	-0.146
7CXD	7DF6	A	A	H	V	229	231	113	0.5515	0.328	0.642	0.408	0.28
7CXD	7DF6	A	A	K	A	188	190	72	0.218	-0.276	-0.178	-0.396	-0.711
7CXD	7DF6	A	A	T	G	255	257	139	0.3356	-0.2	-0.319	-0.778	-0.574
7CXD	7DF6	A	A	R	V	174	176	58	0.2448	0.653	0.357	0.192	0.015
7CXD	7DF6	A	A	N	M	172	174	56	0.0823	0.471	0.957	0.237	0.016
7CXD	7DF6	A	A	P	V	135	137	19	0.8531	0.286	-0.408	-0.398	0.028
7CXD	7DF6	A	A	K	N	208	210	92	0.5829	0.401	-0.302	0.015	0.278
7CXD	7DF6	A	A	A	M	168	170	52	0.0265	0.232	0.194	0.779	0.896
7CXD	7DF6	A	A	Q	H	213	215	97	0.1905	1.053	0.533	1.199	1.075
7CXD	7DF6	A	A	N	I	226	228	110	0.443	0.152	-0.064	0.264	0.168
7CXD	7DF6	A	A	I	H	243	245	127	0.011	-1.007	-0.953	-0.56	-0.596
7CXD	7DF6	A	A	G	W	148	150	32	0.0118	1.303	1.289	1.04	2.181
7CXD	7DF6	A	A	R	S	236	238	120	0.3071	-0.462	0.26	-0.316	-0.231
7CXD	7DF6	A	A	N	R	234	236	118	0.5253	0.166	0.342	0.339	0.319
7CXD	7DF6	A	A	P	L	133	135	17	0.3287	0.137	0.683	2.117	0.596
7CXD	7DF6	A	A	R	H	181	183	65	0.3693	-0.416	-0.368	-0.562	-0.764
7CXD	7DF6	A	A	V	N	138	140	22	0.0	-0.815	-1.074	-1.195	-1.516
7CXD	7DF6	A	A	Y	F	130	132	14	0.1179	0.283	-0.16	0.1	0.357
7CXD	7DF6	A	A	Q	N	189	191	73	0.4339	-0.183	-0.057	-0.064	0.184
7CXD	7DF6	A	A	S	T	244	246	128	0.5164	-0.026	-0.098	0.626	-0.302
7CXD	7DF6	A	A	D	A	131	133	15	0.1457	-0.283	0.086	0.068	-0.046
7CXD	7DF6	A	A	G	L	250	252	134	0.2	0.589	-0.164	1.299	0.414
7CXD	7DF6	A	A	N	I	165	167	49	0.7911	0.492	0.424	0.095	0.979
7CXD	7DF6	A	A	V	N	150	152	34	0.0063	-0.664	-0.104	-1.41	-1.105
7CXD	7DF6	A	A	H	G	259	261	143	0.433	0.242	0.257	0.418	-1.248
7CXD	7DF6	A	A	D	H	190	192	74	0.8675	0.034	-0.117	-0.02	-0.104
7CXD	7DF6	A	A	Q	I	245	247	129	0.2804	0.927	0.126	1.385	2.363
7CXD	7DF6	A	A	L	S	246	248	130	0.0	-3.802	-4.128	-4.184	-3.138
7CXD	7DF6	A	A	I	F	183	185	67	0.0	-0.827	-0.971	-0.639	0.789
7CXD	7DF6	A	A	R	W	180	182	64	0.2863	0.299	-0.213	-0.261	0.223
7CXD	7DF6	A	A	D	N	251	253	135	0.3311	-0.027	-0.465	-0.234	0.126
7CXD	7DF6	A	A	A	D	218	220	102	0.5929	-0.272	0.026	-0.348	0.065
7CXD	7DF6	A	A	P	I	129	131	13	0.2657	-0.261	-0.047	0.121	0.078
7CXD	7DF6	A	A	A	I	224	226	108	0.1681	0.963	0.707	1.131	0.32
7CXD	7DF6	A	A	M	E	261	263	145	0.5392	-0.133	-0.036	-0.163	-0.598
7CXD	7DF6	A	A	A	T	154	156	38	0.0885	1.461	0.704	0.571	-0.726
7CXD	7DF6	A	A	L	M	240	242	124	0.0556	0.371	0.73	-0.105	0.707
7CXD	7DF6	A	A	L	A	159	161	43	0.0056	-1.42	-2.622	-1.705	-2.67
7CXD	7DF6	A	A	H	C	170	172	54	0.1082	-0.354	-0.571	-0.923	-0.036
7BJY	2WP2	B	A	L	Q	125	129	101	0.1778	-1.685	-0.976	-1.053	-0.795
7BJY	2WP2	B	A	E	M	84	88	60	0.224	0.334	0.049	0.119	0.914
7BJY	2WP2	B	A	L	Y	35	39	11	0.0	-1.203	-0.208	-0.858	0.253
7BJY	2WP2	B	A	K	T	124	128	100	0.6351	0.247	-0.844	-0.221	-0.099
7BJY	2WP2	B	A	N	V	104	108	80	0.0949	-0.156	0.825	0.586	1.004
7DTM	4UBQ	A	A	L	A	12	13	12	0.2778	-1.532	-1.645	-1.33	-1.994
7DTM	4UBQ	A	A	F	S	63	64	63	0.0	-1.726	-2.399	-2.217	-1.495
7DTM	4UBQ	A	A	P	W	162	163	162	0.028	0.657	1.322	2.232	1.564
7DTM	4UBQ	A	A	W	D	147	148	147	0.0232	-2.732	-2.916	-3.025	-3.101
7DTM	4UBQ	A	A	G	H	164	165	164	0.3059	-0.817	0.092	0.281	-0.159
7DTM	4UBQ	A	A	K	G	107	108	107	0.6919	-0.062	0.07	0.004	-0.304
7DTM	4UBQ	A	A	R	K	66	67	66	0.5187	-0.922	-0.707	-1.083	-0.03
7DTM	4UBQ	A	A	K	M	127	128	127	0.6967	-0.095	-0.232	-0.259	0.08
7DTM	4UBQ	A	A	P	K	137	138	137	0.2308	0.829	0.33	0.391	0.738
7DTM	4UBQ	A	A	K	Q	33	34	33	0.0047	-0.45	-0.727	-0.785	-0.949
7DTM	4UBQ	A	A	H	V	19	20	19	0.0	0.252	0.168	0.417	-0.17
7DTM	4UBQ	A	A	K	D	8	9	8	0.3981	-0.057	-0.162	-0.035	-0.3
7DTM	4UBQ	A	A	S	V	82	83	82	0.0	1.232	1.352	1.168	1.462
7DTM	4UBQ	A	A	E	G	211	212	211	0.3169	-1.086	-0.235	-1.136	-0.341
7DTM	4UBQ	A	A	K	N	58	59	58	0.4597	-1.259	-0.841	-0.466	-0.572
7DTM	4UBQ	A	A	K	Q	189	190	189	0.564	-0.296	-0.207	-0.081	-0.155
7DTM	4UBQ	A	A	A	C	44	45	44	0.0	0.443	0.603	0.643	1.49
7DTM	4UBQ	A	A	L	M	205	206	205	0.0333	-0.312	-0.35	-0.794	-0.497
7DTM	4UBQ	A	A	L	E	101	102	101	0.4722	0.089	0.103	0.259	0.361
7DTM	4UBQ	A	A	V	F	146	147	146	0.0	-1.155	-0.014	0.255	0.752
7DTM	4UBQ	A	A	W	C	28	29	28	0.583	-0.135	-0.19	-0.008	0.004
7DTM	4UBQ	A	A	I	C	70	71	70	0.0659	-1.334	-1.178	-1.235	-0.48
7DTM	4UBQ	A	A	V	A	30	31	30	0.075	-1.157	-0.863	-0.902	-0.446
7DTM	4UBQ	A	A	P	L	135	136	135	0.042	1.161	1.355	0.896	0.701
7DTM	4UBQ	A	A	A	L	190	191	190	0.0708	0.799	0.283	1.251	1.591
7DTM	4UBQ	A	A	T	N	102	103	102	0.0	-0.012	-0.676	-0.538	-0.661
7DTM	4UBQ	A	A	V	M	132	133	132	0.0125	0.268	0.502	-0.491	0.855
7DTM	4UBQ	A	A	I	H	86	87	86	0.0165	-0.168	-0.471	-0.028	-0.548
7DTM	4UBQ	A	A	W	L	62	63	62	0.2819	-0.973	-0.709	-0.845	-0.572
7DTM	4UBQ	A	A	G	Q	166	167	166	0.3765	0.137	-0.197	-0.074	0.389
7DTM	4UBQ	A	A	T	H	52	53	52	0.3904	0.441	0.409	0.349	-0.298
7DTM	4UBQ	A	A	N	I	103	104	103	0.0633	0.501	0.199	0.594	1.424
7DTM	4UBQ	A	A	F	S	78	79	78	0.0826	-3.326	-2.657	-3.104	-0.522
7DTM	4UBQ	A	A	L	M	7	8	7	0.1333	0.405	0.305	-0.35	-0.028
7DTM	4UBQ	A	A	E	W	174	175	174	0.7432	0.615	0.433	0.489	0.287
7DTM	4UBQ	A	A	S	V	119	120	119	0.6311	0.771	-0.049	0.732	0.063
7DTM	4UBQ	A	A	F	I	133	134	133	0.0183	-0.269	0.272	-1.066	-0.046
7DTM	4UBQ	A	A	I	V	47	48	47	0.0	-1.716	-1.559	-1.568	-0.868
7DTM	4UBQ	A	A	D	T	55	56	55	0.1457	0.141	0.19	0.073	-0.943
7DTM	4UBQ	A	A	E	V	24	25	24	0.4973	-0.547	0.105	0.498	0.137
7DTM	4UBQ	A	A	D	Y	48	49	48	0.0	0.129	0.184	0.032	1.2
7DTM	4UBQ	A	A	D	Q	6	7	6	0.8477	-0.237	-0.022	-0.267	0.165
7DTM	4UBQ	A	A	A	H	114	115	114	0.0619	1.201	0.745	0.901	0.444
7DTM	4UBQ	A	A	D	K	81	82	81	0.1192	0.591	1.448	0.779	1.875
7DTM	4UBQ	A	A	V	S	214	215	214	0.3688	-0.122	-0.708	-0.335	-0.551
7DTM	4UBQ	A	A	Y	H	123	124	123	0.31	-0.275	0.027	0.032	-0.724
7DTM	4UBQ	A	A	S	W	196	197	196	0.0	-0.164	-0.666	0.253	-0.776
7DTM	4UBQ	A	A	V	M	31	32	31	0.1437	0.482	0.261	-0.181	0.423
7DTM	4UBQ	A	A	A	F	213	214	213	0.0	-0.344	0.094	-0.412	-0.465
7DTM	4UBQ	A	A	V	M	60	61	60	0.0312	-0.051	1.0	0.711	0.759
7DTM	4UBQ	A	A	K	Q	108	109	108	0.8199	0.113	0.23	-0.102	0.231
7DTM	4UBQ	A	A	S	E	179	180	179	0.041	0.112	0.336	-0.388	0.521
7DTM	4UBQ	A	A	F	E	51	52	51	0.0917	-0.722	-0.864	-1.906	-2.308
7DTM	4UBQ	A	A	L	S	217	218	217	0.3111	-1.289	-0.171	-1.768	-1.756
7DTM	4UBQ	A	A	V	D	126	127	126	0.1437	-0.987	-1.315	-0.983	-1.879
7DTM	4UBQ	A	A	L	M	125	126	125	0.1111	0.434	0.436	0.192	0.577
7DTM	4UBQ	A	A	A	V	180	181	180	0.0177	0.222	-0.369	1.198	1.054
7DTM	4UBQ	A	A	L	H	4	5	4	0.5056	-0.243	-0.106	-0.308	-0.122
7DTM	4UBQ	A	A	E	G	131	132	131	0.1093	-0.172	-0.232	-0.849	-1.104
7DTM	4UBQ	A	A	P	I	50	51	50	0.0	-0.184	-0.278	-0.094	2.112
7DTM	4UBQ	A	A	S	M	99	100	99	0.0656	1.291	1.037	1.858	2.587
7DTM	4UBQ	A	A	K	T	129	130	129	0.2986	-0.514	-1.722	-1.06	-0.403
7DTM	4UBQ	A	A	S	M	220	221	220	0.9098	-0.449	0.896	2.52	1.148
7DTM	4UBQ	A	A	P	H	5	6	5	0.1189	0.439	-0.043	0.224	-0.336
7DTM	4UBQ	A	A	S	N	204	205	204	0.4836	0.156	-0.311	0.374	0.071
7DTM	4UBQ	A	A	E	T	10	11	10	0.4863	-0.278	0.009	-0.045	0.074
7DTM	4UBQ	A	A	E	V	104	105	104	0.5683	0.032	0.235	-0.3	-0.151
7DTM	4UBQ	A	A	F	Y	118	119	118	0.0872	0.126	0.014	0.407	-0.176
7DTM	4UBQ	A	A	T	E	209	210	209	0.0068	-0.701	-1.291	-0.757	-0.706
7DTM	4UBQ	A	A	V	G	18	19	18	0.0813	-3.206	-3.401	-3.304	-2.972
7DTM	4UBQ	A	A	V	E	37	38	37	0.0	-1.268	-2.061	-2.648	-1.748
7DTM	4UBQ	A	A	E	K	150	151	150	0.6503	0.134	-0.395	-0.173	-0.455
7DTM	4UBQ	A	A	D	I	142	143	142	0.0	0.86	0.946	1.35	0.988
7DTM	4UBQ	A	A	V	L	38	39	38	0.0563	0.688	0.728	0.855	0.066
7DTM	4UBQ	A	A	G	Q	84	85	84	0.2941	0.521	0.277	0.491	0.437
7DTM	4UBQ	A	A	Y	G	68	69	68	0.2533	-1.937	-1.956	-1.422	-1.894
7DTM	4UBQ	A	A	Y	W	97	98	97	0.1965	0.854	0.796	0.519	0.661
7DTM	4UBQ	A	A	Y	H	134	135	134	0.262	0.116	0.835	0.049	-0.553
7DTM	4UBQ	A	A	T	L	56	57	56	0.0	1.085	1.561	1.564	1.554
7DTM	4UBQ	A	A	V	Q	40	41	40	0.0813	-0.657	-1.382	-1.027	-0.518
7DTM	4UBQ	A	A	V	N	112	113	112	0.4125	0.201	-0.337	0.016	-0.508
7DTM	4UBQ	A	A	S	H	185	186	185	0.7623	0.32	0.374	0.593	0.237
7DTM	4UBQ	A	A	N	S	143	144	143	0.019	-1.487	-1.661	-0.956	-0.867
7DTM	4UBQ	A	A	L	W	206	207	206	0.0222	-0.428	-0.252	-0.006	-0.251
7DTM	4UBQ	A	A	V	W	145	146	145	0.0	0.111	1.38	0.621	0.042
7DTM	4UBQ	A	A	Y	T	17	18	17	0.1659	-1.547	-1.714	-1.618	-2.156
7DTM	4UBQ	A	A	S	H	21	22	21	0.0	0.795	-0.208	-0.284	1.719
7DTM	4UBQ	A	A	Q	G	212	213	212	0.1323	-0.083	-0.729	-0.309	-0.095
7DTM	4UBQ	A	A	G	I	29	30	29	0.2	-1.049	-0.748	-0.102	-0.446
7DTM	4UBQ	A	A	K	H	69	70	69	0.6209	-0.048	-0.057	-0.023	0.11
7DTM	4UBQ	A	A	G	F	157	158	157	0.0	-1.45	-0.603	-0.421	0.436
7DTM	4UBQ	A	A	T	K	140	141	140	0.0	-0.204	-1.498	-0.265	0.385
7DTM	4UBQ	A	A	A	M	171	172	171	0.2478	-0.145	0.444	0.254	0.195
7DTM	4UBQ	A	A	L	Y	165	166	165	0.0889	0.967	0.499	1.219	0.361
7DTM	4UBQ	A	A	W	R	124	125	124	0.3282	-0.937	-0.767	-1.096	-0.065
7DTM	4UBQ	A	A	L	C	183	184	183	0.0056	-0.89	0.086	-0.261	-0.21
7DTM	4UBQ	A	A	L	D	192	193	192	0.2222	-0.484	-0.03	-0.81	-2.735
7DTM	4UBQ	A	A	C	V	158	159	158	0.0214	-0.624	0.258	-1.256	-0.405
7DTM	4UBQ	A	A	G	E	85	86	85	0.0	0.244	-0.481	-0.336	0.618
7DTM	4UBQ	A	A	Q	M	113	114	113	0.3862	-0.048	0.617	1.529	0.157
7DTM	4UBQ	A	A	S	L	198	199	198	0.1803	0.925	0.53	2.152	1.354
7DTM	4UBQ	A	A	L	A	59	60	59	0.0	-0.974	-2.117	-0.027	-2.12
7DTM	4UBQ	A	A	E	G	14	15	14	0.7049	-0.488	0.059	-0.233	-0.676
7DTM	4UBQ	A	A	G	T	35	36	35	0.0	-0.534	-0.519	0.369	0.078
7DTM	4UBQ	A	A	I	Y	74	75	74	0.0	-1.05	-0.896	-1.6	-1.131
7DTM	4UBQ	A	A	I	C	153	154	153	0.0	-1.282	-1.743	-1.806	-1.483
7DTM	4UBQ	A	A	H	S	79	80	79	0.1392	-0.627	-0.386	-0.383	-0.263
7DTM	4UBQ	A	A	G	Y	27	28	27	0.9882	-1.206	-0.74	-0.887	-0.312
7DTM	4UBQ	A	A	K	Q	152	153	152	0.4123	-0.949	-0.351	0.168	-0.158
7DTM	4UBQ	A	A	S	Y	80	81	80	0.5	1.41	1.697	1.191	2.005
7DTM	4UBQ	A	A	T	G	20	21	20	0.0479	-0.577	-0.814	-0.844	-0.731
7DTM	4UBQ	A	A	L	F	154	155	154	0.0	-0.585	-0.407	-0.64	-0.271
7DTM	4UBQ	A	A	V	A	121	122	121	0.5188	-0.052	-0.349	-0.172	-0.248
7DTM	4UBQ	A	A	E	Q	87	88	87	0.7104	-0.067	0.166	-0.196	-0.276
7DTM	4UBQ	A	A	S	C	117	118	117	0.5574	-0.238	-0.236	0.907	-0.118
7DTM	4UBQ	A	A	G	I	138	139	138	0.0	1.51	1.039	0.978	0.568
7DTM	4UBQ	A	A	H	N	139	140	139	0.0309	-1.127	-1.733	-1.141	-0.092
7DTM	4UBQ	A	A	D	F	170	171	170	0.4901	0.619	0.674	0.576	0.026
7DTM	4UBQ	A	A	V	W	193	194	193	0.0	-0.189	-0.331	-0.239	-0.763
7DTM	4UBQ	A	A	K	D	186	187	186	0.3175	-0.217	-0.098	-0.6	-0.181
7DTM	4UBQ	A	A	P	Q	95	96	95	0.3427	0.458	0.583	0.787	0.632
7DTM	4UBQ	A	A	A	W	203	204	203	0.2389	0.534	1.694	0.932	0.608
7DTM	4UBQ	A	A	K	Y	111	112	111	0.5308	0.371	-0.079	0.705	-0.113
7DTM	4UBQ	A	A	T	F	96	97	96	0.0	0.988	0.072	0.449	1.537
7DTM	4UBQ	A	A	H	M	34	35	34	0.0412	-0.163	0.485	-0.203	-0.038
7DTM	4UBQ	A	A	N	I	116	117	116	0.3734	0.198	-0.13	0.319	0.314
7DTM	4UBQ	A	A	N	C	172	173	172	0.3291	0.45	0.057	0.092	-0.004
7DTM	4UBQ	A	A	W	S	88	89	88	0.1622	-0.932	-1.639	-1.604	-0.684
7DTM	4UBQ	A	A	K	I	71	72	71	0.3602	0.383	-0.067	0.096	0.452
7DTM	4UBQ	A	A	K	R	11	12	11	0.6114	-0.382	-0.159	-0.026	-0.336
7DTM	4UBQ	A	A	P	T	149	150	149	0.2238	-0.839	-0.628	-0.509	1.315
7DTM	4UBQ	A	A	L	D	46	47	46	0.0	-3.743	-3.73	-2.677	-2.345
7DTM	4UBQ	A	A	E	F	199	200	199	0.2951	-0.059	0.504	0.05	-0.096
7DTM	4UBQ	A	A	E	H	100	101	100	0.6503	-0.848	0.68	-1.111	-0.356
7DTM	4UBQ	A	A	F	L	159	160	159	0.0046	-1.846	-1.031	-1.071	-0.059
7DTM	4UBQ	A	A	N	V	26	27	26	0.9241	0.457	0.441	-0.045	-0.054
7DTM	4UBQ	A	A	F	E	22	23	22	0.0734	-1.622	-1.817	-0.698	-0.91
7L1Z	5VQJ	A	A	G	D	186	159	160	0.5176	-0.832	-1.486	-0.721	-0.979
7L1Z	5VQJ	A	A	T	M	203	176	177	0.3151	0.695	0.572	0.63	0.399
7L1Z	5VQJ	A	A	N	A	230	203	204	0.6329	-0.562	-1.136	-0.296	-0.59
7L1Z	5VQJ	A	A	D	F	51	24	25	0.543	0.04	-0.07	-0.535	0.617
7L1Z	5VQJ	A	A	V	E	228	201	202	0.0187	-0.568	-0.25	-0.984	-1.075
7L1Z	5VQJ	A	A	S	M	102	75	76	0.1066	0.456	0.768	1.524	1.5
7L1Z	5VQJ	A	A	D	N	135	108	109	0.1921	0.157	0.229	-0.63	-0.097
7L1Z	5VQJ	A	A	F	M	229	202	203	0.3165	-0.408	0.086	-0.584	-0.055
7L1Z	5VQJ	A	A	V	W	226	199	200	0.0	0.929	0.03	-0.14	0.139
7L1Z	5VQJ	A	A	Y	N	153	126	127	0.0131	-2.276	-1.797	-1.539	-2.185
7L1Z	5VQJ	A	A	Y	V	127	100	101	0.0349	-1.017	-1.145	-0.687	-1.079
7L1Z	5VQJ	A	A	L	T	57	30	31	0.0	-1.955	-1.831	-2.2	-1.934
7L1Z	5VQJ	A	A	A	T	181	154	155	0.4867	0.342	-0.299	0.143	0.016
7L1Z	5VQJ	A	A	Q	F	174	147	148	0.0529	1.361	1.76	2.286	1.068
7L1Z	5VQJ	A	A	E	A	227	200	201	0.0273	0.518	0.689	0.645	0.224
7L1Z	5VQJ	A	A	W	V	49	22	23	0.3861	-1.092	-0.625	-0.896	-1.334
7L1Z	5VQJ	A	A	I	G	206	179	180	0.6319	-0.85	-0.362	0.031	-0.52
7L1Z	5VQJ	A	A	V	I	162	135	136	0.6312	0.572	0.337	0.082	-0.3
7L1Z	5VQJ	A	A	D	Q	202	175	176	0.457	0.512	0.382	0.054	0.502
7L1Z	5VQJ	A	A	Y	C	156	129	130	0.2271	-0.228	0.173	-0.431	-0.314
7L1Z	5VQJ	A	A	F	C	193	166	167	0.0	-0.693	-0.503	-0.142	0.306
7L1Z	5VQJ	A	A	Y	A	76	49	50	0.0175	-3.343	-3.269	-2.791	-2.908
7L1Z	5VQJ	A	A	A	S	237	210	211	0.0	-0.644	-0.665	-0.44	-1.328
7L1Z	5VQJ	A	A	L	W	106	79	80	0.0	0.914	0.064	0.064	0.013
7L1Z	5VQJ	A	A	L	F	123	96	97	0.0	-0.495	-0.291	-0.86	-0.794
7L1Z	5VQJ	A	A	V	Y	241	214	215	0.0	-0.903	-0.605	-0.323	-0.543
7L1Z	5VQJ	A	A	Y	M	175	148	149	0.0175	-0.858	-0.682	-0.771	0.071
7L1Z	5VQJ	A	A	T	R	145	118	119	0.3699	-0.14	-0.101	-0.029	0.561
7L1Z	5VQJ	A	A	W	E	82	55	56	0.0232	-1.903	-3.339	-2.349	-2.385
7L1Z	5VQJ	A	A	F	S	65	38	39	0.0367	-1.306	-1.597	-2.616	-2.161
7L1Z	5VQJ	A	A	I	T	166	139	140	0.011	-2.139	-1.528	-2.126	-0.232
7L1Z	5VQJ	A	A	R	S	89	62	63	0.0124	-1.59	-1.958	-2.062	-0.281
7L1Z	5VQJ	A	A	P	W	169	142	143	0.6923	0.764	0.853	1.062	-0.263
7L1Z	5VQJ	A	A	K	D	50	23	24	0.0616	-1.508	-1.69	-1.642	-1.136
7L1Z	5VQJ	A	A	G	D	73	46	47	0.6235	-0.671	-1.742	-1.367	0.636
7L1Z	5VQJ	A	A	S	F	165	138	139	0.123	0.737	1.029	0.965	0.326
7L1Z	5VQJ	A	A	N	G	149	122	123	0.443	-1.127	-1.335	-1.247	-0.822
7L1Z	5VQJ	A	A	T	R	170	143	144	0.1233	0.419	0.359	0.536	-0.504
7L1Z	5VQJ	A	A	F	Y	44	17	18	0.1055	1.067	0.713	0.409	1.334
7L1Z	5VQJ	A	A	N	T	96	69	70	0.6582	0.06	0.044	0.066	0.079
7L1Z	5VQJ	A	A	A	L	101	74	75	0.0	1.891	0.83	1.545	1.342
7L1Z	5VQJ	A	A	D	H	218	191	192	0.1788	1.743	2.347	1.5	1.53
7L1Z	5VQJ	A	A	K	E	178	151	152	0.218	0.182	0.1	-0.954	-0.535
7L1Z	5VQJ	A	A	S	C	154	127	128	0.1803	0.807	-0.003	1.288	0.217
7L1Z	5VQJ	A	A	L	Q	224	197	198	0.0	-0.75	-1.009	-1.326	-2.062
7L1Z	5VQJ	A	A	N	D	212	185	186	0.1076	-0.605	-0.922	-1.025	0.015
7L1Z	5VQJ	A	A	H	Y	36	9	10	0.4175	1.531	0.737	1.361	1.853
7L1Z	5VQJ	A	A	F	W	146	119	120	0.1284	0.789	0.355	0.356	1.326
7L1Z	5VQJ	A	A	P	Q	219	192	193	0.1259	0.593	0.46	0.907	0.884
7L1Z	5VQJ	A	A	Q	E	222	195	196	0.0	0.693	0.699	0.377	0.19
7L1Z	5VQJ	A	A	P	N	80	53	54	0.0	-0.564	-0.016	-0.074	1.363
7L1Z	5VQJ	A	A	K	R	163	136	137	0.3744	0.044	0.403	0.322	-0.474
7L1Z	5VQJ	A	A	G	N	72	45	46	0.3765	-1.233	-1.37	-1.383	-0.36
7L1Z	5VQJ	A	A	T	H	236	209	210	0.2055	-0.221	-0.243	-0.188	0.359
7L1Z	5VQJ	A	A	G	V	79	52	53	0.0	-0.124	-0.451	0.53	1.691
7L1Z	5VQJ	A	A	I	D	104	77	78	0.0	-3.696	-4.051	-3.461	-2.586
7L1Z	5VQJ	A	A	Y	H	221	194	195	0.0568	-0.569	-0.301	-0.988	-1.237
7L1Z	5VQJ	A	A	G	Q	239	212	213	0.0824	0.244	0.954	0.029	1.198
7L1Z	5VQJ	A	A	G	F	110	83	84	0.0	1.044	0.595	0.448	0.906
7L1Z	5VQJ	A	A	H	M	40	13	14	0.2371	0.374	-0.201	-0.009	0.544
7L1Z	5VQJ	A	A	P	A	164	137	138	0.6853	-0.525	-0.311	-0.405	-0.343
7L1Z	5VQJ	A	A	I	K	151	124	125	0.1703	0.671	0.369	-0.12	0.014
7L1Z	5VQJ	A	A	E	W	125	98	99	0.0765	1.628	2.682	1.91	2.035
7L1Z	5VQJ	A	A	S	M	137	110	111	0.0082	1.231	1.376	1.196	1.328
7L1Z	5VQJ	A	A	Y	Q	111	84	85	0.1004	-2.282	-2.457	-2.727	-3.481
7L1Z	5VQJ	A	A	Q	M	232	205	206	0.8148	-0.285	0.303	0.509	-0.444
7L1Z	5VQJ	A	A	Q	V	130	103	104	0.0	1.18	1.181	0.432	0.633
7L1Z	5VQJ	A	A	G	M	143	116	117	0.2471	1.533	1.605	1.786	1.235
7L1Z	5VQJ	A	A	P	V	136	109	110	0.042	0.029	0.289	0.78	-0.382
7L1Z	5VQJ	A	A	D	Q	60	33	34	0.1656	0.456	0.11	0.429	0.184
7L1Z	5VQJ	A	A	D	Q	217	190	191	0.6623	0.072	0.48	-0.339	0.508
7L1Z	5VQJ	A	A	P	M	231	204	205	0.0629	0.165	0.64	0.677	0.316
7L1Z	5VQJ	A	A	F	M	84	57	58	0.2798	-0.322	0.014	1.245	-0.434
7L1Z	5VQJ	A	A	L	T	129	102	103	0.0	-0.76	-1.959	-2.954	-3.155
7L1Z	5VQJ	A	A	D	W	119	92	93	0.4238	-0.111	0.247	0.186	-0.022
7L1Z	5VQJ	A	A	T	K	33	6	7	0.5822	0.56	-0.009	0.297	-0.022
7L1Z	5VQJ	A	A	G	H	52	25	26	0.2706	-0.278	0.306	0.662	1.292
7L1Z	5VQJ	A	A	D	W	214	187	188	0.5166	0.926	0.337	0.613	0.727
7L1Z	5VQJ	A	A	D	I	86	59	60	0.3907	-0.059	1.535	1.348	-0.166
7L1Z	5VQJ	A	A	A	W	215	188	189	0.0796	-1.1	1.338	-1.333	-0.426
7L1Z	5VQJ	A	A	H	E	83	56	57	0.2887	-0.321	-0.367	0.038	-0.043
7L1Z	5VQJ	A	A	V	D	90	63	64	0.0688	-2.859	-1.389	-3.007	-0.504
7L1Z	5VQJ	A	A	I	W	128	101	102	0.0	0.957	0.456	0.718	0.356
7L1Z	5VQJ	A	A	N	Q	75	48	49	0.2215	-0.267	-0.079	-0.135	0.442
7L1Z	5VQJ	A	A	W	M	200	173	174	0.0039	-0.563	-0.365	-0.013	-0.206
7L1Z	5VQJ	A	A	G	I	235	208	209	0.0941	0.995	-0.074	1.81	0.524
7L1Z	5VQJ	A	A	K	T	198	171	172	0.5829	-0.486	-0.49	-0.053	-0.519
7L1Z	5VQJ	A	A	A	F	194	167	168	0.3363	0.746	0.369	-0.07	1.478
7L1Z	5VQJ	A	A	R	W	157	130	131	0.2614	1.067	0.711	0.628	0.385
7L1Z	5VQJ	A	A	K	W	144	117	118	0.2986	0.8	0.295	0.242	0.212
7L1Z	5VQJ	A	A	V	S	77	50	51	0.1437	-2.342	-1.635	-2.279	-2.336
7L1Z	5VQJ	A	A	N	K	167	140	141	0.2785	-0.296	-0.099	-0.834	0.222
7L1Z	5VQJ	A	A	D	T	188	161	162	0.1656	0.413	0.031	-0.746	0.136
7L1Z	5VQJ	A	A	A	N	37	10	11	0.1062	-0.317	0.698	0.2	0.211
7L1Z	5VQJ	A	A	V	E	67	40	41	0.0	-1.955	-2.071	-1.409	-2.138
7L1Z	5VQJ	A	A	L	M	207	180	181	0.1556	0.626	0.532	-0.438	0.11
7L1Z	5VQJ	A	A	Y	D	173	146	147	0.1747	-1.694	-0.487	-2.068	-2.508
7L1Z	5VQJ	A	A	E	L	152	125	126	0.5191	0.066	0.04	0.261	0.491
7L1Z	5VQJ	A	A	H	A	122	95	96	0.0155	-1.295	-1.421	-1.576	-0.998
7L1Z	5VQJ	A	A	Y	S	142	115	116	0.5459	-0.886	-1.428	-0.488	-0.475
7L1Z	5VQJ	A	A	G	C	78	51	52	0.0	-0.576	-0.934	-0.832	0.73
7L1Z	5VQJ	A	A	A	H	199	172	173	0.0177	0.619	-0.688	-0.45	0.881
7L1Z	5VQJ	A	A	Y	E	134	107	108	0.4934	0.009	-0.184	-0.783	0.601
7L1Z	5VQJ	A	A	D	L	139	112	113	0.596	-0.273	-0.012	-0.041	-0.084
7L1Z	5VQJ	A	A	Q	D	183	156	157	0.0847	-0.822	-1.026	-0.61	-0.303
7L1Z	5VQJ	A	A	S	W	238	211	212	0.1148	1.689	1.187	1.709	1.196
7L1Z	5VQJ	A	A	R	F	131	104	105	0.1618	1.099	-0.312	0.425	0.378
7L1Z	5VQJ	A	A	G	R	150	123	124	0.8353	-1.246	-1.391	-1.094	-1.146
7L1Z	5VQJ	A	A	S	F	180	153	154	0.6803	0.121	-0.867	0.381	0.666
7L1Z	5VQJ	A	A	F	Q	213	186	187	0.6606	-0.015	0.18	0.045	0.383
7L1Z	5VQJ	A	A	G	Y	204	177	178	0.6235	-1.142	-1.047	-0.761	-0.615
7L1Z	5VQJ	A	A	T	N	133	106	107	0.6438	-0.005	0.031	0.821	0.437
7L1Z	5VQJ	A	A	H	L	48	21	22	0.0	-0.09	0.07	1.338	0.807
7L1Z	5VQJ	A	A	W	Y	205	178	179	0.0734	-0.361	-0.559	-0.278	-0.753
7L1Z	5VQJ	A	A	Y	C	74	47	48	0.3886	-0.304	0.028	-0.131	0.022
7L1Z	5VQJ	A	A	Q	F	70	43	44	0.3651	-0.283	-0.599	0.662	-1.46
7L1Z	5VQJ	A	A	T	C	220	193	194	0.0068	-0.616	-0.06	-0.365	0.041
7L1Z	5VQJ	A	A	P	V	179	152	153	0.014	0.342	2.112	1.598	2.407
7L1Z	5VQJ	A	A	V	H	197	170	171	0.2	-1.38	-1.322	-1.591	-0.086
7L1Z	5VQJ	A	A	I	K	192	165	166	0.1978	-0.015	0.269	-0.323	-0.174
7L1Z	5VQJ	A	A	D	W	112	85	86	0.3311	0.139	0.812	1.503	0.555
7L1Z	5VQJ	A	A	Y	H	107	80	81	0.0655	-0.27	-0.148	-1.209	-0.483
7L1Z	5VQJ	A	A	R	I	160	133	134	0.3651	-0.337	-0.289	-0.417	-0.09
7L1Z	5VQJ	A	A	W	M	69	42	43	0.0579	-0.71	-1.301	-1.254	-0.969
7L1Z	5VQJ	A	A	I	N	91	64	65	0.0	-2.927	-2.445	-3.028	-2.582
7L1Z	5VQJ	A	A	G	V	168	141	142	0.1176	0.177	0.32	0.112	-0.77
7L1Z	5VQJ	A	A	G	M	100	73	74	0.2235	-0.088	-0.084	0.925	1.029
7L1Z	5VQJ	A	A	D	K	195	168	169	0.3841	0.094	0.479	0.29	0.261
7L1Z	5VQJ	A	A	E	L	184	157	158	0.6339	-0.447	-0.005	0.377	0.512
7L1Z	5VQJ	A	A	I	E	159	132	133	0.3736	-0.987	-0.69	-0.257	-0.29
7L1Z	5VQJ	A	A	L	C	185	158	159	0.3444	0.214	-0.154	-0.109	0.272
7L1Z	5VQJ	A	A	Y	Q	103	76	77	0.0699	-0.899	-1.102	-1.957	-1.471
7L1Z	5VQJ	A	A	N	E	211	184	185	0.6456	0.09	-0.061	-0.002	-0.123
7L1Z	5VQJ	A	A	Y	F	93	66	67	0.0044	0.273	0.096	0.217	0.069
7L1Z	5VQJ	A	A	V	A	223	196	197	0.0	-1.679	-1.271	-2.184	-2.436
7L1Z	5VQJ	A	A	T	C	171	144	145	0.2534	0.165	0.235	0.47	-0.426
7L1Z	5VQJ	A	A	H	F	196	169	170	0.0	0.894	1.471	1.046	1.393
7L1Z	5VQJ	A	A	S	K	148	121	122	0.0246	1.524	1.744	2.189	0.688
7L1Z	5VQJ	A	A	K	E	113	86	87	0.6493	-0.582	-0.247	0.079	0.003
7A1V	4RCJ	A	A	H	C	512	491	127	0.866	0.181	0.454	0.469	0.454
7A1V	4RCJ	A	A	G	H	438	417	53	0.0	0.298	-1.219	-1.215	-0.009
7A1V	4RCJ	A	A	L	C	534	513	149	0.3667	-0.761	-0.619	-0.543	-0.628
7A1V	4RCJ	A	A	N	K	525	504	140	0.6962	-0.519	-0.041	0.969	-0.062
7A1V	4RCJ	A	A	M	K	449	428	64	0.1078	-0.336	0.091	0.255	-0.269
7A1V	4RCJ	A	A	I	D	500	479	115	0.3681	-1.369	-1.696	-0.828	-2.728
7A1V	4RCJ	A	A	H	S	437	416	52	0.6753	0.448	1.465	1.141	0.675
7A1V	4RCJ	A	A	V	Q	412	391	27	0.0063	-1.383	-1.239	-1.474	-1.51
7A1V	4RCJ	A	A	I	G	513	492	128	0.0769	-3.024	-3.4	-3.094	-2.392
7A1V	4RCJ	A	A	A	W	483	462	98	0.6106	0.071	0.459	0.844	-0.253
7A1V	4RCJ	A	A	G	A	484	463	99	0.4471	-0.342	-0.994	-0.634	0.082
7A1V	4RCJ	A	A	S	H	460	439	75	0.0082	0.454	1.571	0.615	0.007
7A1V	4RCJ	A	A	N	T	520	499	135	0.5063	-0.047	0.355	0.086	-0.603
7A1V	4RCJ	A	A	K	L	416	395	31	0.1185	-0.195	0.043	-1.01	-0.141
7A1V	4RCJ	A	A	D	A	421	400	36	0.5166	-0.113	-0.055	0.143	-0.472
7A1V	4RCJ	A	A	V	G	505	484	120	0.0	-2.672	-2.995	-3.373	-2.119
7A1V	4RCJ	A	A	P	D	454	433	69	0.1259	0.09	0.516	-0.04	-0.433
7A1V	4RCJ	A	A	S	A	464	443	79	0.1721	0.438	0.596	0.466	0.52
7A1V	4RCJ	A	A	V	Y	470	449	85	0.0	-0.943	-0.723	-1.287	0.154
7A1V	4RCJ	A	A	R	A	514	493	129	0.4564	-0.385	-0.416	-0.027	0.34
7A1V	4RCJ	A	A	K	H	452	431	67	0.327	-0.465	-0.508	0.184	0.382
7A1V	4RCJ	A	A	G	T	465	444	80	0.5059	-1.537	-1.68	-0.85	-1.706
7A1V	4RCJ	A	A	D	L	489	468	104	0.7616	0.654	0.028	0.194	-0.227
7A1V	4RCJ	A	A	E	H	436	415	51	0.7049	0.899	-0.255	-0.113	0.332
7A1V	4RCJ	A	A	N	T	518	497	133	0.2025	-0.538	-0.067	-1.244	-0.413
7A1V	4RCJ	A	A	E	A	420	399	35	0.2896	-0.06	0.017	-0.233	-0.058
7A1V	4RCJ	A	A	D	F	528	507	143	0.1391	0.993	0.025	0.342	-0.169
7A1V	4RCJ	A	A	C	S	433	412	48	0.0429	-0.973	-0.408	-1.206	-0.444
7A1V	4RCJ	A	A	V	M	477	456	92	0.1	0.098	1.071	0.758	-0.104
7A1V	4RCJ	A	A	D	C	422	401	37	0.053	-0.727	0.471	0.11	0.499
7A1V	4RCJ	A	A	S	R	546	525	161	0.3033	0.605	0.485	-0.052	-0.19
7A1V	4RCJ	A	A	T	K	529	508	144	0.0959	0.316	0.546	0.876	0.847
7A1V	4RCJ	A	A	W	F	499	478	114	0.112	-0.608	-0.27	-1.324	-0.097
7A1V	4RCJ	A	A	R	C	447	426	62	0.6805	-0.392	-0.425	-0.445	-0.145
7A1V	4RCJ	A	A	V	W	461	440	76	0.0688	0.853	1.095	1.254	1.006
7A1V	4RCJ	A	A	G	T	453	432	68	0.2588	0.151	0.206	0.785	0.985
7A1V	4RCJ	A	A	W	Q	432	411	47	0.0463	-0.617	-0.24	-1.909	-1.317
7A1V	4RCJ	A	A	L	N	442	421	57	0.0	-1.894	-3.221	-3.055	-2.325
7A1V	4RCJ	A	A	S	Y	526	505	141	0.0574	0.436	1.814	1.8	1.835
7A1V	4RCJ	A	A	D	R	496	475	111	0.4768	0.363	0.746	0.358	0.706
7A1V	4RCJ	A	A	A	S	445	424	60	0.0088	-0.636	-0.508	-0.062	-0.976
7A1V	4RCJ	A	A	V	T	532	511	147	0.0125	-2.02	-1.97	-2.346	-0.625
7A1V	4RCJ	A	A	V	F	540	519	155	0.0	0.369	0.538	0.423	0.126
7A1V	4RCJ	A	A	G	D	410	389	25	0.0824	1.109	-1.02	0.398	0.345
7A1V	4RCJ	A	A	T	V	524	503	139	0.1027	0.747	0.237	0.126	0.312
7A1V	4RCJ	A	A	Y	G	429	408	44	0.5459	-1.196	-1.28	-0.705	-2.367
7A1V	4RCJ	A	A	E	A	531	510	146	0.2131	-0.299	-0.239	-0.343	-0.544
7A1V	4RCJ	A	A	K	E	503	482	118	0.2464	-0.183	-0.601	-0.666	-0.495
7A1V	4RCJ	A	A	Q	W	509	488	124	0.4815	0.643	0.509	0.242	0.1
7A1V	4RCJ	A	A	K	H	440	419	55	0.5213	-0.212	-0.91	-0.849	-0.368
7A1V	4RCJ	A	A	L	A	457	436	72	0.0	-2.264	-2.142	-2.778	-2.124
7A1V	4RCJ	A	A	K	D	490	469	105	0.6114	-0.102	-0.032	-0.07	0.296
7A1V	4RCJ	A	A	Q	L	530	509	145	0.2011	-0.286	0.009	1.005	1.227
7A1V	4RCJ	A	A	K	G	542	521	157	0.128	-1.411	-1.095	-0.066	-0.638
7A1V	4RCJ	A	A	I	M	423	402	38	0.022	-0.424	0.996	0.066	0.319
7A1V	4RCJ	A	A	R	V	511	490	126	0.1369	0.029	0.007	0.848	-0.695
7A1V	4RCJ	A	A	F	S	467	446	82	0.0092	-3.25	-2.743	-4.149	-3.944
7A1V	4RCJ	A	A	H	F	424	403	39	0.5052	0.906	1.122	0.765	0.387
7A1V	4RCJ	A	A	K	N	492	471	107	0.6398	-0.213	-0.018	0.125	0.27
7A1V	4RCJ	A	A	F	S	501	480	116	0.1468	-2.829	-2.959	-2.716	-2.938
7A1V	4RCJ	A	A	L	S	458	437	73	0.0	-2.59	-1.892	-1.801	-1.906
7A1V	4RCJ	A	A	V	R	523	502	138	0.0063	-1.856	-2.339	-1.977	-0.957
7A1V	4RCJ	A	A	A	N	537	516	152	0.0	-1.214	-0.942	-1.304	-0.461
7A1V	4RCJ	A	A	N	C	439	418	54	0.0063	-0.263	0.586	0.124	0.445
7A1V	4RCJ	A	A	I	M	543	522	158	0.2747	-0.304	-0.561	-0.154	0.527
7A1V	4RCJ	A	A	E	T	535	514	150	0.5082	-0.415	-0.178	-0.276	-0.198
7A1V	4RCJ	A	A	G	V	493	472	108	0.0353	-0.218	-0.779	0.159	0.08
7A1V	4RCJ	A	A	S	V	426	405	41	0.0	0.392	0.266	0.439	1.692
7A1V	4RCJ	A	A	Q	G	488	467	103	0.2222	0.373	0.072	0.419	0.047
7A1V	4RCJ	A	A	P	G	533	512	148	0.1538	-1.391	-1.182	-1.022	-0.618
7A1V	4RCJ	A	A	S	N	419	398	34	0.0082	0.692	0.226	0.205	0.353
7A1V	4RCJ	A	A	H	W	466	445	81	0.299	0.553	0.61	0.472	1.138
7A1V	4RCJ	A	A	I	D	415	394	30	0.0	-2.714	-2.386	-2.863	-2.849
7A1V	4RCJ	A	A	I	V	544	523	159	0.0	0.089	-0.843	0.032	-0.575
7A1V	4RCJ	A	A	K	G	428	407	43	0.7299	-0.162	-1.661	-0.138	-0.098
7A1V	4RCJ	A	A	G	I	463	442	78	0.3294	-0.837	-1.395	-0.846	-1.019
7A1V	4RCJ	A	A	V	Y	497	476	112	0.0312	1.188	0.118	-0.158	1.024
7A1V	4RCJ	A	A	P	Y	522	501	137	0.1608	0.11	0.04	0.964	1.412
7A1V	4RCJ	A	A	D	W	504	483	119	0.6225	0.978	1.604	2.619	1.832
7A1V	4RCJ	A	A	K	R	538	517	153	0.2322	1.366	-0.168	-0.204	0.834
7A1V	4RCJ	A	A	M	E	473	452	88	0.0	-0.24	-0.643	-0.632	-0.556
7A1V	4RCJ	A	A	N	L	507	486	122	0.2278	0.811	0.087	-0.128	0.754
7A1V	4RCJ	A	A	I	W	427	406	42	0.2912	-1.335	0.112	1.867	1.416
7A1V	4RCJ	A	A	F	I	413	392	28	0.0	-0.524	-0.21	-0.423	0.474
7A1V	4RCJ	A	A	S	K	487	466	102	0.3607	-0.264	-0.418	0.233	0.478
7A1V	4RCJ	A	A	R	C	441	420	56	0.6432	-0.414	-0.851	-0.934	-0.767
7A1V	4RCJ	A	A	E	C	516	495	131	0.5027	0.219	-0.108	0.017	-0.48
7A1V	4RCJ	A	A	R	D	411	390	26	0.3527	-0.28	-0.175	-0.348	-0.347
7A1V	4RCJ	A	A	K	G	536	515	151	0.1754	-1.177	-1.047	-1.223	-0.422
7A1V	4RCJ	A	A	K	F	408	387	23	0.3981	0.095	0.007	-0.582	-0.205
7A1V	4RCJ	A	A	Y	N	418	397	33	0.2052	-0.028	-0.268	0.329	-0.281
7A1V	4RCJ	A	A	L	A	515	494	130	0.0	-2.645	-1.968	-3.331	-2.455
7A1V	4RCJ	A	A	F	Y	459	438	74	0.0	-0.272	-0.468	-0.27	0.469
7A1V	4RCJ	A	A	I	Y	431	410	46	0.1813	0.777	0.536	0.56	0.699
7JKW	2NXB	A	A	E	C	115	91	74	0.4699	0.133	0.062	-0.085	-0.368
7JKW	2NXB	A	A	N	I	135	111	94	0.0759	0.721	1.227	1.218	0.983
7JKW	2NXB	A	A	T	H	131	107	90	0.1712	0.377	1.244	1.06	0.408
7JKW	2NXB	A	A	V	Y	69	45	28	0.275	0.455	-0.049	-0.453	0.221
7JKW	2NXB	A	A	N	A	61	37	20	0.4177	-0.699	0.262	-0.973	-0.172
7JKW	2NXB	A	A	F	G	79	55	38	0.3394	-1.692	-2.157	-1.971	-1.714
7JKW	2NXB	A	A	I	M	138	114	97	0.6099	-0.12	0.039	0.135	-0.323
7JKW	2NXB	A	A	E	M	167	143	126	0.7596	0.934	0.465	-0.087	-0.373
7JKW	2NXB	A	A	P	R	142	118	101	0.7692	0.204	0.136	-0.091	0.5
7JKW	2NXB	A	A	M	F	105	81	64	0.0882	0.403	0.646	1.189	-0.007
7JKW	2NXB	A	A	Q	H	85	61	44	0.6878	-0.063	-0.398	0.859	0.491
7JKW	2NXB	A	A	Q	F	62	38	21	0.2011	0.486	1.974	1.991	1.906
7JKW	2NXB	A	A	A	T	89	65	48	0.0885	0.677	0.983	-0.301	0.836
7JKW	2NXB	A	A	Q	Y	159	135	118	0.455	0.209	0.405	0.086	0.509
7JKW	2NXB	A	A	Q	E	78	54	37	0.7725	0.24	0.006	0.141	-0.074
7JKW	2NXB	A	A	A	L	150	126	109	0.0	0.327	-0.054	1.238	0.973
7JKW	2NXB	A	A	T	W	109	85	68	0.0342	2.033	0.927	0.814	1.968
7JKW	2NXB	A	A	Y	S	119	95	78	0.0218	-2.691	-3.247	-3.037	-3.045
7JKW	2NXB	A	A	R	T	113	89	72	0.1162	-1.082	-0.58	-0.908	-1.45
7JKW	2NXB	A	A	F	W	83	59	42	0.0734	0.625	0.418	0.411	0.732
7JKW	2NXB	A	A	P	D	95	71	54	0.4825	0.653	0.158	0.614	0.431
7JKW	2NXB	A	A	H	R	77	53	36	0.2784	0.143	-0.58	0.052	-0.186
7JKW	2NXB	A	A	I	Q	110	86	69	0.0	-1.168	-0.51	-1.374	-2.173
7JKW	2NXB	A	A	T	S	73	49	32	0.1849	-0.476	-0.169	-0.745	0.037
7JKW	2NXB	A	A	T	A	134	110	93	0.4521	0.071	-0.282	-0.393	0.366
7JKW	2NXB	A	A	F	K	133	109	92	0.0	0.806	-0.104	0.015	-0.769
7JKW	2NXB	A	A	Y	N	65	41	24	0.1354	-2.577	-2.259	-1.554	-1.477
7JKW	2NXB	A	A	L	N	153	129	112	0.0	-2.655	-3.03	-3.235	-2.779
7JKW	2NXB	A	A	A	N	152	128	111	0.3009	0.109	0.038	0.748	0.199
7JKW	2NXB	A	A	W	R	81	57	40	0.6718	-0.048	0.05	-0.282	-0.529
7JKW	2NXB	A	A	K	W	155	131	114	0.6682	0.527	0.271	0.333	-0.048
7JKW	2NXB	A	A	K	V	102	78	61	0.7156	0.056	0.475	0.421	0.212
7JKW	2NXB	A	A	Y	H	139	115	98	0.2882	-0.487	-0.565	-0.785	-1.06
7JKW	2NXB	A	A	G	N	108	84	67	0.1294	-0.146	-0.469	0.275	0.57
7JKW	2NXB	A	A	P	M	104	80	63	0.2378	1.301	1.83	1.973	2.204
7JKW	2NXB	A	A	V	G	147	123	106	0.025	-1.521	-1.712	-1.616	-2.271
7JKW	2NXB	A	A	K	R	76	52	35	0.7725	-0.277	-0.274	0.175	-0.535
7JKW	2NXB	A	A	L	W	158	134	117	0.45	0.841	0.539	0.092	-0.475
7JKW	2NXB	A	A	M	Q	149	125	108	0.1716	-0.201	-0.151	-0.185	-0.208
7JKW	2NXB	A	A	P	S	86	62	45	0.3287	-0.78	1.134	0.07	0.263
7JKW	2NXB	A	A	R	A	58	34	17	0.3237	0.076	1.051	-0.359	-0.118
7JKW	2NXB	A	A	D	F	96	72	55	0.6225	0.281	0.781	1.042	0.29
7JKW	2NXB	A	A	M	R	107	83	66	0.0	0.254	-0.515	-0.286	-0.563
7JKW	2NXB	A	A	N	A	93	69	52	0.8354	0.155	0.031	-0.302	-0.307
7JKW	2NXB	A	A	K	L	99	75	58	0.4787	0.552	-0.129	0.028	0.668
7JKW	2NXB	A	A	C	A	136	112	95	0.0429	-0.569	-0.743	-0.881	-0.513
7JKW	2NXB	A	A	V	D	70	46	29	0.0	-2.394	-2.423	-1.706	-0.473
7JKW	2NXB	A	A	I	C	146	122	105	0.1923	-0.573	-0.089	-0.331	-0.379
7JKW	2NXB	A	A	Y	S	137	113	96	0.2838	-1.679	-1.755	-1.41	-1.721
7JKW	2NXB	A	A	I	Y	100	76	59	0.5165	-0.055	-0.309	-0.154	-0.634
7JKW	2NXB	A	A	P	T	82	58	41	0.2448	-0.091	-0.123	-0.56	-0.042
7JKW	2NXB	A	A	K	W	112	88	71	0.5308	-0.379	0.106	0.246	1.252
7JKW	2NXB	A	A	E	W	154	130	113	0.2623	0.528	0.679	0.465	2.381
7JKW	2NXB	A	A	K	H	91	67	50	0.6682	-0.292	0.117	-0.897	-0.198
7JKW	2NXB	A	A	D	T	106	82	65	0.0331	0.171	0.736	-0.338	0.939
7JKW	2NXB	A	A	N	M	116	92	75	0.3671	0.472	0.222	0.25	0.632
7JKW	2NXB	A	A	W	I	75	51	34	0.3012	-2.148	-1.677	-1.593	-1.8
7JKW	2NXB	A	A	K	Y	141	117	100	0.7251	-0.338	-0.203	-0.632	-0.018
7JKW	2NXB	A	A	N	C	130	106	89	0.3291	0.266	-0.216	-0.151	0.265
7JKW	2NXB	A	A	V	T	87	63	46	0.25	-0.393	0.38	-0.274	-1.094
7JKW	2NXB	A	A	D	N	144	120	103	0.4305	0.158	0.007	0.123	0.033
7JKW	2NXB	A	A	A	M	80	56	39	0.0	0.452	-0.163	0.691	0.23
7JKW	2NXB	A	A	A	L	122	98	81	0.0885	0.621	0.917	1.537	2.267
7JKW	2NXB	A	A	L	H	114	90	73	0.0944	-1.056	-0.902	-2.009	0.096
7JKW	2NXB	A	A	D	H	88	64	47	0.3576	0.139	0.224	0.331	0.095
7JKW	2NXB	A	A	Y	W	118	94	77	0.1441	0.041	-0.02	0.274	0.165
7JKW	2NXB	A	A	Q	I	64	40	23	0.5503	0.652	0.172	0.675	0.632
7JKW	2NXB	A	A	F	C	157	133	116	0.0	0.134	0.413	0.013	0.42
7JKW	2NXB	A	A	E	L	124	100	83	0.3934	-0.01	0.234	0.032	0.521
7JKW	2NXB	A	A	M	E	132	108	91	0.0245	-1.365	-0.577	-1.062	-1.218
7JKW	2NXB	A	A	K	M	72	48	31	0.6445	0.59	0.615	0.326	0.447
7JKW	2NXB	A	A	W	V	120	96	79	0.3784	-1.029	-0.243	-0.965	-1.192
7JKW	2NXB	A	A	C	F	125	101	84	0.0	-0.165	-0.326	-0.52	0.848
7JKW	2NXB	A	A	L	Y	92	68	51	0.5278	0.825	0.235	0.488	1.002
7JKW	2NXB	A	A	D	E	128	104	87	0.0927	0.088	0.186	0.057	0.229
7JKW	2NXB	A	A	L	F	94	70	53	0.2722	-0.654	1.525	0.051	0.396
7JKW	2NXB	A	A	F	N	129	105	88	0.0	-3.133	-2.985	-3.096	-2.883
7JKW	2NXB	A	A	Q	K	127	103	86	0.6085	0.462	0.199	0.375	0.283
7JKW	2NXB	A	A	D	V	145	121	104	0.8146	0.181	0.527	0.275	-0.016
7JKW	2NXB	A	A	L	Q	148	124	107	0.5	-0.146	0.238	0.008	-0.059
7RJJ	5M38	A	A	Q	M	513	85	89	0.0159	0.914	0.921	1.149	0.219
7RJJ	5M38	A	A	L	C	446	18	22	0.2611	-1.155	-1.685	-0.865	0.171
7RJJ	5M38	A	A	G	W	516	88	92	0.0353	0.225	-0.627	0.046	1.851
7RJJ	5M38	A	A	R	S	530	102	106	0.278	-1.007	-1.617	-1.608	-1.033
7RJJ	5M38	A	A	N	H	533	105	109	0.0	-0.44	-0.242	-0.02	0.541
7RJJ	5M38	A	A	D	M	460	32	36	0.4437	0.447	1.956	0.342	1.156
7RJJ	5M38	A	A	K	L	462	34	38	0.4787	0.278	0.024	0.259	0.374
7RJJ	5M38	A	A	I	A	461	33	37	0.0495	-3.531	-2.125	-1.133	-2.98
7RJJ	5M38	A	A	W	D	498	70	74	0.1583	-1.862	-2.085	-2.072	-0.786
7RJJ	5M38	A	A	E	N	517	89	93	0.3169	0.318	0.304	0.465	0.25
7RJJ	5M38	A	A	V	T	512	84	88	0.0125	-0.615	-0.093	-0.7	-0.377
7RJJ	5M38	A	A	S	Y	508	80	84	0.1475	-0.319	-0.059	0.675	-0.175
7RJJ	5M38	A	A	P	Y	448	20	24	0.8392	-0.107	0.255	0.249	0.068
7RJJ	5M38	A	A	T	H	475	47	51	0.0137	1.014	0.602	2.189	0.812
7RJJ	5M38	A	A	V	S	471	43	47	0.0	-2.011	-2.957	-2.995	-2.714
7RJJ	5M38	A	A	A	C	522	94	98	0.2035	-0.074	0.539	0.248	0.35
7RJJ	5M38	A	A	T	G	451	23	27	0.6096	-0.306	-0.695	-0.091	-0.76
7RJJ	5M38	A	A	G	V	514	86	90	0.0118	1.56	0.774	0.98	1.719
7RJJ	5M38	A	A	K	L	447	19	23	0.2749	1.438	0.118	0.102	0.222
7RJJ	5M38	A	A	R	F	500	72	76	0.2075	0.692	0.78	0.632	-0.486
7RJJ	5M38	A	A	W	F	444	16	20	0.4208	-0.505	-0.968	-0.536	-0.782
7RJJ	5M38	A	A	S	V	518	90	94	0.5738	0.857	0.033	0.488	0.077
7RJJ	5M38	A	A	R	A	534	106	110	0.1079	0.125	-1.255	-0.107	0.32
7RJJ	5M38	A	A	S	T	488	60	64	0.0	0.113	-0.046	0.508	0.42
7RJJ	5M38	A	A	L	F	468	40	44	0.0	0.599	1.059	1.397	0.327
7RJJ	5M38	A	A	P	N	520	92	96	0.4615	0.28	0.072	0.527	1.019
7RJJ	5M38	A	A	N	Q	484	56	60	0.0633	0.036	-0.295	0.283	0.909
7RJJ	5M38	A	A	G	N	479	51	55	0.7765	0.349	-0.808	0.154	0.587
7RJJ	5M38	A	A	N	V	524	96	100	0.1962	0.088	0.242	0.08	0.408
7RJJ	5M38	A	A	S	Y	435	7	11	0.3115	1.197	0.1	0.111	2.066
7RJJ	5M38	A	A	A	V	492	64	68	0.0	0.021	-0.692	-0.089	-0.068
7RJJ	5M38	A	A	G	L	442	14	18	0.5529	-0.223	0.211	-0.611	-1.12
7RJJ	5M38	A	A	R	N	519	91	95	0.3485	-0.068	-0.027	-0.325	-0.07
7RJJ	5M38	A	A	D	L	501	73	77	0.6623	0.448	0.213	-0.038	-0.253
7RJJ	5M38	A	A	A	K	511	83	87	0.0	0.269	0.325	0.545	0.308
7RJJ	5M38	A	A	W	Q	467	39	43	0.1853	-1.456	-0.841	-1.389	-0.948
7RJJ	5M38	A	A	L	Y	438	10	14	0.0	-0.212	0.1	0.3	-0.321
7RJJ	5M38	A	A	R	E	496	68	72	0.0871	0.064	-0.109	0.407	0.011
7RJJ	5M38	A	A	G	N	449	21	25	0.7412	-0.527	0.151	-0.448	-0.31
7RJJ	5M38	A	A	I	R	469	41	45	0.022	-1.596	-0.896	-0.417	-0.534
7RJJ	5M38	A	A	E	T	528	100	104	0.7541	-0.27	-0.187	0.079	0.126
7RJJ	5M38	A	A	V	F	470	42	46	0.0063	0.68	0.008	0.352	0.564
7RJJ	5M38	A	A	P	K	542	114	118	0.2797	0.732	0.006	0.108	0.533
7RJJ	5M38	A	A	Q	W	485	57	61	0.1164	-0.491	1.119	1.233	2.213
7RJJ	5M38	A	A	D	F	504	76	80	0.8411	-0.033	0.176	0.067	-0.321
7RJJ	5M38	A	A	V	A	495	67	71	0.0	-0.999	-0.999	-0.329	-0.325
7RJJ	5M38	A	A	L	E	487	59	63	0.1167	-0.917	-1.425	-1.051	-0.642
7RJJ	5M38	A	A	A	D	531	103	107	0.2478	0.023	0.377	-0.727	-0.07
7RJJ	5M38	A	A	D	R	525	97	101	0.9536	0.157	-0.047	0.304	0.365
7RJJ	5M38	A	A	R	V	432	4	8	0.61	-0.632	0.178	-0.078	-0.084
7RJJ	5M38	A	A	D	I	497	69	73	0.3775	0.523	0.186	0.582	0.724
7RJJ	5M38	A	A	T	K	526	98	102	0.3493	0.304	0.071	0.379	-0.031
7RJJ	5M38	A	A	E	N	537	109	113	0.2404	-0.149	-0.411	-0.61	-1.15
7RJJ	5M38	A	A	L	C	489	61	65	0.0778	-0.273	0.013	-0.196	-1.048
7RJJ	5M38	A	A	G	F	529	101	105	0.0471	1.231	0.19	1.353	0.842
7RJJ	5M38	A	A	K	S	452	24	28	0.872	-0.208	-0.191	-0.373	-0.248
7RJJ	5M38	A	A	R	C	535	107	111	0.0332	-1.134	-0.608	0.163	0.257
7RJJ	5M38	A	A	M	C	499	71	75	0.0	-0.655	-0.783	-0.315	-0.982
7RJJ	5M38	A	A	F	A	510	82	86	0.0138	-2.929	-2.478	-3.293	-3.237
7RJJ	5M38	A	A	C	V	509	81	85	0.0286	0.912	0.774	0.817	-0.194
7RJJ	5M38	A	A	T	E	502	74	78	0.589	-0.055	-0.2	0.449	0.126
7RJJ	5M38	A	A	V	Y	541	113	117	0.0	0.844	-0.249	-0.033	0.311
7RJJ	5M38	A	A	H	I	474	46	50	0.0309	0.857	1.215	0.103	0.798
7RJJ	5M38	A	A	L	W	458	30	34	0.1444	-0.372	1.542	-0.043	-0.814
7RJJ	5M38	A	A	F	G	439	11	15	0.0092	-3.046	-2.142	-2.843	-3.952
7RJJ	5M38	A	A	G	A	503	75	79	0.0471	0.218	0.087	1.001	0.704
7RJJ	5M38	A	A	V	R	536	108	112	0.0	-0.725	-0.057	-0.245	-0.067
7RJJ	5M38	A	A	P	C	506	78	82	0.5105	0.134	-0.054	0.096	0.174
7RJJ	5M38	A	A	D	H	440	12	16	0.5166	0.414	0.456	0.608	-0.497
7RJJ	5M38	A	A	A	E	463	35	39	0.6903	0.439	0.571	0.079	-0.027
7RJJ	5M38	A	A	G	A	473	45	49	0.0	0.187	-0.604	-0.409	-0.404
7RJJ	5M38	A	A	G	C	466	38	42	0.2941	-0.14	-0.658	-1.342	-0.565
7RJJ	5M38	A	A	I	M	538	110	114	0.011	0.185	-1.18	-0.467	-0.715
7RJJ	5M38	A	A	L	G	454	26	30	0.0167	-3.032	-3.275	-3.327	-3.591
7RJJ	5M38	A	A	K	E	443	15	19	0.5166	-0.37	-0.162	-0.256	0.146
7RJJ	5M38	A	A	L	Q	433	5	9	0.0556	-0.276	-1.01	-0.958	-0.755
7RJJ	5M38	A	A	S	Q	539	111	115	0.1475	0.551	0.579	0.328	-0.649
7RJJ	5M38	A	A	E	W	493	65	69	0.2404	0.569	1.431	0.033	0.492
7RJJ	5M38	A	A	K	F	490	62	66	0.3128	-0.072	0.118	0.614	0.168
7RJJ	5M38	A	A	L	Y	540	112	116	0.0111	0.372	0.242	-0.581	0.622
7RJJ	5M38	A	A	D	F	476	48	52	0.053	1.135	0.713	0.806	1.056
7RJJ	5M38	A	A	Y	H	515	87	91	0.0611	-0.293	0.001	-0.471	-0.799
7RJJ	5M38	A	A	V	G	455	27	31	0.3375	-1.031	-0.599	-0.876	-1.199
7RJJ	5M38	A	A	R	S	491	63	67	0.0041	-1.619	-3.073	-2.21	-2.768
7DW4	5G5E	A	A	K	W	175	175	181	0.5687	-0.42	0.16	0.108	-0.804
7DW4	5G5E	A	A	I	F	22	22	28	0.0	-0.942	-1.372	-0.964	-0.59
7DW4	5G5E	A	A	P	F	90	90	96	0.6084	0.19	0.296	0.245	0.301
7DW4	5G5E	A	A	Y	D	158	158	164	0.048	-2.406	-2.678	-3.341	-2.711
7DW4	5G5E	A	A	P	D	50	50	56	0.4895	0.377	1.02	0.49	0.429
7DW4	5G5E	A	A	R	Q	97	97	103	0.4108	-0.095	-0.446	-0.201	-0.441
7DW4	5G5E	A	A	L	N	38	38	44	0.6667	-0.585	-0.658	-0.434	0.1
7DW4	5G5E	A	A	A	K	162	162	168	0.0	0.276	-0.821	0.453	0.064
7DW4	5G5E	A	A	K	F	41	41	47	0.545	-0.03	0.057	-0.066	-0.054
7DW4	5G5E	A	A	L	W	103	103	109	0.0	-0.125	-0.38	-1.397	-1.226
7DW4	5G5E	A	A	A	M	217	217	223	0.3628	1.495	1.702	1.942	1.282
7DW4	5G5E	A	A	P	T	13	13	19	0.1748	-0.455	0.313	-0.214	-0.423
7DW4	5G5E	A	A	D	T	92	92	98	0.457	-0.404	-0.816	-0.304	0.76
7DW4	5G5E	A	A	K	S	143	143	149	0.5308	-0.653	-0.309	0.246	-0.252
7DW4	5G5E	A	A	E	K	77	77	83	0.7049	0.247	-0.271	-0.006	0.075
7DW4	5G5E	A	A	I	S	156	156	162	0.011	-3.686	-2.953	-3.605	-3.595
7DW4	5G5E	A	A	A	S	125	125	131	0.3717	-0.863	-0.348	-0.554	-0.302
7DW4	5G5E	A	A	L	M	58	58	64	0.0	-0.827	-0.389	-0.241	-0.185
7DW4	5G5E	A	A	A	S	96	96	102	0.0531	-0.927	-0.93	-1.336	-0.746
7DW4	5G5E	A	A	K	M	7	7	13	0.2938	0.034	0.076	0.336	-0.996
7DW4	5G5E	A	A	S	M	28	28	34	0.9344	0.716	0.811	0.729	0.493
7DW4	5G5E	A	A	P	V	208	208	214	0.0699	0.44	1.023	0.789	0.895
7DW4	5G5E	A	A	E	Q	132	132	138	0.6066	-0.455	-0.058	-0.342	-0.213
7DW4	5G5E	A	A	W	A	12	12	18	0.3398	-1.553	-2.392	-2.071	-1.034
7DW4	5G5E	A	A	K	S	212	212	218	0.4645	-1.724	-1.523	-1.249	-1.313
7DW4	5G5E	A	A	G	Y	131	131	137	0.0118	-0.252	1.844	0.212	0.698
7DW4	5G5E	A	A	V	M	51	51	57	0.7312	0.084	-0.545	-0.076	-0.224
7DW4	5G5E	A	A	K	M	3	3	9	0.5403	0.035	0.481	0.047	0.818
7DW4	5G5E	A	A	L	T	45	45	51	0.0222	-1.96	-2.929	-3.001	-2.378
7DW4	5G5E	A	A	K	F	27	27	33	0.0711	1.651	-0.964	2.157	1.346
7DW4	5G5E	A	A	P	Y	83	83	89	0.4825	0.615	0.289	0.991	0.344
7DW4	5G5E	A	A	V	H	57	57	63	0.0	-1.016	-0.543	-1.089	-0.953
7DW4	5G5E	A	A	H	A	60	60	66	0.2062	-1.18	-2.223	-1.284	0.137
7DW4	5G5E	A	A	G	Y	153	153	159	0.0706	0.231	0.939	1.139	1.846
7DW4	5G5E	A	A	Y	S	31	31	37	0.1354	-2.46	-1.559	-2.777	-2.764
7DW4	5G5E	A	A	A	L	221	221	227	0.5841	0.784	0.378	-0.151	1.624
7DW4	5G5E	A	A	E	L	211	211	217	0.5683	-0.242	-0.09	-0.159	0.468
7DW4	5G5E	A	A	V	R	206	206	212	0.0563	0.623	0.905	0.928	1.063
7DW4	5G5E	A	A	D	E	89	89	95	0.4437	-0.007	-0.145	0.288	0.179
7DW4	5G5E	A	A	D	L	128	128	134	0.4305	-0.005	-0.022	0.47	0.158
7DW4	5G5E	A	A	A	N	100	100	106	0.0	-1.322	-0.889	-0.553	-1.08
7DW4	5G5E	A	A	V	I	203	203	209	0.0	0.004	-0.274	0.586	0.323
7DW4	5G5E	A	A	D	R	104	104	110	0.2914	0.764	0.92	1.187	0.732
7DW4	5G5E	A	A	L	H	159	159	165	0.0333	-0.506	-0.6	-0.394	-1.197
7DW4	5G5E	A	A	G	E	164	164	170	0.0	-0.987	-1.772	-0.326	-0.262
7DW4	5G5E	A	A	L	A	34	34	40	0.3111	-1.2	-1.107	-0.837	-1.429
7DW4	5G5E	A	A	T	D	187	187	193	0.0	-0.188	-0.708	-0.607	-0.633
7DW4	5G5E	A	A	P	Q	109	109	115	0.3287	1.488	0.083	0.95	0.313
7DW4	5G5E	A	A	L	R	86	86	92	0.0833	-0.728	0.211	2.029	-0.297
7DW4	5G5E	A	A	V	N	29	29	35	0.1062	0.873	-0.753	-0.202	-0.214
7DW4	5G5E	A	A	R	V	21	21	27	0.1701	-0.723	0.428	-0.242	-0.303
7DW4	5G5E	A	A	D	H	76	76	82	0.1523	-1.314	-0.646	0.623	0.692
7DW4	5G5E	A	A	E	F	215	215	221	0.6339	-0.292	-0.202	0.107	0.037
7DW4	5G5E	A	A	A	C	115	115	121	0.8319	0.051	0.643	0.943	0.617
7DW4	5G5E	A	A	H	C	52	52	58	0.4845	0.238	0.392	0.685	0.308
7DW4	5G5E	A	A	K	R	148	148	154	0.3934	0.389	0.222	1.917	0.271
7DW4	5G5E	A	A	K	E	146	146	152	0.6588	-0.658	0.333	-0.069	0.023
7DW4	5G5E	A	A	L	W	190	190	196	0.0	-1.101	-1.644	-1.348	-0.55
7DW4	5G5E	A	A	E	L	209	209	215	0.6995	0.48	0.295	0.346	0.011
7DW4	5G5E	A	A	S	R	145	145	151	0.0328	-0.5	1.529	0.233	1.944
7DW4	5G5E	A	A	R	A	93	93	99	0.278	-0.282	-0.362	-0.732	-1.379
7DW4	5G5E	A	A	L	I	69	69	75	0.1556	-0.555	-0.352	-0.409	0.006
7DW4	5G5E	A	A	L	N	213	213	219	0.0278	-2.219	-1.682	0.473	-2.267
7DW4	5G5E	A	A	Y	T	74	74	80	0.262	-2.693	-1.496	-2.638	-1.95
7DW4	5G5E	A	A	F	C	197	197	203	0.0	0.098	0.516	0.724	0.86
7DW4	5G5E	A	A	I	L	161	161	167	0.0055	-0.347	-0.067	0.721	0.424
7DW4	5G5E	A	A	G	Q	147	147	153	0.8941	-1.346	-1.474	-0.607	-1.597
7DW4	5G5E	A	A	E	W	35	35	41	0.6557	0.801	0.211	0.363	0.59
7DW4	5G5E	A	A	L	Y	8	8	14	0.0	-0.653	-0.746	-1.164	-0.488
7DW4	5G5E	A	A	P	M	64	64	70	0.4755	1.055	0.826	0.669	2.257
7DW4	5G5E	A	A	I	Q	71	71	77	0.0	-1.632	-1.767	-1.81	-1.712
7DW4	5G5E	A	A	P	G	87	87	93	0.2517	-0.896	-0.73	-0.975	-0.587
7DW4	5G5E	A	A	D	I	139	139	145	0.6689	0.383	0.248	0.175	0.125
7DW4	5G5E	A	A	Y	N	102	102	108	0.2096	-1.885	-1.83	-1.723	-1.757
7DW4	5G5E	A	A	N	H	25	25	31	0.3608	0.61	0.757	0.66	0.947
7DW4	5G5E	A	A	C	E	66	66	72	0.2214	0.478	0.525	0.112	0.378
7DW4	5G5E	A	A	A	I	94	94	100	0.469	-0.187	-0.109	-0.111	0.238
7DW4	5G5E	A	A	Q	L	129	129	135	0.4762	0.233	0.441	0.43	0.219
7DW4	5G5E	A	A	K	I	54	54	60	0.4976	0.761	1.031	1.238	0.202
7DW4	5G5E	A	A	L	T	167	167	173	0.0111	-1.97	-2.309	-1.508	-2.033
7DW4	5G5E	A	A	K	H	63	63	69	0.6493	-0.073	-0.548	-0.109	-0.05
7DW4	5G5E	A	A	R	N	19	19	25	0.0	-1.121	-1.39	0.562	0.207
7DW4	5G5E	A	A	G	H	10	10	16	0.0	0.031	-0.346	-0.58	0.601
7DW4	5G5E	A	A	D	S	160	160	166	0.0	0.618	0.699	1.012	0.355
7DW4	5G5E	A	A	L	D	170	170	176	0.0056	-3.788	-3.713	-3.162	-3.632
7DW4	5G5E	A	A	W	F	169	169	175	0.0927	-0.55	-1.608	-1.543	-1.006
7DW4	5G5E	A	A	G	D	157	157	163	0.0118	-0.026	0.327	1.368	0.719
7DW4	5G5E	A	A	P	A	15	15	21	0.0559	0.696	-0.692	0.491	0.953
7DW4	5G5E	A	A	V	H	17	17	23	0.0	-0.87	-1.206	-1.119	-0.908
7DW4	5G5E	A	A	K	L	204	204	210	0.5118	-0.245	0.623	0.535	0.396
7DW4	5G5E	A	A	E	T	105	105	111	0.7432	-0.176	-0.145	0.15	-0.211
7DW4	5G5E	A	A	S	W	14	14	20	0.1311	0.646	0.498	1.243	1.244
7DW4	5G5E	A	A	F	M	151	151	157	0.0505	-0.382	-0.203	-0.169	-1.034
7DW4	5G5E	A	A	P	K	56	56	62	0.028	-0.692	0.172	-1.014	-0.919
7DW4	5G5E	A	A	G	L	178	178	184	0.8118	-0.909	-0.716	-0.439	-0.64
7DW4	5G5E	A	A	S	M	68	68	74	0.041	0.851	1.346	0.933	1.265
7DW4	5G5E	A	A	A	V	194	194	200	0.0177	-0.198	0.835	0.862	1.378
7DW4	5G5E	A	A	A	W	11	11	17	0.3274	1.3	0.216	2.382	0.93
7DW4	5G5E	A	A	M	W	18	18	24	0.0049	-0.266	1.009	1.368	-0.027
7DW4	5G5E	A	A	G	S	39	39	45	1.0471	-1.537	-1.687	-1.021	-0.291
7DW4	5G5E	A	A	L	E	136	136	142	0.4556	-0.249	-0.103	0.471	-0.241
7DW4	5G5E	A	A	F	W	216	216	222	0.2477	0.316	0.804	0.972	0.202
7DW4	5G5E	A	A	L	K	46	46	52	0.3167	-0.388	-0.607	-0.671	0.241
7DW4	5G5E	A	A	I	E	75	75	81	0.0	-1.335	-1.253	-2.039	-1.941
7DW4	5G5E	A	A	E	M	120	120	126	0.6885	-0.213	0.16	-0.286	0.35
7DW4	5G5E	A	A	A	S	122	122	128	0.3451	-0.671	-0.005	-0.28	-0.299
7DW4	5G5E	A	A	W	Y	193	193	199	0.0077	-1.296	-1.007	0.05	-1.211
7DW4	5G5E	A	A	F	W	163	163	169	0.0046	0.284	0.926	0.642	0.45
7DW4	5G5E	A	A	K	C	218	218	224	0.5403	-0.321	-0.249	0.23	0.229
7DW4	5G5E	A	A	K	S	53	53	59	0.4265	-1.346	-1.109	-0.552	-1.072
7DW4	5G5E	A	A	E	S	121	121	127	0.8962	-0.484	-0.361	-0.045	-0.303
7DW4	5G5E	A	A	L	C	134	134	140	0.0	-0.635	-0.791	-0.183	-1.851
7DW4	5G5E	A	A	A	C	117	117	123	0.1858	0.317	0.676	0.366	1.012
7DW4	5G5E	A	A	V	F	130	130	136	0.0	-1.258	-0.893	-1.299	-0.609
7DW4	5G5E	A	A	P	F	201	201	207	0.6503	0.85	0.862	0.308	0.282
7DW4	5G5E	A	A	F	L	166	166	172	0.0	0.103	-0.521	1.06	0.783
7DW4	5G5E	A	A	A	M	202	202	208	0.0796	0.877	-0.231	1.026	0.655
7DW4	5G5E	A	A	E	M	32	32	38	0.4317	0.261	0.471	0.3	1.034
7DW4	5G5E	A	A	K	A	180	180	186	0.7062	-0.049	-0.223	0.076	0.091
7DW4	5G5E	A	A	G	E	82	82	88	0.2824	-0.236	0.206	0.285	0.671
7DW4	5G5E	A	A	T	D	37	37	43	0.6849	0.221	0.229	0.257	0.519
7DW4	5G5E	A	A	Y	I	91	91	97	0.5197	-0.918	-0.576	-0.288	-0.025
7DW4	5G5E	A	A	F	R	98	98	104	0.555	-0.726	-0.522	-0.289	-0.686
7DW4	5G5E	A	A	P	V	188	188	194	0.3147	0.263	0.294	0.724	0.371
7DW4	5G5E	A	A	E	I	36	36	42	0.1421	-0.674	0.759	0.12	0.298
7DW4	5G5E	A	A	S	Q	48	48	54	0.1148	0.471	1.0	0.691	0.678
7DW4	5G5E	A	A	I	M	59	59	65	0.0659	0.152	0.129	0.331	0.13
7DW4	5G5E	A	A	K	V	192	192	198	0.7062	0.022	0.236	-0.17	0.196
7DW4	5G5E	A	A	V	A	179	179	185	0.275	-0.328	-0.92	-0.281	-0.309
7DW4	5G5E	A	A	A	N	101	101	107	0.4602	-0.246	0.085	-0.125	-0.028
7DW4	5G5E	A	A	K	S	124	124	130	0.5166	-1.087	-0.182	-0.29	-0.178
7DW4	5G5E	A	A	D	W	5	5	11	0.6225	-0.181	0.524	-0.808	-0.11
7DW4	5G5E	A	A	W	M	79	79	85	0.1969	-0.893	-0.416	-0.539	-0.194
7DW4	5G5E	A	A	V	F	6	6	12	0.0187	-0.035	-1.118	0.649	1.653
7DW4	5G5E	A	A	E	Y	174	174	180	0.1475	0.671	1.063	0.631	0.705
7DW4	5G5E	A	A	L	Q	24	24	30	0.0	-1.265	-1.368	-1.189	-2.247
7DW4	5G5E	A	A	K	E	106	106	112	0.5308	0.495	-0.177	0.312	-0.014
7DW4	5G5E	A	A	T	N	210	210	216	0.137	-0.419	-0.946	0.056	-0.719
7DW4	5G5E	A	A	L	C	44	44	50	0.3833	-1.028	-0.027	-0.609	-1.072
6ZSX	1CBI	A	A	Q	F	45	45	49	0.1481	0.539	0.802	0.284	0.949
6ZSX	1CBI	A	A	D	W	127	126	131	0.6556	-0.37	-0.019	-0.029	0.77
6ZSX	1CBI	A	A	C	V	95	95	99	0.0	0.094	0.557	0.269	0.115
6ZSX	1CBI	A	A	K	W	30	30	34	0.5118	-0.21	-0.005	-0.024	-0.319
6ZSX	1CBI	A	A	Q	A	97	97	101	0.1005	0.011	-0.063	0.096	0.705
6ZSX	1CBI	A	A	E	K	13	13	17	0.6175	0.421	0.922	0.031	-0.229
6ZSX	1CBI	A	A	L	Q	100	100	104	0.5889	-0.825	-0.234	-0.128	-0.414
6ZSX	1CBI	A	A	F	Q	65	65	69	0.0413	-1.713	-2.436	-1.962	-2.638
6ZSX	1CBI	A	A	A	T	32	32	36	0.2566	-0.136	0.006	0.329	0.243
6ZSX	1CBI	A	A	N	W	64	64	68	0.6709	0.555	0.532	1.055	0.031
6ZSX	1CBI	A	A	A	D	36	36	40	0.0177	0.636	0.002	1.025	0.623
6ZSX	1CBI	A	A	P	Y	1	1	5	0.8392	0.146	0.756	1.111	0.803
6ZSX	1CBI	A	A	V	M	128	127	132	0.225	0.094	0.866	0.618	-0.744
6ZSX	1CBI	A	A	L	T	22	22	26	0.0889	-2.124	-1.463	-2.077	-1.898
6ZSX	1CBI	A	A	R	W	136	135	140	0.4315	0.565	1.249	0.177	-0.443
6ZSX	1CBI	A	A	L	E	113	113	117	0.1111	-0.761	-0.878	-1.11	-0.06
6ZSX	1CBI	A	A	E	F	72	72	76	0.4481	-0.228	0.048	0.122	0.206
6ZSX	1CBI	A	A	T	N	61	61	65	0.3836	0.016	-0.064	-0.337	-0.533
6ZSX	1CBI	A	A	K	W	8	8	12	0.218	-0.341	0.067	0.081	2.123
6ZSX	1CBI	A	A	F	C	15	15	19	0.0367	-1.941	-1.621	-1.466	-1.881
6ZSX	1CBI	A	A	A	Q	35	35	39	0.3894	0.19	0.357	0.939	0.684
6ZSX	1CBI	A	A	V	C	76	76	80	0.3625	-1.024	-1.269	-1.06	-0.449
6ZSX	1CBI	A	A	I	G	63	63	67	0.1593	-2.122	-1.422	-1.463	-1.809
6ZSX	1CBI	A	A	W	S	109	109	113	0.0695	-2.042	-2.142	-2.879	-3.148
6ZSX	1CBI	A	A	L	C	19	19	23	0.0556	-1.933	-1.267	-1.563	-0.038
6ZSX	1CBI	A	A	V	Q	41	41	45	0.025	-0.483	-0.721	-0.87	-1.269
6ZSX	1CBI	A	A	T	A	56	56	60	0.1986	-0.83	-0.06	0.186	-0.197
6ZSX	1CBI	A	A	W	N	7	7	11	0.0077	-1.818	-2.538	-2.69	-1.945
6ZSX	1CBI	A	A	N	H	25	25	29	0.5696	-0.302	0.134	0.428	-0.145
6ZSX	1CBI	A	A	K	L	92	92	96	0.2085	-0.205	0.154	0.41	0.202
6ZSX	1CBI	A	A	S	N	37	37	41	0.7213	-0.383	0.074	0.354	0.256
6ZSX	1CBI	A	A	D	A	77	77	81	0.3841	-0.517	-0.268	-0.718	-0.233
6ZSX	1CBI	A	A	E	W	88	88	92	0.6721	-0.419	0.793	0.142	0.628
6ZSX	1CBI	A	A	D	G	116	116	120	0.9139	-0.361	-0.537	0.088	0.883
6ZSX	1CBI	A	A	W	S	87	87	91	0.3552	-1.316	-1.816	-1.79	-1.847
6ZSX	1CBI	A	A	V	S	33	33	37	0.375	-1.132	-0.743	-0.89	-0.673
6ZSX	1CBI	A	A	T	M	75	75	79	0.0479	0.939	1.511	1.429	0.859
6ZSX	1CBI	A	A	N	R	115	115	119	1.1203	-0.061	-0.186	0.15	0.033
6ZSX	1CBI	A	A	G	K	102	102	106	0.7765	-1.113	-1.365	0.526	0.344
6ZSX	1CBI	A	A	T	N	110	110	114	0.0959	0.241	0.433	-0.002	-0.141
6ZSX	1CBI	A	A	L	R	28	28	32	0.4389	-0.356	-0.236	-0.034	-0.247
6ZSX	1CBI	A	A	K	D	20	20	24	0.6303	-0.142	-0.064	0.051	-0.241
6ZSX	1CBI	A	A	C	L	130	129	134	0.0	0.418	0.534	0.602	0.761
6ZSX	1CBI	A	A	M	E	27	27	31	0.5882	0.06	0.505	0.508	0.589
6ZSX	1CBI	A	A	E	A	90	90	94	0.9071	-0.255	-0.12	-0.844	-0.207
6ZSX	1CBI	A	A	N	T	91	91	95	0.3354	0.678	0.665	-0.275	-0.059
6ZSX	1CBI	A	A	V	T	58	58	62	0.8562	0.092	0.69	-0.252	-0.183
6ZSX	1CBI	A	A	T	G	122	121	126	0.1575	-0.262	-0.307	-0.222	-0.462
6ZSX	1CBI	A	A	N	Y	14	14	18	0.4051	-0.687	-0.147	-0.096	0.166
6ZSX	1CBI	A	A	N	K	2	2	6	0.2785	0.735	0.667	0.341	-0.068
6ZSX	1CBI	A	A	E	K	17	17	21	0.4918	0.385	0.093	-0.214	-0.084
6ZSX	1CBI	A	A	A	D	125	124	129	0.0	-0.404	-0.718	-1.026	0.906
6ZSX	1CBI	A	A	L	N	99	99	103	0.2611	-1.32	-0.779	-1.196	-1.81
6ZSX	1CBI	A	A	K	E	66	66	70	0.3744	0.015	-0.319	0.181	-0.072
6ZSX	1CBI	A	A	V	K	135	134	139	0.2687	0.516	-0.579	0.081	-0.185
6ZSX	1CBI	A	A	T	C	60	60	64	0.5274	0.76	0.461	-0.087	-0.234
6ZSX	1CBI	A	A	E	R	69	69	73	0.5847	0.404	0.575	0.302	0.19
6ZSX	1CBI	A	A	K	D	38	38	42	0.3081	-0.365	-0.162	0.014	-0.036
6ZSX	1CBI	A	A	F	G	71	71	75	0.1147	-1.226	-1.27	-1.761	-0.315
6ZSX	1CBI	A	A	L	Q	18	18	22	0.0056	-2.138	-0.2	-1.907	-2.526
6ZSX	1CBI	A	A	D	F	48	48	52	0.4106	1.343	0.93	1.699	-0.013
6ZSX	1CBI	A	A	I	G	120	119	124	0.1978	-2.189	-2.941	-1.956	-1.141
6ZSX	1CBI	A	A	G	M	23	23	27	0.7647	-0.822	-0.994	-1.006	-1.106
6ZSX	1CBI	A	A	V	L	24	24	28	0.2125	0.415	0.636	0.13	0.366
6ZSX	1CBI	A	A	A	L	34	34	38	0.5929	0.269	-0.285	0.008	0.213
6ZSX	1CBI	A	A	L	S	121	120	125	0.0722	-2.386	-2.49	-3.212	-2.052
6ZSX	1CBI	A	A	R	H	79	79	83	0.3444	-1.208	-1.343	-0.634	-1.292
6ZSX	1CBI	A	A	L	N	119	118	123	0.0	-2.862	-3.303	-2.992	-2.207
6ZSX	1CBI	A	A	G	V	47	47	51	0.7059	0.021	-0.566	0.115	-0.715
6ZSX	1CBI	A	A	F	W	3	3	7	0.0046	-0.728	0.611	0.166	0.597
6ZSX	1CBI	A	A	V	S	129	128	133	0.4	0.086	-1.236	-0.791	0.004
6ZSX	1CBI	A	A	C	D	81	81	85	0.0071	-0.846	-0.45	-0.146	-0.822
6ZSX	1CBI	A	A	T	F	131	130	135	0.2329	0.619	0.201	0.459	0.59
6ZSX	1CBI	A	A	K	H	106	106	110	0.5735	-0.467	0.119	0.2	-0.838
6ZSX	1CBI	A	A	E	T	42	42	46	0.3333	-0.911	-0.249	-0.569	-0.684
6ZSX	1CBI	A	A	S	H	55	55	59	0.2541	0.012	0.269	-0.757	-0.808
6ZSX	1CBI	A	A	I	G	43	43	47	0.0165	-3.304	-3.855	-4.027	-3.378
6ZSX	1CBI	A	A	F	R	50	50	54	0.0092	-0.862	-1.923	-1.522	-1.74
6ZSX	1CBI	A	A	P	F	105	105	109	0.2238	0.154	1.184	1.443	1.096
6ZSX	1CBI	A	A	S	V	12	12	16	0.418	1.513	0.29	1.437	1.482
6ZSX	1CBI	A	A	I	K	52	52	56	0.0275	-1.352	-0.677	-1.053	-1.033
6ZSX	1CBI	A	A	K	G	53	53	57	0.3318	-0.49	-0.768	-0.678	-0.381
6ZSX	1CBI	A	A	E	Q	73	73	77	0.1749	-0.263	0.284	-0.195	0.74
6ZSX	1CBI	A	A	T	L	107	107	111	0.0685	1.121	1.746	1.607	3.033
6ZSX	1CBI	A	A	S	M	83	83	87	0.0	0.339	1.376	1.475	2.043
6ZSX	1CBI	A	A	R	W	29	29	33	0.1245	0.101	-0.28	0.442	-0.034
6ZSX	1CBI	A	A	E	R	112	112	116	0.3333	0.596	1.102	-0.35	0.087
7DWG	4J2F	A	A	K	L	120	121	126	0.4502	-0.063	-0.103	0.64	0.26
7DWG	4J2F	A	A	I	T	53	54	59	0.1209	-1.884	-0.68	-1.883	-1.825
7DWG	4J2F	A	A	A	T	184	187	190	0.5044	-0.41	-0.585	-0.459	-0.374
7DWG	4J2F	A	A	V	I	57	58	63	0.0125	-0.243	0.349	0.356	0.308
7DWG	4J2F	A	A	L	I	162	165	168	0.0	0.455	0.297	0.567	-0.345
7DWG	4J2F	A	A	E	N	65	66	71	0.4044	0.731	-0.76	-0.751	-0.461
7DWG	4J2F	A	A	H	Q	58	59	64	0.2113	-0.84	-0.894	-1.335	-0.393
7DWG	4J2F	A	A	S	W	12	13	18	0.1393	-0.046	0.744	1.255	2.363
7DWG	4J2F	A	A	L	A	36	37	42	0.3889	-1.065	-0.511	-0.549	-0.739
7DWG	4J2F	A	A	E	S	30	31	36	0.5301	-0.13	-0.547	-0.656	-0.365
7DWG	4J2F	A	A	E	T	79	80	85	0.9399	-0.026	0.206	-0.244	-0.101
7DWG	4J2F	A	A	V	A	55	56	61	0.0	-2.539	-3.168	-3.091	-3.33
7DWG	4J2F	A	A	P	N	200	203	206	0.1538	-0.466	0.414	-0.285	1.389
7DWG	4J2F	A	A	R	Q	90	91	96	0.2241	0.163	-0.591	-0.729	-0.624
7DWG	4J2F	A	A	L	E	174	177	180	0.0389	-2.452	-1.775	-2.197	-1.759
7DWG	4J2F	A	A	P	Q	87	88	93	0.7063	0.243	0.424	0.18	0.348
7DWG	4J2F	A	A	P	T	193	196	199	0.4545	0.674	0.498	0.409	0.504
7DWG	4J2F	A	A	L	K	43	44	49	0.0	-1.164	-1.311	-1.496	-1.154
7DWG	4J2F	A	A	S	C	15	16	21	0.0	1.553	1.037	1.758	1.759
7DWG	4J2F	A	A	W	I	161	164	167	0.166	-1.381	-1.226	-0.017	-1.187
7DWG	4J2F	A	A	K	I	141	144	147	0.5213	0.238	0.376	0.245	0.599
7DWG	4J2F	A	A	L	D	182	185	188	0.0	-4.019	-3.662	-3.747	-3.679
7DWG	4J2F	A	A	P	D	84	85	90	0.2448	-0.867	-1.015	-0.186	-1.488
7DWG	4J2F	A	A	E	H	167	170	173	0.7432	0.441	-0.087	-0.286	-0.079
7DWG	4J2F	A	A	G	R	144	147	150	0.3529	1.041	1.937	1.415	0.958
7DWG	4J2F	A	A	F	S	95	96	101	0.5229	-0.587	-0.966	-0.649	-1.306
7DWG	4J2F	A	A	Y	K	29	30	35	0.1921	-1.294	-1.111	-0.722	-0.325
7DWG	4J2F	A	A	L	R	129	130	135	0.0	-2.176	-1.8	-1.721	-1.364
7DWG	4J2F	A	A	K	M	23	24	29	0.455	-0.041	-0.371	0.369	0.498
7DWG	4J2F	A	A	K	Y	25	26	31	0.128	1.298	0.292	2.603	1.424
7DWG	4J2F	A	A	E	S	116	117	122	0.918	-0.217	-0.523	-0.17	0.014
7DWG	4J2F	A	A	G	V	26	27	32	0.8118	-1.261	-0.565	-0.619	-0.958
7DWG	4J2F	A	A	D	G	86	87	92	0.4967	0.379	-0.016	0.214	0.474
7DWG	4J2F	A	A	I	W	19	20	25	0.0934	-0.668	-0.635	-0.157	0.559
7DWG	4J2F	A	A	V	H	171	174	177	0.3	0.337	0.536	0.014	-0.327
7DWG	4J2F	A	A	L	D	83	84	89	0.0389	-1.021	-0.843	-2.386	-3.677
7DWG	4J2F	A	A	E	H	117	118	123	0.5847	-0.411	-0.208	-0.61	-0.175
7DWG	4J2F	A	A	T	G	76	77	82	0.3356	-0.209	-0.423	-0.804	-0.483
7DWG	4J2F	A	A	K	E	5	6	11	0.3081	-0.336	-0.106	0.016	-1.096
7DWG	4J2F	A	A	P	I	62	63	68	0.4336	1.438	1.017	2.748	3.174
7DWG	4J2F	A	A	G	T	138	139	144	0.2	-0.786	0.437	-0.338	-1.169
7DWG	4J2F	A	A	I	F	69	70	75	0.0	-0.478	-0.937	-1.102	-0.699
7DWG	4J2F	A	A	R	S	181	184	187	0.3527	-2.001	-0.141	-1.859	-0.789
7DWG	4J2F	A	A	K	G	130	131	136	0.2796	-1.177	-1.195	-0.41	-1.361
7DWG	4J2F	A	A	A	G	91	92	97	0.3805	-0.235	-0.472	-0.699	-0.608
7DWG	4J2F	A	A	D	C	35	36	41	0.5497	-0.283	-0.342	-0.151	0.252
7DWG	4J2F	A	A	K	Q	196	199	202	0.5498	0.361	0.067	-0.149	0.326
7DWG	4J2F	A	A	W	S	185	188	191	0.0232	-3.088	-2.628	-3.072	-2.143
7DWG	4J2F	A	A	A	W	207	210	213	0.5398	0.029	0.174	-0.512	0.118
7DWG	4J2F	A	A	L	D	22	23	28	0.0	-3.766	-3.659	-3.612	-3.922
7DWG	4J2F	A	A	E	H	133	134	139	0.0109	-1.201	0.433	-0.888	0.026
7DWG	4J2F	A	A	L	T	70	71	76	0.0167	-2.674	-3.336	-2.201	-3.651
7DWG	4J2F	A	A	K	R	39	40	45	0.3412	-0.295	0.586	0.548	-0.427
7DWG	4J2F	A	A	A	F	93	94	99	0.0619	1.277	1.172	1.506	-0.968
7DWG	4J2F	A	A	M	H	205	208	211	0.0196	-1.099	-0.359	-0.537	-1.157
7DWG	4J2F	A	A	P	A	11	12	17	0.014	-0.893	0.475	-0.403	-0.245
7DWG	4J2F	A	A	K	R	51	52	57	0.436	-0.441	0.003	0.242	-0.036
7DWG	4J2F	A	A	F	T	143	146	149	0.0734	-2.219	-2.817	-2.129	-2.393
7DWG	4J2F	A	A	R	A	17	18	23	0.1079	-0.493	-0.841	-0.774	-0.96
7DWG	4J2F	A	A	G	D	8	9	14	0.0	-1.236	-0.554	-0.386	-0.099
7DWG	4J2F	A	A	E	G	75	76	81	0.694	-1.002	-0.616	-0.78	-0.862
7DWG	4J2F	A	A	L	A	44	45	50	0.3889	-1.983	-1.212	-1.544	-1.08
7DWG	4J2F	A	A	G	Y	170	173	176	0.7882	-1.272	-1.221	-0.672	-1.1
7DWG	4J2F	A	A	I	H	63	64	69	0.1374	-0.895	-1.164	-0.473	-0.241
7DWG	4J2F	A	A	E	D	134	135	140	0.5847	-0.056	-0.367	-0.204	0.034
7DWG	4J2F	A	A	N	M	38	39	44	0.7595	0.433	-0.095	0.238	-0.157
7DWG	4J2F	A	A	E	D	127	128	133	0.4973	-0.028	-0.285	-0.752	-0.557
7DWG	4J2F	A	A	E	D	33	34	39	0.4645	-0.455	-0.554	-0.445	-0.88
7DWG	4J2F	A	A	E	I	166	169	172	0.0874	0.685	0.311	0.578	0.669
7DWG	4J2F	A	A	Y	Q	46	47	52	0.1397	-1.9	-2.18	-1.588	-2.183
7DWG	4J2F	A	A	L	G	56	57	62	0.0	-4.119	-4.007	-3.982	-3.633
7DWG	4J2F	A	A	L	K	82	83	88	0.0222	-0.795	-1.162	-0.989	-1.185
7DWG	4J2F	A	A	P	Y	180	183	186	0.5035	0.86	1.114	0.357	0.577
7DWG	4J2F	A	A	V	H	49	50	55	0.7375	0.323	0.076	-0.057	0.055
7DWG	4J2F	A	A	F	E	14	15	20	0.3945	-0.027	0.059	0.124	-0.499
7DWG	4J2F	A	A	W	I	96	97	102	0.1158	0.124	0.261	0.14	-0.142
7DWG	4J2F	A	A	P	F	78	79	84	0.5734	0.942	0.829	0.651	0.408
7DWG	4J2F	A	A	E	Y	191	194	197	0.4918	0.16	-0.039	0.103	-0.085
7DWG	4J2F	A	A	P	E	48	49	54	0.4895	0.801	1.043	0.217	0.503
7DWG	4J2F	A	A	L	N	24	25	30	0.2222	-0.795	-1.155	-0.643	-0.718
7DWG	4J2F	A	A	H	N	183	186	189	0.2835	-0.435	-0.787	-0.129	-0.41
7DWG	4J2F	A	A	G	R	145	148	151	0.2235	0.281	0.236	-0.05	-0.846
7DWG	4J2F	A	A	A	L	21	22	27	0.0088	1.201	0.929	1.125	1.067
7DWG	4J2F	A	A	V	E	173	176	179	0.0437	0.281	-1.135	0.042	-0.744
7DWG	4J2F	A	A	D	S	152	155	158	0.0	-0.231	0.771	0.108	0.121
7DWG	4J2F	A	A	E	W	34	35	40	0.0383	1.706	0.406	0.686	0.917
7DWG	4J2F	A	A	S	A	40	41	46	0.1885	-0.443	-0.131	0.067	-0.539
7DWG	4J2F	A	A	L	N	118	119	124	0.1167	-1.85	-0.898	-0.861	-1.818
7DWG	4J2F	A	A	E	D	71	72	77	0.2623	-1.216	-1.593	-1.32	-1.067
7DWG	4J2F	A	A	Y	A	31	32	37	0.3319	-0.962	-1.646	-1.335	-1.749
7DWG	4J2F	A	A	I	W	153	156	159	0.0055	-0.888	-0.795	-1.557	-0.336
7DWG	4J2F	A	A	L	I	6	7	12	0.0	-0.746	-1.147	0.091	0.231
7DWG	4J2F	A	A	R	H	94	95	100	0.3693	1.03	-0.701	0.185	-1.124
7DWG	4J2F	A	A	A	D	106	107	112	0.1681	-1.267	-1.407	-0.592	0.435
7DWG	4J2F	A	A	G	V	59	60	65	0.6	-0.308	0.184	0.324	-0.317
7DWG	4J2F	A	A	D	I	102	103	108	0.649	0.034	-0.078	0.029	0.062
7DWG	4J2F	A	A	N	E	80	81	86	0.5253	0.043	0.459	0.294	0.382
7DWG	4J2F	A	A	P	R	81	82	87	0.5594	0.19	1.243	0.294	-0.001
7DWG	4J2F	A	A	S	G	66	67	72	0.082	-0.136	-0.143	-0.433	-0.113
7DWG	4J2F	A	A	D	K	139	142	145	0.9669	0.023	-0.22	-0.322	0.065
7DWG	4J2F	A	A	G	W	115	116	121	0.6471	-0.493	-0.457	-0.613	-0.239
7DWG	4J2F	A	A	E	L	119	120	125	0.7213	-0.4	0.077	-0.185	-0.252
7DWG	4J2F	A	A	V	T	151	154	157	0.025	-1.521	-0.887	-0.955	-1.057
7DWG	4J2F	A	A	K	D	61	62	67	0.7014	-0.411	-0.12	-0.143	0.227
7DWG	4J2F	A	A	K	L	52	53	58	0.5213	0.491	1.002	1.85	-0.13
7DWG	4J2F	A	A	A	Q	121	122	127	0.0177	0.8	0.607	0.498	0.978
7DWG	4J2F	A	A	N	L	198	201	204	0.1899	1.805	1.507	0.95	2.767
7DWG	4J2F	A	A	N	Q	47	48	53	0.0443	-0.2	0.253	0.235	0.067
7DWG	4J2F	A	A	P	W	54	55	60	0.035	1.87	1.97	2.288	-0.055
7DWG	4J2F	A	A	E	I	197	200	203	0.7923	0.162	-0.034	-0.263	0.059
7DWG	4J2F	A	A	K	N	123	124	129	0.6351	-0.318	-0.184	0.014	-0.074
7DWG	4J2F	A	A	P	Y	13	14	19	0.1399	1.508	1.772	2.226	2.051
7DWG	4J2F	A	A	W	G	20	21	26	0.0077	-3.678	-2.927	-3.335	-3.386
7DWG	4J2F	A	A	W	G	10	11	16	0.3012	-1.992	-1.459	-1.409	-1.161
7DWG	4J2F	A	A	N	E	188	191	194	0.3038	-0.107	0.536	0.527	0.303
7DWG	4J2F	A	A	E	A	89	90	95	0.6339	0.444	-0.048	0.037	-0.113
7DWG	4J2F	A	A	D	V	203	206	209	0.7748	-0.327	0.127	-0.081	-0.109
7DWG	4J2F	A	A	Y	M	72	73	78	0.2707	-0.084	-0.237	-0.681	-0.285
7DWG	4J2F	A	A	W	D	77	78	83	0.1892	-2.006	-1.265	-2.446	-2.735
7JT4	1F68	A	A	F	K	165	825	118	0.0183	-1.362	0.025	-0.782	-0.796
7JT4	1F68	A	A	Y	M	74	734	27	0.0393	-1.313	-1.474	-1.408	-0.231
7JT4	1F68	A	A	V	I	134	794	87	0.1812	0.352	0.637	1.14	0.144
7JT4	1F68	A	A	Y	G	105	765	58	0.0568	-3.276	-2.073	-2.082	-3.413
7JT4	1F68	A	A	N	Q	143	803	96	0.1456	0.776	-0.067	1.068	0.979
7JT4	1F68	A	A	K	S	170	830	123	0.6256	-0.415	-0.934	-0.287	-0.516
7JT4	1F68	A	A	I	A	109	769	62	0.0385	-1.458	-2.011	-2.414	-2.607
7JT4	1F68	A	A	K	G	168	828	121	0.436	-1.417	-1.451	-1.51	-1.63
7JT4	1F68	A	A	D	E	104	764	57	0.7748	-0.323	0.314	-0.089	-0.383
7JT4	1F68	A	A	A	G	135	795	88	0.4336	-0.729	-0.891	-0.554	-0.318
7JT4	1F68	A	A	V	L	108	768	61	0.4125	0.745	0.086	0.57	0.927
7JT4	1F68	A	A	P	Q	103	763	56	0.6154	0.116	-0.375	0.348	0.664
7JT4	1F68	A	A	C	K	144	804	97	0.0571	0.598	0.977	0.754	0.46
7JT4	1F68	A	A	N	F	148	808	101	0.1772	0.792	0.842	1.213	1.383
7JT4	1F68	A	A	K	E	78	738	31	0.5355	-0.292	-0.673	0.535	-0.229
7JT4	1F68	A	A	P	I	92	752	45	0.1538	1.982	0.915	1.69	2.93
7JT4	1F68	A	A	D	S	151	811	104	0.9139	-0.366	-0.257	-0.38	-0.337
7JT4	1F68	A	A	T	H	117	777	70	0.274	0.641	0.274	0.698	1.8
7JT4	1F68	A	A	E	G	95	755	48	0.694	0.528	0.663	0.48	-1.059
7JT4	1F68	A	A	L	W	77	737	30	0.0056	-1.678	-2.007	-1.618	-1.425
7JT4	1F68	A	A	Y	H	127	787	80	0.0175	-0.717	-1.16	-0.199	-0.877
7JT4	1F68	A	A	A	V	90	750	43	0.0	1.655	1.027	0.691	0.445
7JT4	1F68	A	A	R	C	121	781	74	0.2697	-0.712	-0.617	-0.674	-1.582
7JT4	1F68	A	A	L	S	115	775	68	0.0056	-3.877	-3.713	-3.897	-3.978
7JT4	1F68	A	A	F	I	164	824	117	0.1927	-0.962	-0.687	-0.92	-1.307
7JT4	1F68	A	A	Y	T	126	786	79	0.5371	-1.431	-1.132	-0.588	-1.974
7JT4	1F68	A	A	Y	S	147	807	100	0.2576	-1.456	-1.796	-1.36	-1.849
7JT4	1F68	A	A	Y	G	106	766	59	0.4454	-1.307	-2.5	-1.199	-3.117
7JT4	1F68	A	A	L	G	161	821	114	0.0	-3.809	-3.118	-4.13	-4.08
7JT4	1F68	A	A	L	W	169	829	122	0.0833	-1.111	0.206	0.08	-0.531
7JT4	1F68	A	A	E	W	120	780	73	0.6667	0.393	-0.206	-0.26	0.081
7JT4	1F68	A	A	C	Y	157	817	110	0.0143	1.295	0.053	0.063	0.053
7JT4	1F68	A	A	D	I	114	774	67	0.0596	1.826	1.524	1.872	2.115
7JT4	1F68	A	A	P	M	149	809	102	0.5524	0.033	0.077	-0.171	0.085
7JT4	1F68	A	A	P	W	112	772	65	0.3217	1.689	1.994	1.374	1.997
7JT4	1F68	A	A	F	L	93	753	46	0.0642	-0.341	-0.376	-0.93	-1.149
7JT4	1F68	A	A	A	G	102	762	55	0.0796	0.056	-0.658	-0.595	-0.137
7JT4	1F68	A	A	S	D	152	812	105	0.1066	-0.22	0.417	0.52	0.333
7JT4	1F68	A	A	R	I	145	805	98	0.2075	-0.056	-0.447	-0.188	-0.729
7JT4	1F68	A	A	L	G	81	741	34	0.0056	-4.094	-3.855	-3.49	-4.009
7JT4	1F68	A	A	E	Q	162	822	115	0.2077	-0.356	0.079	-0.542	-0.519
7JT4	1F68	A	A	A	Q	158	818	111	0.0	-0.663	-1.592	0.314	-0.397
7JT4	1F68	A	A	H	Y	87	747	40	0.2474	0.369	0.419	0.672	0.973
7JT4	1F68	A	A	P	Q	96	756	49	0.4615	-0.113	0.179	0.128	0.478
7JT4	1F68	A	A	V	R	97	757	50	0.2562	0.906	0.551	1.101	0.808
7JT4	1F68	A	A	F	K	133	793	86	0.0046	0.443	0.392	0.333	-0.69
7JT4	1F68	A	A	D	F	136	796	89	0.0397	1.542	1.092	0.837	0.202
7JT4	1F68	A	A	R	N	125	785	78	0.4149	-0.967	-0.698	-1.37	-0.959
7JT4	1F68	A	A	M	N	118	778	71	0.0	-1.274	-0.504	-1.501	-1.619
7NIN	5NLT	A	A	S	K	77	78	77	0.459	0.859	-0.456	0.802	0.137
7NIN	5NLT	A	A	E	C	63	64	63	0.0	-0.83	-0.878	0.707	0.448
7NIN	5NLT	A	A	P	G	81	82	81	0.007	0.069	-1.28	-1.358	0.554
7NIN	5NLT	A	A	W	H	218	222	218	0.1429	-1.709	-1.547	-0.605	-1.218
7NIN	5NLT	A	A	V	Y	52	53	52	0.0375	-0.495	-0.244	0.265	0.506
7NIN	5NLT	A	A	D	Q	58	59	58	0.1523	-0.09	0.297	-0.179	0.573
7NIN	5NLT	A	A	E	W	148	153	148	0.2896	0.615	0.197	0.514	1.314
7NIN	5NLT	A	A	N	Q	156	161	156	0.3418	-0.351	0.525	-0.34	-0.166
7NIN	5NLT	A	A	G	N	93	97	93	0.0	-1.784	-0.869	-0.521	0.77
7NIN	5NLT	A	A	P	V	134	139	134	0.4755	0.041	0.834	-0.03	0.201
7NIN	5NLT	A	A	A	Q	183	189	183	0.823	-0.471	0.204	-0.563	-0.164
7NIN	5NLT	A	A	V	E	115	119	115	0.0	-1.65	-1.152	-2.397	-2.845
7NIN	5NLT	A	A	N	L	42	42	42	0.0633	0.534	0.579	1.931	2.244
7NIN	5NLT	A	A	I	W	82	83	82	0.0	1.024	-0.084	0.5	0.448
7NIN	5NLT	A	A	P	N	25	25	25	0.0839	0.803	1.015	0.39	1.454
7NIN	5NLT	A	A	Y	A	203	208	203	0.6332	-0.406	0.09	-0.417	-0.498
7NIN	5NLT	A	A	P	N	196	201	196	0.4755	-0.1	0.275	0.156	0.54
7NIN	5NLT	A	A	G	A	135	140	135	0.3412	-0.843	-0.625	-0.67	1.955
7NIN	5NLT	A	A	F	C	187	192	187	0.0183	-0.35	-0.723	-0.219	-0.154
7NIN	5NLT	A	A	G	W	160	165	160	0.0	-0.504	-1.221	0.021	-0.754
7NIN	5NLT	A	A	P	M	180	186	180	0.5804	0.02	0.62	0.122	-0.223
7NIN	5NLT	A	A	F	N	163	168	163	0.0046	-3.178	-2.263	-2.494	-2.854
7NIN	5NLT	A	A	V	L	7	7	7	0.0	0.093	0.786	0.206	0.455
7NIN	5NLT	A	A	N	Y	19	19	19	0.5	0.821	0.697	0.043	0.248
7NIN	5NLT	A	A	F	Y	62	63	62	0.0	-0.19	-0.233	-0.496	0.21
7NIN	5NLT	A	A	T	W	61	62	61	0.0	0.057	0.317	-0.248	0.076
7NIN	5NLT	A	A	I	T	86	87	86	0.0	-2.124	-1.211	-2.395	-0.903
7NIN	5NLT	A	A	G	C	197	202	197	0.0824	-0.287	0.004	0.987	1.799
7NIN	5NLT	A	A	D	E	72	73	72	0.5762	0.021	0.694	-0.598	0.629
7NIN	5NLT	A	A	Y	W	164	169	164	0.0087	1.252	1.005	0.049	0.807
7NIN	5NLT	A	A	T	E	2	2	2	0.0274	0.869	0.176	-1.052	0.477
7NIN	5NLT	A	A	Y	M	210	214	210	0.083	-0.26	-0.239	0.355	-0.137
7NIN	5NLT	A	A	C	T	167	172	167	0.0	0.509	-0.723	0.361	-0.75
7NIN	5NLT	A	A	S	Q	36	36	36	0.1311	0.559	0.378	0.012	-0.24
7NIN	5NLT	A	A	L	N	60	61	60	0.0	-2.948	-2.729	-2.496	-3.26
7NIN	5NLT	A	A	Q	E	169	174	169	0.0741	-0.717	0.05	-1.018	-0.422
7NIN	5NLT	A	A	K	T	32	32	32	0.1801	-1.357	-1.03	-0.959	-0.584
7NIN	5NLT	A	A	R	I	23	23	23	0.029	0.464	0.357	-0.106	-0.367
7NIN	5NLT	A	A	E	F	142	147	142	0.0109	1.315	1.023	1.615	1.722
7NIN	5NLT	A	A	V	G	12	12	12	0.575	-0.382	-0.075	0.076	-0.208
7NIN	5NLT	A	A	Y	R	191	196	191	0.0262	-0.806	-1.331	-0.78	-0.298
7NIN	5NLT	A	A	N	T	27	27	27	0.4367	-0.161	0.126	0.102	1.148
7NIN	5NLT	A	A	I	K	73	74	73	0.0055	0.406	0.66	-0.161	0.515
7NIN	5NLT	A	A	Y	I	65	66	65	0.0786	-0.771	-0.452	-1.377	-0.43
7NIN	5NLT	A	A	I	N	143	148	143	0.0	-2.235	-2.324	-2.36	-2.614
7NIN	5NLT	A	A	I	W	74	75	74	0.011	0.426	0.814	-0.574	0.849
7NIN	5NLT	A	A	V	I	48	49	48	0.0375	1.049	0.724	0.472	0.136
7NIN	5NLT	A	A	A	R	161	166	161	0.0531	0.403	0.548	1.093	0.416
7NIN	5NLT	A	A	H	A	147	152	147	0.1237	-0.442	0.385	-0.566	-0.558
7NIN	5NLT	A	A	A	L	114	118	114	0.0	-0.42	1.242	0.349	1.252
7NIN	5NLT	A	A	D	I	116	120	116	0.2252	0.662	0.597	0.42	0.247
7NIN	5NLT	A	A	Q	M	162	167	162	0.0635	0.926	0.826	0.066	1.189
7NIN	5NLT	A	A	S	Y	166	171	166	0.041	1.916	3.045	2.689	1.83
7NIN	5NLT	A	A	I	H	119	123	119	0.2253	-0.055	-0.664	-0.671	0.11
7NIN	5NLT	A	A	P	Y	26	26	26	0.7203	0.3	0.435	-0.172	-0.56
7NIN	5NLT	A	A	E	Y	103	107	103	0.2787	0.998	1.188	1.11	-0.133
7NIN	5NLT	A	A	P	E	49	50	49	0.7832	0.323	-0.256	0.714	-0.084
7NIN	5NLT	A	A	G	S	11	11	11	0.4118	-1.093	-1.322	-1.16	-0.961
7NIN	5NLT	A	A	Q	E	14	14	14	0.381	0.428	0.084	0.549	0.135
7NIN	5NLT	A	A	A	G	87	88	87	0.0	-0.303	-0.44	-0.527	0.2
7NIN	5NLT	A	A	S	Y	91	92	91	0.2459	0.782	-0.057	0.658	0.533
7NIN	5NLT	A	A	P	S	37	37	37	0.6713	-0.305	1.177	-0.221	0.096
7NIN	5NLT	A	A	D	A	16	16	16	0.4238	-0.407	-0.096	-0.231	0.082
7NIN	5NLT	A	A	P	D	157	162	157	0.5315	0.581	0.523	0.214	0.489
7NIN	5NLT	A	A	P	W	215	219	215	0.1958	0.344	-0.456	0.187	1.137
7NIN	5NLT	A	A	D	I	71	72	71	0.2649	0.538	0.149	0.476	-0.03
7NIN	5NLT	A	A	A	D	56	57	56	0.1858	0.818	0.155	0.321	0.061
7NIN	5NLT	A	A	L	G	118	122	118	0.0	-3.918	-3.471	-4.103	-3.608
7NIN	5NLT	A	A	G	A	15	15	15	0.3059	-0.488	-1.19	-0.272	0.451
7NIN	5NLT	A	A	D	H	177	183	177	0.4106	0.275	0.068	0.044	0.589
7NIN	5NLT	A	A	K	D	100	104	100	0.0284	-1.533	-1.071	-1.308	-2.149
7NIN	5NLT	A	A	W	A	113	117	113	0.0695	-1.989	-0.483	-1.221	-0.223
7NIN	5NLT	A	A	P	D	213	217	213	0.014	-1.651	-0.58	-0.907	-0.498
7NIN	5NLT	A	A	D	A	13	13	13	0.1788	-0.339	-0.646	-0.382	-0.798
7NIN	5NLT	A	A	R	L	69	70	69	0.2116	-0.614	0.079	-0.58	0.169
7NIN	5NLT	A	A	R	I	140	145	140	0.0	0.22	0.499	0.252	0.028
7NIN	5NLT	A	A	F	E	200	205	200	0.1239	-1.333	-2.317	-1.493	-0.414
7NIN	5NLT	A	A	L	G	34	34	34	0.0889	-3.102	-2.851	-2.551	-1.405
7NIN	5NLT	A	A	W	T	64	65	64	0.0077	-1.396	-1.087	-1.44	-1.827
7NIN	5NLT	A	A	S	I	209	213	209	0.5328	0.926	0.147	0.732	0.242
7NIN	5NLT	A	A	W	K	8	8	8	0.0425	-1.714	-0.748	-2.138	-2.331
7NIN	5NLT	A	A	P	C	30	30	30	0.2028	0.066	0.904	0.835	1.364
7NIN	5NLT	A	A	G	N	123	127	123	0.0	-2.05	-1.417	-1.605	-1.04
7NIN	5NLT	A	A	G	F	57	58	57	0.4824	-1.279	-0.607	-1.604	1.55
7NIN	5NLT	A	A	P	E	130	134	130	0.0	-0.269	0.202	0.961	0.371
7NIN	5NLT	A	A	H	M	78	79	78	0.067	0.748	0.152	-0.137	0.436
7NIN	5NLT	A	A	G	Q	95	99	95	0.5059	-0.953	-1.096	-0.725	-1.047
7NIN	5NLT	A	A	N	R	10	10	10	0.5696	0.37	0.131	0.092	0.138
7NIN	5NLT	A	A	I	A	198	203	198	0.0275	-1.896	-2.794	-2.077	-3.319
7NIN	5NLT	A	A	Y	I	137	142	137	0.0655	-0.061	0.055	-0.718	-0.263
7NIN	5NLT	A	A	G	V	80	81	80	0.0	0.245	-0.38	0.361	0.652
7NIN	5NLT	A	A	V	H	97	101	97	0.1938	-0.226	0.007	0.077	0.577
7NIN	5NLT	A	A	V	T	217	221	217	0.3812	-0.375	-0.806	0.008	-0.317
7NIN	5NLT	A	A	A	N	145	150	145	0.0	0.422	-1.297	-1.676	0.696
7NIN	5NLT	A	A	I	C	22	22	22	0.0055	-1.124	-1.573	-1.349	-1.037
7NIN	5NLT	A	A	Y	D	106	110	106	0.2576	-1.458	-1.859	-0.888	-0.067
7NIN	5NLT	A	A	R	A	159	164	159	0.2863	-0.399	-0.471	-0.19	-0.33
7NIN	5NLT	A	A	Y	D	21	21	21	0.0393	-3.428	-3.314	-2.588	-3.915
7NIN	5NLT	A	A	T	S	204	209	204	0.7055	-0.059	-0.361	-0.717	-0.095
7NIN	5NLT	A	A	V	L	9	9	9	0.075	0.722	0.658	-0.143	0.088
7NIN	5NLT	A	A	V	D	43	43	43	0.4313	-0.393	-0.387	-0.196	-0.991
7NIN	5NLT	A	A	D	V	150	155	150	0.3907	-0.053	-0.042	0.77	0.044
7NIN	5NLT	A	A	S	M	194	199	194	0.8852	-0.134	-0.096	0.121	-0.267
7NIN	5NLT	A	A	G	A	17	17	17	0.0	0.82	0.641	0.833	0.008
7NIN	5NLT	A	A	C	H	41	41	41	0.0	0.529	-0.052	0.062	-1.2
7NIN	5NLT	A	A	W	A	98	102	98	0.0	-3.244	-3.616	-3.823	-1.838
7EHF	4RWZ	A	A	A	Y	86	85	86	0.1239	0.707	0.831	1.579	0.458
7EHF	4RWZ	A	A	D	Y	147	146	147	0.2781	0.301	0.26	0.923	-0.186
7EHF	4RWZ	A	A	A	K	152	151	152	0.4425	0.074	-0.114	1.024	0.488
7EHF	4RWZ	A	A	I	C	53	52	53	0.0055	-0.915	-1.881	-1.346	-1.11
7EHF	4RWZ	A	A	L	T	168	167	168	0.0056	-1.267	-2.321	-0.793	-1.866
7EHF	4RWZ	A	A	P	N	73	72	73	0.6713	0.06	0.003	0.264	0.437
7EHF	4RWZ	A	A	S	W	110	109	110	0.6311	-0.041	1.137	0.614	0.288
7EHF	4RWZ	A	A	L	T	156	155	156	0.0167	-1.833	-0.279	-2.464	-0.023
7EHF	4RWZ	A	A	D	A	49	48	49	0.6291	-0.121	-0.194	-0.03	0.066
7EHF	4RWZ	A	A	L	V	82	81	82	0.0056	-0.199	-0.035	0.456	0.352
7EHF	4RWZ	A	A	A	V	175	174	175	0.1062	0.498	0.862	0.524	2.173
7EHF	4RWZ	A	A	F	W	83	82	83	0.0046	0.67	0.538	0.744	1.233
7EHF	4RWZ	A	A	R	E	38	37	38	0.4523	0.28	-0.2	-0.317	-0.257
7EHF	4RWZ	A	A	V	T	84	83	84	0.0	-0.695	-1.065	-1.112	-2.363
7EHF	4RWZ	A	A	G	M	54	53	54	0.0	1.191	0.971	1.418	1.227
7EHF	4RWZ	A	A	T	K	103	102	103	0.0822	0.391	0.904	0.1	0.595
7EHF	4RWZ	A	A	L	Y	111	110	111	0.0944	-0.033	-1.018	0.081	0.038
7EHF	4RWZ	A	A	D	S	31	30	31	0.0331	-0.661	-0.066	-1.055	-0.445
7EHF	4RWZ	A	A	P	H	79	78	79	0.5175	0.837	1.103	0.541	0.518
7EHF	4RWZ	A	A	G	R	37	36	37	0.0	-0.83	-1.038	-0.617	-0.369
7EHF	4RWZ	A	A	R	W	127	126	127	0.2075	0.578	0.505	0.511	-0.638
7EHF	4RWZ	A	A	A	E	96	95	96	0.354	1.059	0.458	1.001	1.498
7EHF	4RWZ	A	A	R	E	15	14	15	0.3444	-0.31	0.06	0.217	0.207
7EHF	4RWZ	A	A	R	S	173	172	173	0.3859	-0.437	-1.536	-0.868	-1.531
7EHF	4RWZ	A	A	L	E	91	90	91	0.15	0.034	-1.039	-1.028	-1.105
7EHF	4RWZ	A	A	G	L	155	154	155	0.4706	-1.025	-0.351	-0.69	-0.058
7EHF	4RWZ	A	A	F	T	39	38	39	0.1468	-2.087	-1.02	-1.424	-2.019
7EHF	4RWZ	A	A	S	R	66	65	66	0.0082	0.606	1.255	-0.063	0.433
7EHF	4RWZ	A	A	N	R	105	104	105	0.1076	0.148	1.272	0.811	1.042
7EHF	4RWZ	A	A	E	V	19	18	19	0.5191	-0.651	-0.615	-0.114	-0.631
7EHF	4RWZ	A	A	T	K	14	13	14	0.3288	0.562	0.268	0.138	0.469
7EHF	4RWZ	A	A	A	D	81	80	81	0.0	-0.664	-0.796	-0.908	-0.737
7EHF	4RWZ	A	A	R	Q	71	70	71	0.5519	-0.657	-0.067	-0.28	0.077
7EHF	4RWZ	A	A	G	H	77	76	77	0.0706	2.111	1.717	1.339	1.033
7EHF	4RWZ	A	A	L	F	95	94	95	0.0	-0.305	-1.169	-1.001	-0.966
7EHF	4RWZ	A	A	L	S	136	135	136	0.0	-4.062	-3.707	-3.701	-3.368
7EHF	4RWZ	A	A	P	A	107	106	107	0.0699	-0.692	-0.725	-0.838	-0.404
7EHF	4RWZ	A	A	K	V	72	71	72	0.8246	0.158	-0.039	0.404	-0.117
7EHF	4RWZ	A	A	I	G	30	29	30	0.0055	-3.939	-3.874	-4.16	-3.991
7EHF	4RWZ	A	A	D	I	36	35	36	0.3113	0.369	0.425	0.819	0.391
7EHF	4RWZ	A	A	L	I	159	158	159	0.2222	0.493	-0.562	0.477	-0.144
7EHF	4RWZ	A	A	L	Y	112	111	112	0.0167	0.38	-0.192	-0.379	0.747
7EHF	4RWZ	A	A	G	L	176	175	176	0.1882	0.204	-0.44	-0.254	0.194
7EHF	4RWZ	A	A	S	K	8	9	8	0.8033	-0.159	0.05	-0.153	-0.131
7EHF	4RWZ	A	A	L	Q	117	116	117	0.3167	-0.339	-1.085	-0.478	-0.774
7EHF	4RWZ	A	A	A	S	114	113	114	0.0	-1.637	-1.489	-1.288	-1.305
7EHF	4RWZ	A	A	G	A	134	133	134	0.0941	0.385	0.396	0.535	0.625
7EHF	4RWZ	A	A	V	N	130	129	130	0.0063	-0.893	-0.283	-0.036	-1.287
7EHF	4RWZ	A	A	A	H	99	98	99	0.0	-0.828	-0.716	-0.765	-0.472
7EHF	4RWZ	A	A	R	W	153	152	153	0.7469	0.156	0.136	-0.008	0.456
7EHF	4RWZ	A	A	G	Y	76	75	76	0.6118	-1.481	-1.412	0.654	1.708
7EHF	4RWZ	A	A	P	H	132	131	132	0.7133	1.198	2.112	1.826	0.571
7EHF	4RWZ	A	A	G	Y	133	132	133	0.6	0.484	-0.508	0.822	-0.575
7EHF	4RWZ	A	A	L	Q	123	122	123	0.0	-0.932	-1.728	-2.161	-1.566
7EHF	4RWZ	A	A	W	Q	108	107	108	0.4903	-0.389	-0.95	-0.758	-0.083
7EHF	4RWZ	A	A	E	I	178	177	178	0.3443	0.018	-0.098	0.105	0.313
7EHF	4RWZ	A	A	L	A	154	153	154	0.1444	-2.362	0.06	-2.021	0.075
7EHF	4RWZ	A	A	L	I	18	17	18	0.0167	-0.715	-0.258	-0.057	-0.579
7EHF	4RWZ	A	A	W	L	11	12	11	0.5714	-1.499	-1.197	0.479	-1.347
7EHF	4RWZ	A	A	T	H	34	33	34	0.0479	0.909	1.568	1.775	0.728
7EHF	4RWZ	A	A	E	H	94	93	94	0.1749	1.465	-0.447	0.687	2.136
7EHF	4RWZ	A	A	Y	F	172	171	172	0.0	0.019	-0.056	0.121	0.102
7EHF	4RWZ	A	A	L	Y	129	128	129	0.0222	0.254	-0.625	-0.244	-0.459
7EHF	4RWZ	A	A	A	I	74	73	74	0.9292	-0.089	0.21	-0.377	-0.222
7EHF	4RWZ	A	A	G	T	33	32	33	0.1412	0.779	0.25	1.499	0.669
7EHF	4RWZ	A	A	N	D	80	79	80	0.057	-0.385	-0.412	-0.061	-0.487
7EHF	4RWZ	A	A	A	C	171	170	171	0.1504	0.644	0.306	0.479	0.453
7EHF	4RWZ	A	A	A	F	44	43	44	0.0088	-0.551	-0.47	-0.06	-1.301
7EHF	4RWZ	A	A	T	F	50	49	50	0.0548	0.287	1.756	0.818	0.472
7EHF	4RWZ	A	A	Q	F	4	4	4	0.1217	0.942	1.402	2.257	0.725
7EHF	4RWZ	A	A	V	H	28	27	28	0.05	0.003	-0.942	1.025	0.783
7EHF	4RWZ	A	A	E	I	135	134	135	0.3552	-0.279	1.293	0.074	-0.194
7EHF	4RWZ	A	A	P	Q	118	117	118	0.1399	-0.016	0.165	-0.115	0.065
7EHF	4RWZ	A	A	R	M	128	127	128	0.6183	-0.103	-0.749	-0.161	-0.205
7EHF	4RWZ	A	A	G	K	35	34	35	0.2588	0.35	0.562	0.921	1.088
7EHF	4RWZ	A	A	M	W	1	1	1	0.5784	0.26	-0.386	-0.369	-0.137
7EHF	4RWZ	A	A	V	T	122	121	122	0.0063	-0.883	-1.399	-0.425	-1.369
7EHF	4RWZ	A	A	D	F	56	55	56	0.0728	-0.007	0.453	0.048	1.266
7EHF	4RWZ	A	A	V	M	40	39	40	0.0	0.152	-0.043	0.895	0.526
7EHF	4RWZ	A	A	P	D	92	91	92	0.1538	0.698	-0.476	0.951	-0.051
7JLZ	7EHF	A	A	L	Q	17	18	17	0.0056	-2.191	-2.057	-2.115	-2.164
7JLZ	7EHF	A	A	D	C	95	100	95	0.3245	0.414	0.341	0.002	0.155
7JLZ	7EHF	A	A	K	V	70	75	70	0.3649	0.19	0.215	0.87	0.156
7JLZ	7EHF	A	A	E	H	116	121	116	0.4372	-0.136	0.285	0.046	-0.363
7JLZ	7EHF	A	A	G	Q	32	33	32	0.1529	0.148	0.919	0.431	0.549
7JLZ	7EHF	A	A	T	W	33	34	33	0.0479	1.523	0.896	1.178	1.615
7JLZ	7EHF	A	A	G	A	104	109	104	0.6353	0.325	0.179	0.17	1.05
7JLZ	7EHF	A	A	T	F	98	103	98	0.0	-0.151	1.11	0.544	0.351
7JLZ	7EHF	A	A	R	L	37	38	37	0.0871	-0.857	0.162	-0.679	-0.046
7JLZ	7EHF	A	A	V	F	39	40	39	0.0	-1.525	0.163	0.426	-0.052
7JLZ	7EHF	A	A	A	V	43	44	43	0.0088	-1.481	0.045	0.344	-0.163
7JLZ	7EHF	A	A	I	L	52	53	52	0.0	-0.053	-0.116	0.407	-0.232
7JLZ	7EHF	A	A	D	S	35	36	35	0.4106	-1.243	-0.544	-0.863	-0.161
7JLZ	7EHF	A	A	P	G	56	61	56	0.4685	-0.641	-0.59	0.368	-0.675
7JLZ	7EHF	A	A	L	A	101	106	101	0.0667	-2.052	-2.285	-1.496	-1.822
7JLZ	7EHF	A	A	E	D	132	137	132	0.0219	-0.535	-1.1	-1.231	-0.83
7JLZ	7EHF	A	A	G	I	6	7	6	0.0471	0.549	0.038	0.736	0.229
7JLZ	7EHF	A	A	R	C	66	71	66	0.4025	-0.673	-0.525	-0.478	-0.172
7JLZ	7EHF	A	A	T	F	49	50	49	0.1027	0.487	0.287	1.249	-0.935
7JLZ	7EHF	A	A	P	G	113	118	113	0.1469	0.222	-0.504	-1.099	-1.225
7JLZ	7EHF	A	A	P	R	102	107	102	0.5105	1.859	-1.053	0.494	-0.438
7JLZ	7EHF	A	A	E	K	89	94	89	0.2295	-0.977	-0.145	0.001	0.241
7JLZ	7EHF	A	A	K	H	2	3	2	0.4028	-0.219	0.097	1.299	0.175
7JLZ	7EHF	A	A	V	W	27	28	27	0.0375	1.011	1.625	2.079	1.154
7JLZ	7EHF	A	A	P	N	87	92	87	0.0839	0.607	0.4	-0.384	-1.028
7JLZ	7EHF	A	A	A	V	76	81	76	0.115	2.075	2.239	2.07	0.784
7JLZ	7EHF	A	A	I	F	54	55	54	0.0	-0.407	-1.075	-1.119	1.529
7JLZ	7EHF	A	A	K	S	126	131	126	0.4218	-0.1	-0.42	-0.626	0.322
7JLZ	7EHF	A	A	D	M	30	31	30	0.0	1.87	1.105	1.587	1.848
7JLZ	7EHF	A	A	L	D	31	32	31	0.0056	-3.972	-1.834	-2.088	-3.034
7JLZ	7EHF	A	A	G	Q	129	134	129	0.0118	1.159	1.215	2.286	0.843
7JLZ	7EHF	A	A	I	W	121	126	121	0.0055	-1.159	-1.215	-1.11	-0.748
7JLZ	7EHF	A	A	G	I	34	35	34	0.4941	-0.707	0.247	0.465	0.906
7JLZ	7EHF	A	A	K	I	67	72	67	0.3175	-0.37	0.429	0.197	0.064
7JLZ	7EHF	A	A	I	C	9	10	9	0.3736	-0.255	-0.219	-0.276	-0.668
7JLZ	7EHF	A	A	N	E	75	80	75	0.0696	0.518	0.467	1.102	-0.06
7JLZ	7EHF	A	A	S	Q	105	110	105	0.1803	-0.408	0.292	0.418	0.196
7JLZ	7EHF	A	A	E	C	16	17	16	0.5082	-0.255	-0.405	-0.149	0.254
7JLZ	7EHF	A	A	E	I	84	89	84	0.5246	-0.055	0.066	-0.093	0.112
7JLZ	7EHF	A	A	L	H	106	111	106	0.0111	-0.335	-0.167	-1.228	-0.288
7JLZ	7EHF	A	A	Y	K	24	25	24	0.2052	0.252	-0.577	-0.262	-0.205
7JLZ	7EHF	A	A	L	H	107	112	107	0.1444	-0.333	-1.01	-1.352	-0.712
7JLZ	7EHF	A	A	V	H	134	139	134	0.0125	-1.996	-0.683	-1.719	-2.331
7JLZ	7EHF	A	A	G	F	53	54	53	0.0	1.172	0.61	0.417	1.559
7JLZ	7EHF	A	A	K	S	44	45	44	0.4597	-1.264	-0.94	-1.168	-1.293
7JLZ	7EHF	A	A	L	R	90	95	90	0.0	-2.105	-1.546	-1.546	-1.602
7JLZ	7EHF	A	A	K	T	59	64	59	0.8009	-0.042	-0.364	-0.374	0.036
7JLZ	7EHF	A	A	W	L	103	108	103	0.0309	-1.687	-0.413	-0.959	-0.94
7JLZ	7EHF	A	A	G	N	36	37	36	0.0	-1.538	-1.71	-0.771	1.044
7JLZ	7EHF	A	A	A	I	94	99	94	0.0	-0.011	0.479	0.642	0.957
